{"type":"FeatureCollection","features":[{"type":"Feature","properties":{"role":"new_land_locations","status":"static difference, not crust provenance"},"geometry":{"type":"MultiPolygon","coordinates":[[[[-73.7441816399358,-40.06355149173085],[-73.80936527451632,-40.1914441360261],[-73.86743026243687,-40.32135541715055],[-73.91823051867834,-40.45304964981516],[-73.96163096031624,-40.586286589098705],[-73.9975079933752,-40.72082179446724],[-74.02575000282214,-40.85640700894263],[-74.04625784390998,-40.99279055357067],[-74.05894533283217,-41.12971773729267],[-74.063739734387,-41.26693128226712],[-74.06058224408548,-41.40417176462152],[-74.04942846186792,-41.54117807053817],[-74.03024885432815,-41.6776878674896],[-74.00302920208306,-41.81343809034209],[-73.96777102867418,-41.94816544193647],[-73.92449200715208,-42.08160690763626],[-73.8732263402792,-42.213500283203956],[-73.81402511009702,-42.34358471522721],[-73.7469565924469,-42.47160125316865],[-73.71823218223948,-42.51983679370493],[-73.8777148598607,-42.53843486923335],[-74.1958107450388,-42.81271870860401],[-74.17767870819743,-43.23036993907471],[-74.60733833092598,-43.823519996772134],[-74.75684355652032,-44.13462974291904],[-75.02197055328935,-44.31666395198202],[-75.60216299846991,-44.50613789084681],[-75.8163378163103,-44.78307313798588],[-75.93393105653438,-45.0540706127151],[-76.38794614451021,-45.49906271863284],[-77.12120902285524,-46.02446384754119],[-78.14768891959001,-46.25954293490978],[-78.63423826356244,-46.484722299120435],[-79.3028448368816,-47.07133495440804],[-79.75047040570213,-47.83359978363727],[-79.80730553682028,-48.10858597042735],[-80.64355422064651,-48.85475120110764],[-81.32123625482372,-49.76155809440518],[-82.34938582872114,-50.74438107574482],[-82.9429920647691,-51.81435333269353],[-82.88752084531029,-52.07352064809387],[-82.89952820009167,-52.267796822087284],[-82.12740128766293,-53.21144873521626],[-81.51121907418334,-53.86551287683538],[-80.96090560932993,-55.014480722433056],[-80.79372916247749,-55.645967076831944],[-80.97654280014305,-56.36063465987206],[-80.8492731500417,-56.808592513139516],[-81.15300736486671,-57.726479748334064],[-80.37579802014655,-58.57625892426012],[-79.56055310564106,-59.07240336611472],[-77.88729020124077,-60.51059526126378],[-77.14422728973007,-61.256223515398425],[-76.55523589896096,-62.03748780745443],[-76.15717122812165,-62.89528550380667],[-75.76857437209928,-63.621556250524804],[-76.89512751443924,-64.45025293591188],[-78.40653360604469,-64.9123956563719],[-79.65636269812836,-65.54646645920526],[-79.38320022576374,-66.33656046365275],[-78.6615209250052,-66.67487858686262],[-78.61829011755323,-67.05639890152547],[-77.16789594498567,-68.00158491126102],[-77.89746763680783,-68.04595057437477],[-78.14342723995011,-68.32407940299777],[-79.24283378529096,-68.60534198466142],[-79.4881432241088,-69.08312096741851],[-81.1632215134888,-69.57252388087326],[-83.45781829145734,-69.52694063964397],[-86.71805719574203,-69.2746156548876],[-87.11887740178562,-69.46912975284694],[-89.24024204787109,-69.28965451134577],[-91.28426109145468,-69.04371573430667],[-92.15617905865635,-68.81640845465503],[-93.07033415255731,-68.7703297092871],[-96.07592816814831,-69.29876903669671],[-98.6513295839605,-69.85522117534767],[-102.11540861605454,-70.69454405229384],[-105.85357894032981,-71.24913036533496],[-108.33412878543808,-71.29425889686785],[-109.38921593405354,-71.33142505074704],[-109.86792447157738,-71.17975154565279],[-112.25448596139435,-71.43029641500738],[-114.43790464486563,-71.3649053795895],[-117.56649984708737,-71.23231826547551],[-118.237878860865,-70.78310810379003],[-118.72471062611505,-70.6413060179843],[-120.66176951762245,-70.57040817568523],[-122.6308770349065,-70.49222689933809],[-124.0069339419168,-70.55393021588284],[-125.50604365418609,-70.28667404116446],[-127.11995204188044,-69.78101488813736],[-127.63293718089444,-69.2671027294167],[-128.18790503399217,-68.42940939379882],[-128.70589975382035,-67.99948824055186],[-129.2498510826328,-67.68677113848801],[-127.12493316437053,-64.5318115507662],[-125.27519984916728,-62.68014812851485],[-121.94694551565206,-60.604461778787744],[-118.35681158489133,-58.90952221353535],[-111.49979752349849,-55.61718162088257],[-107.96886727789247,-53.74829985135246],[-103.70335179579119,-51.59621961598752],[-100.0837218859509,-49.866879126644626],[-93.75498843116975,-46.680866648497826],[-90.3081939462791,-45.02270603179494],[-85.95007128606922,-43.353273260657474],[-82.08443785177623,-42.211511272238766],[-74.94522556623808,-40.30158114485278],[-73.72885433320839,-40.036858660828564],[-73.7441816399358,-40.06355149173085]]],[[[-25.120038317057755,-44.166125188803605],[-28.899394993379925,-41.97755222661864],[-29.51885791086313,-41.34253711345942],[-29.28125600657737,-41.20255141398658],[-28.109511099647047,-41.65500512104654],[-26.81369935218436,-41.56745597469209],[-26.3881975776034,-41.08061714665561],[-25.82193158112043,-40.64892940977568],[-24.43274216943781,-41.00378450160475],[-23.034286580842934,-42.0234863165287],[-21.881984824844725,-41.888991789219915],[-21.484638771327447,-41.97949385150087],[-20.689461002699122,-41.785535206852956],[-20.21543805298638,-41.82857301080219],[-19.736179836375133,-42.396610398498794],[-19.379445425770378,-42.666045343145015],[-19.728299972228353,-43.64782506118519],[-19.474787923953798,-44.38848483534415],[-19.02367784665354,-45.27345070139515],[-18.545464044285783,-45.93268369291964],[-17.854326140615775,-46.22278308285607],[-17.759663615366552,-46.46151435343052],[-19.97974562819122,-46.02804014302046],[-22.01290003937698,-45.40438501811817],[-22.063016888000917,-44.693661010183355],[-22.7415483897672,-44.770604838147385],[-23.205314115370943,-44.51310507818072],[-23.357288727640945,-44.92716722086775],[-25.120038317057755,-44.166125188803605]],[[-21.496051329191484,-43.29225615256994],[-21.929904816737725,-43.53913814680111],[-22.194842733335992,-44.20696963418655],[-21.925878835693144,-44.55366708303113],[-21.095866964956027,-44.002049504286035],[-20.673862919854145,-43.19114483099987],[-21.496051329191484,-43.29225615256994]]],[[[-65.8894990823486,-40.32135541715055],[-65.94756407026915,-40.1914441360261],[-66.01274770484967,-40.06355149173085],[-66.08489338114788,-39.937908260861406],[-66.16383445047131,-39.814739977000876],[-66.24939468945496,-39.69426661089367],[-66.34138876114893,-39.57670226485643],[-66.43962266740958,-39.46225488115497],[-66.54389419206066,-39.35112596407234],[-66.6499213101988,-39.24749048745862],[-64.32096554202897,-39.43311268133595],[-62.474274266779815,-39.75200106891365],[-62.6615718303114,-40.094184362937646],[-63.153364754800684,-40.47363113827204],[-63.81534026419866,-40.538009416215324],[-64.39500462783393,-40.7965822661336],[-65.60629792797555,-41.185851814100126],[-65.69564961512583,-41.19652708991218],[-65.69798401195331,-41.12971773729267],[-65.71067150087549,-40.99279055357067],[-65.73117934196334,-40.85640700894263],[-65.75942135141028,-40.72082179446724],[-65.79529838446923,-40.586286589098705],[-65.83869882610713,-40.45304964981516],[-65.8894990823486,-40.32135541715055]]],[[[-23.711397603079863,-31.36306826196527],[-24.323090870282527,-31.1771857284763],[-24.21171599621342,-31.165025986720494],[-23.901847983917722,-31.16364177093619],[-23.711397603079863,-31.36306826196527]]],[[[-172.52735285760903,-18.47880026285587],[-172.45812282134347,-18.416719967931034],[-172.33496153905426,-18.463701192366674],[-172.52735285760903,-18.47880026285587]]],[[[-172.9722116096925,-18.49173936772052],[-173.1971851980211,-18.495101071654137],[-173.768261395149,-18.47358098683699],[-173.7912902111091,-18.471753729899685],[-173.78731420384418,-18.374122936928362],[-173.48501886942594,-18.063630277527196],[-173.16935004299773,-18.327914775023334],[-172.9722116096925,-18.49173936772052]]],[[[-91.22263621871964,-11.458655591891057],[-91.26276596035956,-11.412888771684441],[-91.17531643835795,-11.410026657162815],[-91.22263621871964,-11.458655591891057]]],[[[-90.11295766046265,-9.980107297683661],[-90.07948497936793,-9.611807329688817],[-89.77394474047996,-9.300649091223072],[-89.76130124851373,-9.311992738903037],[-89.84277315769452,-9.58885675580131],[-90.11295766046265,-9.980107297683661]]],[[[-159.47254191871568,-2.6431697371332805],[-159.47549196089847,-3.178419118231215],[-159.54654725830653,-3.705645559354626],[-159.68345954724356,-4.220833695875352],[-159.8823832675454,-4.7204728527299515],[-160.13800458704637,-5.201713666042685],[-160.4437236432819,-5.662500582508489],[-160.79188435519694,-6.101673542980429],[-161.17404396918542,-6.519032884560057],[-161.5812724232361,-6.915362652850366],[-162.00446984162875,-7.292409135660503],[-162.43468921605952,-7.652813471613225],[-162.86345075713413,-7.99999953760592],[-163.2830346133138,-8.338020803973878],[-163.68673966469385,-8.671372259099835],[-164.06909782983792,-9.004775639854707],[-164.42603562688902,-9.342947884356356],[-164.75497741270587,-9.690363823531538],[-165.05488757893545,-10.051024581835273],[-165.32625181568346,-10.428242956636437],[-165.5710001933115,-10.824456229757182],[-165.79237712851761,-11.24107550914837],[-165.99476519934302,-11.678378904482843],[-166.18347120294246,-12.135453724816678],[-166.3644837993497,-12.610190576414542],[-166.54421258479863,-13.099329864628606],[-166.72921855705172,-13.598558891116172],[-166.9259457661322,-14.102655598514783],[-167.14046358748496,-14.605673137141691],[-167.3782285943739,-15.101157869252557],[-167.64387448385526,-15.582392208846187],[-167.94103790781895,-16.0426528121174],[-168.2722272957442,-16.475474059928818],[-168.6387406990752,-16.874906480752355],[-169.04063719488892,-17.235759735737062],[-169.4767643498491,-17.553820037828544],[-169.94484164095545,-17.826032443485715],[-170.44159665792856,-18.050639397158427],[-170.9629476091882,-18.227268283491295],[-171.50422246574453,-18.35696258210996],[-172.06040240217663,-18.442153506159677],[-172.0931281503246,-18.44472185686183],[-172.05678824613756,-18.144746062758244],[-171.87396201100188,-17.828253882124002],[-171.59286584404475,-17.526349544378565],[-171.38873928769547,-17.165487657657643],[-171.1177242912332,-16.874261823887696],[-170.84973890218373,-16.57612882084237],[-170.64535952201055,-16.259556612300145],[-170.51308431665973,-15.794504773991234],[-170.16632329723194,-16.071940979869197],[-169.81257496087034,-15.923987446453625],[-169.53255844767494,-15.601581702113297],[-169.28754416769118,-15.21979425608856],[-168.93419531567105,-15.041395717339816],[-168.63347814587564,-15.288594250558],[-168.28397531948656,-15.150399818051522],[-168.40423379938068,-14.741471820994931],[-168.6356618905127,-14.443838844930797],[-168.31068988268444,-14.235325241549559],[-167.96585653220947,-14.388541346669651],[-167.62852456385556,-14.180220027354782],[-167.64189055782177,-13.821742473728523],[-167.85449718636468,-13.372374341236004],[-167.95155042600464,-12.923000733558055],[-167.95086721055372,-12.485426809659494],[-167.88790539542208,-12.090079891701162],[-167.8183569782469,-11.736013351299453],[-167.9193270326087,-11.382256748689972],[-168.16012017214135,-11.031017201669197],[-168.53796877921425,-11.084447919807175],[-168.77256519385327,-10.757625401346514],[-168.81997375713456,-10.375284853296007],[-168.91655004080974,-9.982514966239139],[-168.92284252914087,-9.510241242832048],[-168.92951349203372,-9.149579947155239],[-168.92787866480384,-8.769967360961639],[-168.90252536440528,-8.413909059968175],[-168.80613196433742,-8.049313640902373],[-168.6285510769274,-7.72434493309383],[-168.60443698296442,-7.545890592300607],[-168.5497528630934,-7.20465964532068],[-168.53634524861863,-6.841243342162365],[-168.7749853670327,-6.4680259150926895],[-168.90255134513302,-6.090473619579632],[-169.04061000704795,-5.720966832009741],[-169.09262164348107,-5.296870619599945],[-169.18112156207653,-4.928383658422524],[-169.34129925633826,-4.7567817277100755],[-170.01426275985335,-4.432458199871394],[-170.37645421861046,-4.328640075116983],[-170.5281758400109,-4.653539051119418],[-170.56036043857895,-5.0624629797692995],[-170.70105331349967,-5.397099544913558],[-171.0251996351144,-5.21158027527008],[-171.36989667621293,-5.100468049687289],[-171.73610530273058,-5.023825888291099],[-171.82685024428534,-4.674000062408102],[-171.81093811742397,-4.274909837842166],[-171.7869839567092,-3.917827963211391],[-171.8620523261659,-3.5613454875256396],[-171.94590085528006,-3.200197488287763],[-171.83237975744476,-2.8368739027766146],[-172.0469405145086,-2.5493703309719162],[-172.43148759784262,-2.333540244961073],[-172.12737901565183,-2.1274607315861114],[-171.91051580979914,-1.8202357988422395],[-171.8590970792168,-1.4651876101781973],[-172.08935125459854,-1.172198116930458],[-172.3056083585516,-0.8577281335171328],[-172.59579987558783,-0.5988622442980603],[-172.87531551002897,-0.37141268566567476],[-173.22166718320358,-0.20986349210933286],[-172.8478940983344,-0.16037247015131853],[-172.37595938774137,-0.04094098834003968],[-172.04557396874492,0.21482918484355487],[-171.76189363519876,0.46703991400052197],[-171.51605942116547,0.8442951781057496],[-171.40492777272038,1.2324641393155369],[-171.1389862888126,1.5579215342285064],[-170.87252914035264,1.839105311128889],[-170.66671314330304,2.1860482383611024],[-170.60115335608603,2.568547026371162],[-170.30216261694625,2.880931215519734],[-169.95565974578528,3.0235047145234923],[-169.70105664755485,3.3292883599527086],[-169.32475264273626,3.441280365177964],[-168.9283010180117,3.5547638363072482],[-168.59943171725547,3.350101111391739],[-168.60059831753063,2.9835151470831716],[-168.2402950102761,2.83483387545158],[-167.92863430263742,3.0475489080516276],[-167.72360358891538,3.3516790410604003],[-167.64594159459577,3.7254801925786514],[-167.29005589706,3.90587015298221],[-167.18324484385528,3.5337204452540103],[-167.01620227379686,3.198991823765427],[-166.96455919914501,2.793495338280774],[-166.85461717951753,2.4372650218782432],[-166.4164401400645,2.3225471685035064],[-166.15334505947484,2.0353136607641305],[-165.8992450615955,1.7610797224916572],[-165.70713081430887,1.4517086665698808],[-165.30351251442082,1.1063006887508837],[-164.9604730550429,0.9732451168631571],[-164.6012857983967,0.8758871877510427],[-164.44854054425178,0.5265781254542881],[-164.11109206071148,0.3767263444029454],[-163.69685183960019,0.23227285275222437],[-163.16733143195742,0.1998953895795973],[-162.7767512750985,0.2972074040322857],[-162.38529773252156,0.3274571661040745],[-162.01492588826818,0.4248813252616938],[-161.09516877801877,0.49027943222517123],[-160.85868090268568,0.558284553808918],[-160.80360415519374,0.49331138221948706],[-160.442008644889,1.5861139600997358e-14],[-160.12843300051435,-0.5099723869945801],[-159.86973583824357,-1.0332995740400288],[-159.6715886586527,-1.566135262292591],[-159.53827580381954,-2.104243805349762],[-159.47254191871568,-2.6431697371332805]],[[-168.65373942942415,-2.127516930938434],[-168.97985128331928,-1.9473697172925866],[-169.33255158090822,-1.8000077264932421],[-169.73999305647143,-1.6175084268250564],[-170.04713783398986,-1.4173649184624106],[-170.27477751762564,-1.0192044589384244],[-170.68121578889807,-0.9481607570857491],[-171.03574780651277,-1.1194624731874558],[-171.14701496060522,-1.4780967266460523],[-171.0141327109979,-1.8385605075719622],[-170.8495458265371,-2.185404104357464],[-170.6680607110686,-2.5086145756552622],[-170.4372309082793,-2.84729788296409],[-169.9458738830661,-2.9844448144551325],[-169.52539733150908,-3.084468835864348],[-168.9174639080888,-3.171321080888394],[-168.43511601186563,-3.04171277335449],[-168.15026485126455,-2.78708651871502],[-168.2946435172816,-2.437223024682082],[-168.27382163646288,-2.3338319044586657],[-168.27382084346516,-2.333832059905166],[-168.65373942942415,-2.127516930938434]],[[-170.94930945523757,0.7074306948418156],[-170.8701363016654,0.3580496754298725],[-171.0003612050002,0.024974727309875887],[-170.54968210725625,-0.022026541949035673],[-170.04045092351927,-0.07400878086278552],[-169.62925454439502,0.10983579519361507],[-169.98331031875858,0.1981331045276963],[-170.39796284943623,0.31424255485573593],[-170.3185755174097,0.6801114759701463],[-170.3133180543277,1.0625127861685677],[-170.59621935142962,0.9412052953055912],[-170.6352040466078,0.9373389692538096],[-170.94930945523757,0.7074306948418156]]],[[[-126.22370826715351,-3.4430351680457276],[-126.28251620645193,-2.434720470015659],[-126.00629626591912,-2.1342909084223227],[-125.31971380661857,-2.2641937161218153],[-124.44073312939116,-1.2409339165385187],[-123.91948412959275,-1.3054114001877137],[-124.48191975171684,-1.7990685969387872],[-124.46379761179826,-2.358890840781293],[-124.91849540012194,-3.1048824540827296],[-124.82928408251276,-3.5532209344257257],[-125.05787395127832,-4.148982659902482],[-124.55330508572575,-5.107435956917516],[-123.94598598321296,-5.504669450383066],[-123.40987098903086,-6.093543283291505],[-122.4826394895976,-6.543862862450051],[-122.05661098200297,-7.153878665516073],[-121.32022179169033,-7.966263119329521],[-119.63163605684078,-9.075280763117648],[-119.13285166950581,-9.73465880260743],[-118.65881234113664,-9.97923430724006],[-117.65290277612382,-10.23842742430952],[-117.08046344620053,-10.141076766749997],[-116.3365037618503,-10.337574042917069],[-115.40121395473632,-11.188658756609176],[-115.2587859851983,-11.419000510784242],[-117.51925625247307,-12.02600917947855],[-119.3033402960965,-12.07303979988421],[-121.17522966705934,-11.352108721978121],[-122.51159800288845,-10.13209011884604],[-124.67847720303294,-7.253363548836814],[-125.60700051989934,-5.592724417203501],[-126.22370826715351,-3.4430351680457276]]],[[[-21.436004820641873,-0.42398586971086216],[-20.389490026078636,-0.6691482928934056],[-18.556093017918755,-1.3003660788425484],[-18.350378874133092,-1.3721936537257116],[-18.52754768758184,-1.592438161965864],[-18.358650935542737,-1.8946886529280884],[-18.668829321857544,-2.2152656170816347],[-19.227407601456562,-2.8545574185391147],[-19.04753301912331,-2.152135328735116],[-19.092542590662475,-1.8505364509078472],[-19.63432738937529,-1.768472108765646],[-20.309427812316592,-1.8500240191677444],[-20.59277041337255,-2.3103833157188354],[-20.414885231318543,-2.6088066264439087],[-20.24312062584267,-2.7791898832126116],[-19.836630874816922,-3.121144911362611],[-20.62135438208587,-3.163801086899178],[-21.056121577625582,-3.082575292508642],[-21.495033634449108,-2.583320839242397],[-22.69759015392348,-2.334462885847593],[-23.021909006378447,-2.6297791742323713],[-23.770571523417637,-2.563589349295536],[-24.62493586174404,-3.234358096282233],[-25.510749059798403,-3.4024776550105282],[-26.12989106904028,-3.7060200332965776],[-26.583106468628003,-4.092825838445892],[-26.783384740920663,-3.861962755699181],[-27.126976769503923,-3.001514001639522],[-26.84414547579453,-2.098915294908588],[-26.040164304016255,-1.4940194906722033],[-23.911719904438957,-0.6486666588196873],[-22.75663276199677,-0.4023279994431121],[-21.436004820641873,-0.42398586971086216]]],[[[-163.3740926155907,2.902242710605287],[-163.04148264380686,2.645038614191873],[-162.56579525018623,2.258829994691197],[-162.50717733517737,2.20797495236966],[-162.61628082312572,2.212771247496093],[-162.9498416803279,2.346751376721228],[-163.20393495659783,2.601528947671763],[-163.3740926155907,2.902242710605287]]],[[[-43.188417721877364,3.009434370805073],[-43.532491239428,2.8560341990962788],[-43.995777453794894,1.997392036651035],[-43.98577805645063,1.9515005920424355],[-44.19599835802648,1.99564309847419],[-44.21698097962222,2.214136040121845],[-43.67420803572458,3.091527350884512],[-42.90656598723538,3.2709588342429297],[-41.815425988484925,3.4156983455113576],[-41.182190151336336,2.7491817622117507],[-40.656644135467744,3.299174140712666],[-40.68117555593952,4.281925015093136],[-41.374558748461105,5.742019320397947],[-42.5539435646882,6.975770148561278],[-42.638291641817936,7.573030153008281],[-41.8229640186042,6.674609383932898],[-40.617720732222665,5.564366180158622],[-40.26241143228411,4.691275940060707],[-39.59515530096158,4.088539084354448],[-39.57822115806883,3.423050284829686],[-39.64489974700195,2.4665888607939315],[-39.90673439075276,1.1059361790685158],[-39.75707538283852,0.021156458646383724],[-39.297829605303114,-0.4177601887772286],[-41.43102121364538,0.95298655843513],[-43.01146290686371,1.7469118228569935],[-43.54457007100893,1.8588548000370706],[-43.5464638778547,2.0259424997191386],[-43.391445943676416,2.519248124023262],[-42.89378341193556,2.735081888282904],[-43.188417721877364,3.009434370805073]],[[-40.5437321597322,2.3348838264190546],[-40.89011305786663,1.5015975967873259],[-40.880847695228525,1.1824290809737519],[-40.696910831974904,1.1971424342840145],[-40.25841139488726,1.8480226647593916],[-39.967915143352315,2.6834901926435863],[-40.03906842779863,2.910731209663586],[-40.5437321597322,2.3348838264190546]]],[[[-179.99999988207253,4.581874174527353],[-179.99999985330894,5.699434878833138],[-179.69657855897037,5.460327577637922],[-179.3261921835658,5.387655341145027],[-179.4034057773312,4.923321238922655],[-179.66339134607745,4.672816396508017],[-179.8873713192929,4.389520346557991],[-179.99999988207253,4.581874174527353]]],[[[-24.405456891090918,10.471963046039908],[-24.064337656775056,9.87060547335972],[-24.58042290248443,9.798435574835322],[-25.04674012334951,9.22628992326061],[-24.8719356824754,8.751602524279141],[-24.452817306337234,8.944186422990471],[-24.41984692321833,9.274315309654623],[-23.952970286565723,9.150934057348994],[-23.484473740992627,9.503897617022634],[-22.989231049295178,9.811119759056645],[-22.69949095792357,9.919040116250589],[-22.715834431334514,9.809455357479914],[-23.039613821738453,8.508644901588587],[-23.666537048764493,7.230751580476938],[-23.62967959021011,7.375442562092184],[-24.261057548100332,7.8532427871802],[-24.69784948697346,7.599956078072316],[-24.863520271094814,6.347210388608377],[-24.57815716390936,6.286462747387458],[-25.19356386791658,5.7809513347986465],[-25.829719648983176,5.239768090605116],[-26.078704510529985,5.445562624108302],[-26.659056647367137,4.995250512473979],[-27.38684672668975,4.109485013133246],[-27.93132510877249,2.8967606298140387],[-27.57597855521457,2.9389143098464903],[-26.923685207978885,3.3517130847838073],[-26.577524298574772,3.544411242817186],[-27.579899160230383,2.4500105134226504],[-29.09643866830889,1.2260319156200026],[-30.557793162907604,0.38640628693125006],[-33.42756889775951,-0.9697654370004306],[-35.01311104217103,-1.4694914252291076],[-35.284303739283246,-1.4691094905578759],[-35.03767937945875,-1.162851381700688],[-34.795140817909875,-0.24561962946983024],[-34.22359651546303,0.26350293232416006],[-33.64749799614789,0.9967896303008229],[-33.02469292843934,0.7611905414633807],[-31.808395922455887,1.3195613886628847],[-30.501997022937523,1.9332486185647015],[-29.585443858226228,2.266624602425909],[-30.025005021225596,2.6300789032701117],[-31.083824631576395,3.2111253312621875],[-31.559017052867933,4.021061693576089],[-30.927439051883972,4.326768974894063],[-30.709687986574227,4.774132362364551],[-29.430145344359588,4.760991408560045],[-28.5982794782098,4.623883925386793],[-28.385064049184944,5.462556226464924],[-27.975377896153113,5.537403254102802],[-27.2928648695256,5.999255147102364],[-26.86963071634444,6.353504057346013],[-27.042705519123295,6.786669228784275],[-26.834605064537893,7.229663748639777],[-26.36528706913233,7.92803488170607],[-26.5006452284192,8.300993701379673],[-28.06331277494456,8.575409717447597],[-29.0038934378481,8.606979601099075],[-29.862825155402028,9.467905616891185],[-30.769003834872077,9.054532709580299],[-31.693612753262737,8.914347035710067],[-32.36112711230812,9.032726339744801],[-32.969739744487235,9.501560868397643],[-33.492683864772154,10.300453227715737],[-33.69744414334293,11.313604166356818],[-34.32865827632939,11.064471045046497],[-35.96501649932318,11.181363099408141],[-36.88966598833689,11.770242640250652],[-37.07906699583664,12.32029396135523],[-35.877986425713864,12.935515222497118],[-34.64706609716891,13.014835562608123],[-33.608563513515634,12.873959250209962],[-32.79778380930826,12.50888422791731],[-32.496347375742474,13.064113760751312],[-32.105579753108515,13.926546585293508],[-31.474765816570898,14.330316347124251],[-30.932980735752892,14.87372946077966],[-30.320030659172613,15.049346389871186],[-29.725960313643455,15.392352119299298],[-28.863734263222998,16.11297888920992],[-28.68362411166916,16.877324446959754],[-27.861265623500504,16.73952343502756],[-26.88649906663419,16.49385719483032],[-26.33931513616643,17.06886738630595],[-25.312318034535277,16.450343629927165],[-24.709298431471506,15.882397232450993],[-23.973315770862282,14.866159509196246],[-23.53298322123922,13.974274431540223],[-23.679760260847505,13.448666579028355],[-23.10427365999766,13.117556986831834],[-22.886557423712226,12.612865100878887],[-23.113584986310503,12.023676342420458],[-22.710508474437155,11.280518147782876],[-22.520373614393094,11.120041298122262],[-22.58886015355141,10.660831637850343],[-22.864631671828093,10.83550763906266],[-23.574192045036913,11.20627985186793],[-23.87228096718381,11.760059877495044],[-24.034055143979256,11.170619435245174],[-24.643852180027743,11.260161511635008],[-24.405456891090918,10.471963046039908]],[[-26.8060535339969,9.370965381077657],[-26.95259781937174,9.196898556068666],[-26.500115457094466,8.864333501980564],[-26.266359525340963,8.916303451703778],[-26.187050645114535,9.090587161655243],[-26.4200150755489,9.354168891136364],[-26.47963761522327,9.396489545522554],[-26.8060535339969,9.370965381077657]],[[-25.168007636629145,10.35465295931199],[-25.47976198378467,10.839621566670802],[-25.773985118283267,10.843625746886298],[-25.915925097178743,10.544089057622626],[-25.57933890274072,9.84568761779861],[-25.397470611434947,9.77133097417335],[-25.168007636629145,10.35465295931199]]],[[[-58.018076699184725,6.388847741221483],[-57.682087449318864,8.06644570337447],[-56.22437103388939,11.268699009593382],[-55.553546350856436,13.033794658261774],[-55.05371692836213,15.184516345384573],[-55.000243835696565,15.79851250515243],[-54.70984135842346,15.32136051483376],[-54.72240363347769,14.902020604720477],[-54.225182541641246,14.26331031459209],[-54.07342681530039,13.374402906646102],[-53.40890088565818,12.740542494731262],[-52.377941625825535,12.688249441142167],[-52.014024438665125,12.71211464201236],[-51.903854276556885,12.92625036725815],[-50.93670244695789,12.793389891085047],[-50.52254335361327,13.246106164735616],[-50.76599160069391,12.785575810313299],[-50.095134575057365,12.83576118832691],[-49.68734915295216,12.609480473721028],[-50.54175566647642,12.669011865794468],[-50.998914885356406,12.339870035288081],[-51.64267894485458,12.697567284887906],[-51.69555045516852,12.632977412295634],[-50.966726590638636,12.058890406800455],[-50.617807247741574,11.74593251582469],[-50.23435035384215,11.704106998742889],[-50.022711245605244,11.855574065587547],[-49.45239610179875,11.921805643721711],[-49.74850789108824,11.71490052421496],[-49.8300396432864,11.555934194582866],[-50.09845390375928,11.541591521434285],[-49.41718937546844,10.861343614863115],[-48.72216761775491,10.583735556395448],[-48.63944449880613,10.797398639817036],[-48.39907366226659,10.52457933278683],[-48.518460964699614,10.56644434579062],[-48.593280924069624,10.088567322262211],[-48.44815314264689,8.996250858338028],[-48.22670276982969,9.191160867418764],[-48.24758131259064,10.314962626531893],[-48.05488113362037,9.649562732579952],[-48.069896211227515,9.209867073024654],[-48.06598696975924,8.879257423061912],[-47.965966015447655,8.306187838907874],[-48.03132080655218,7.951724177270288],[-47.930055463686394,7.430868189659225],[-47.65075410298441,7.338411713470532],[-47.40180823251241,7.533628053223806],[-47.776703632719645,7.499424776815699],[-47.714149345304804,7.803572274540517],[-47.152371718415246,7.980309628015473],[-46.622413901759984,7.904889153704934],[-46.4692755374327,7.793091548633944],[-45.867387248422425,7.297304855723111],[-45.66039480531198,6.506241178524689],[-45.39228152472879,5.737078930628286],[-44.97813994022159,4.934986530610089],[-44.63964161483804,5.028209988501834],[-44.58199699032297,4.237747513801136],[-44.62235153500996,3.1117241506314377],[-45.3689533407525,4.393285678083955],[-46.217535046246304,4.4289993355656625],[-46.32912936900788,3.8853424355149833],[-45.65576232406735,3.0396752997980725],[-45.28346869993855,2.3140101134090085],[-45.21417000827469,2.1159198313687604],[-46.52775314300138,1.974627026123253],[-49.43293609549144,0.9724143690339627],[-50.99669471042146,0.683877796797788],[-52.794727800540784,0.8920927383188462],[-54.22474026319529,1.5579266264616627],[-56.69331065696911,3.4115702067006266],[-57.641454509415475,4.633082626946553],[-58.018076699184725,6.388847741221483]]],[[[-179.99999977428936,8.769607643060294],[-179.9999997257588,10.655180798778462],[-179.9120451958238,10.641435860036355],[-179.64637605660252,10.341933040835096],[-179.42656084060184,10.05739455168595],[-179.39053588501525,9.643002803270745],[-179.54362668908666,9.317884495170743],[-179.8212838998073,8.954858055457512],[-179.99999977428936,8.769607643060294]]],[[[-22.678463978431466,10.060028290390804],[-22.710249615022597,10.19448974824784],[-22.660122762127273,10.18300813156153],[-22.678463978431466,10.060028290390804]]],[[[-178.5382241282344,14.390309411496926],[-178.6574623971011,14.736280928584774],[-179.01021285046485,14.586773872505317],[-179.1096507341433,14.239612432012478],[-179.04681570587047,13.862477606458812],[-179.06395681418354,13.490406119159754],[-179.43032843685492,13.412390848220587],[-179.70899288036557,13.087977124033344],[-179.99999967011098,12.81728394465422],[-179.99999955933376,17.12134714310175],[-179.55487236977362,16.524620612538815],[-179.14493924970645,15.894258980714035],[-178.7714469645268,15.239227918979203],[-178.43462464207272,14.569341806974938],[-178.38010026199544,14.447177719512872],[-178.5382241282344,14.390309411496926]]],[[[-82.39324716220234,17.75541496204117],[-82.09626109540699,18.05314760971367],[-82.41361630138391,17.734919786319807],[-82.39324716220234,17.75541496204117]]],[[[-132.45695740281374,22.096409455892534],[-129.98393397154175,25.07249389133534],[-128.3429834532355,26.47134377665382],[-125.87278763212777,27.61668943723403],[-123.39392647036553,28.07916925914986],[-118.439892591033,28.1829342316967],[-115.74790794712358,27.948389838524466],[-112.659726951588,27.22000908392174],[-110.23191834725323,26.241471310159437],[-106.12575457769852,23.968735879552764],[-104.00989577587522,23.025497238494093],[-101.66500763616683,22.55851312901238],[-99.84242009201354,22.739413140121908],[-96.67784651804537,23.739499383236346],[-94.96279960697338,23.9120281686376],[-93.02228609337193,23.452050129926057],[-91.52330256658621,22.516954831946798],[-89.60138775935788,20.720245238239528],[-89.56811249943675,20.581416829822327],[-89.44911984926347,20.166687911627665],[-89.41093644420258,20.05267484762897],[-89.6163418940969,20.02039979914681],[-90.30267281898963,20.399030809530494],[-90.96849327859402,20.580618976416467],[-91.13207812958454,20.929861617116085],[-92.10141603891056,20.75199591649084],[-92.40604079541339,20.950832294763984],[-92.86398879672196,20.345358478882595],[-92.36286403292982,19.97086174365271],[-92.82366020501942,19.748056578245755],[-93.62973883704977,20.265078994948013],[-94.32537465696213,21.04478156492378],[-95.086044439571,21.334178970754635],[-96.08941550300618,20.818340503575808],[-96.58067702442803,21.122373834490823],[-96.98143169304484,20.397787236428027],[-97.63926161486675,19.598533542866715],[-98.40389652892783,19.252560012742816],[-98.86430879385945,18.825651087466387],[-100.90482796734292,17.786166160918533],[-102.77030246240514,16.706915626812975],[-104.07686127526928,15.795669935212954],[-104.38723710055413,15.934879029420884],[-105.21345486206731,15.475513091915934],[-105.79462766716848,14.687796969916695],[-106.79469862248192,12.890619378051257],[-107.69488830337258,10.933072509455119],[-108.10689828268907,10.825509061869731],[-108.63183722329964,9.839795663968342],[-110.04650908860371,9.560335521900068],[-111.69843791373395,9.389355469985556],[-113.97965392736667,9.52322075480834],[-116.10265100823298,9.652816558670862],[-118.07170309095356,9.647874599653678],[-119.35434028470516,10.046755928456921],[-120.59080423038243,9.820775173077635],[-121.4506195378244,9.991862012568301],[-122.94126797017275,9.637169555952484],[-124.48401045599269,9.82216732716512],[-126.16676914686943,10.190644314368182],[-127.8608841197249,10.464159650224012],[-127.94221681141443,10.791990957337509],[-129.0667134024303,10.563128243591452],[-130.0142933030476,10.197567643551693],[-130.75542441028634,10.444593915485216],[-132.65679921436953,10.40397483223034],[-132.90997485905845,10.401838504056675],[-132.98184107818972,10.46413454417524],[-133.9895416536806,12.082155651155311],[-134.33945978526828,13.647698533063755],[-134.44446918267226,16.765768044296298],[-134.2575773616185,18.462582232413354],[-133.51980476712131,20.455462652311734],[-132.45695740281374,22.096409455892534]]],[[[-68.1655978254482,25.351128261271157],[-68.470533899728,25.83942614144756],[-68.27822736060239,25.747968475280967],[-68.05464062118293,25.889104047461448],[-67.4324165148708,25.562626640258244],[-66.88394124379114,24.96219411649167],[-66.36782587719611,24.84487185699567],[-66.09297163051042,25.025683699260046],[-66.06861529720186,25.595863347322773],[-65.85471976288007,26.39789346181132],[-65.89036866493142,27.409031580735988],[-65.9132125062965,27.51519180089059],[-65.83586057755873,27.53378648506959],[-65.51995517357915,27.622067990135942],[-65.20810662719771,27.721694982022868],[-64.90081185501194,27.832508923210565],[-64.59856418159941,27.95433319461166],[-64.30185294015772,28.086973280591003],[-64.0111630710308,28.230216971078093],[-63.7269747169415,28.383834580208354],[-63.44976281350582,28.547579180943547],[-63.17999667335175,28.721186855152958],[-62.918139561909086,28.904376958684818],[-62.664648262679556,29.09685240102282],[-62.4199726295435,29.298299939205357],[-62.18455512341431,29.50839048578549],[-61.9588303303201,29.72677943072687],[-61.743224457778275,29.953106977264863],[-61.53815480613913,30.186998491912327],[-61.34402921141357,30.42806486895409],[-61.16124545597597,30.675902909952672],[-60.99019064345089,30.930095718978542],[-60.83124053405966,31.190213114479125],[-60.68475883672766,31.45581205890961],[-60.551096454342385,31.726437107463404],[-60.430590678715184,32.00162087745749],[-60.32356433204421,32.280884540144804],[-60.23032485201043,32.563738336938194],[-60.151163318073095,32.84968212223548],[-60.08635341707193,33.1382059352258],[-60.036150346900996,33.42879060323155],[-60.00078965779863,33.72090837928998],[-60.000252823447205,33.72865843968396],[-59.553917899207086,33.512085461322116],[-58.691198901473335,32.90859348327397],[-58.68998823039314,32.905249898944675],[-58.68765988523679,32.90610777498009],[-58.238423318900566,32.960102046017056],[-57.67993276361148,32.84795136685348],[-56.90854378972419,32.613212455189746],[-56.48596093897504,32.27144448039578],[-56.14425383472935,31.658241907646918],[-56.0038281869019,30.69190614913136],[-55.49043047133912,29.699303342325386],[-55.504226430152,28.931224449970234],[-55.62052738753408,28.396295242763525],[-56.0888973528107,27.86489944874356],[-56.207296362016,27.103494405010643],[-56.98323453558039,26.631240466619108],[-57.211751498422835,26.030641207808994],[-57.107508822748734,25.663947152236013],[-57.36082760166685,25.391294044966575],[-57.26936438020585,25.196138363804703],[-57.00431525111494,25.322028536771423],[-56.57660070626408,25.199272542796656],[-56.226708311930885,25.281672709256025],[-56.18875264883584,24.890785540812093],[-56.30956734496889,24.238219833661653],[-56.64323348084866,23.526935134532657],[-56.74068481988651,22.804354493825794],[-58.911602822873846,22.020346668052856],[-60.16264221231498,21.769064649198118],[-61.728285178405876,21.85039258897009],[-63.09580391164598,22.246275802931876],[-65.6525930036741,23.355897900365605],[-66.92347642490574,24.12810890384232],[-68.1655978254482,25.351128261271157]]],[[[-57.45629013723446,48.412858560076714],[-52.10929880023628,50.33488693522574],[-49.052455857993536,50.92480049817944],[-45.52766163658307,50.93407811165463],[-42.82401612370194,50.389267340440284],[-38.44696570780244,48.70687253293258],[-36.06041102634745,47.812956891893],[-33.143245565621754,46.86975045087389],[-30.66033807283948,46.174255757695555],[-26.2393298661603,44.90716648307052],[-23.93127581187953,44.03499344458682],[-21.322548590800245,42.7978388712785],[-19.291843376777727,41.616771194368354],[-15.959730407328308,39.24992518885773],[-14.204188989156847,37.92531915182282],[-12.129505170622037,36.37770601774082],[-10.432311675877829,35.114788431492116],[-7.572493405337367,32.7923784131461],[-6.01366444376159,31.774557671348955],[-4.000629173358266,31.089231719922115],[-2.1366966559901175,30.933590489539736],[1.537322416512549,30.965648113005233],[2.182985189420462,30.819930407021573],[2.3782818378457105,30.566258859010247],[1.4840537204325925,29.90489477164989],[1.0623777289617085,29.255126898854034],[0.3402468626485178,28.713670952975352],[0.1920345314361179,28.965727210432803],[0.790135760495335,29.26438782911349],[1.0842480092884492,30.237287618204185],[1.0246546842816653,30.828767767861383],[0.36014058606810084,30.629802331938954],[-0.15903339292482202,30.29393373234692],[-0.8278576141391586,30.075367508145696],[-1.1449267164252703,30.001923039252713],[-0.9973102710829829,29.31144848021814],[-1.6060246047310958,29.07484164448372],[-2.3059437610612448,29.459282890809988],[-3.4772474062138765,29.817126768764698],[-4.252808383668407,29.639430319011357],[-5.317246631209977,29.845578630180203],[-5.907265922510798,29.937949672168358],[-7.3787109384950655,30.710241252228244],[-8.156454943853557,30.829980551167075],[-9.09877041825841,30.61505358770451],[-9.68150638862548,30.519797617891857],[-10.35710264829456,31.319006765745396],[-11.463040775568402,31.83409504155781],[-12.011803263970554,32.58923638343547],[-12.705924160510873,32.69617110346578],[-13.226335730930918,32.9190855572946],[-13.484730649090816,33.38655661650858],[-14.622859480647575,33.754271230983264],[-15.15483530012136,34.437637310342566],[-16.229658451114783,34.47296767152434],[-16.476712898062043,35.05886565407298],[-17.359950392522723,35.68039910294706],[-18.840880662805432,35.47868591136204],[-19.59589849921174,35.61406106202549],[-21.552012743489385,35.759702711091464],[-21.643536015908044,35.71244362728737],[-22.44744647159676,36.26004189111889],[-23.145361083501964,36.868116271266665],[-23.16536148540299,37.18055953877183],[-22.122783657516436,36.6103989256123],[-20.885507647121393,36.85690824781026],[-20.931389503929644,37.06487192502854],[-21.452346729976718,37.35030819633914],[-22.27191487308394,37.9477449909459],[-23.36381435839946,38.9887157250887],[-24.525310368790127,40.57858093725855],[-24.933871302354493,41.513542225170106],[-25.787021130589945,42.00131592215091],[-26.498885256071674,42.679043873663986],[-26.989533207339733,43.44455518267345],[-27.89251595305195,43.635161119880145],[-28.703622910196437,44.21389301490436],[-30.098216889827885,44.48645238626443],[-30.769421622853965,44.516053362136226],[-30.95023861901999,44.71065990248182],[-32.95784993949674,45.31270262822747],[-34.75656082585417,45.50356160310526],[-35.40813194429223,45.825016800457426],[-35.78504793094904,45.79083206031504],[-36.64993378131589,45.31070609022361],[-37.21820057054619,45.28147296532498],[-37.717811942819694,44.97424612848451],[-38.10475894904982,45.10006478322733],[-38.59681774778724,44.8902169298023],[-39.71027645622311,44.85759319520477],[-40.39179009002214,45.078222964599526],[-41.69052046055065,45.38009698716691],[-42.93597161979361,45.561050682773356],[-43.95957853637334,45.700904364918316],[-44.95285213440907,45.81100978833567],[-45.69885514224704,45.553535055902046],[-47.080350884419765,45.39696129570633],[-47.592511897209185,45.67221111901901],[-47.7840888460309,46.15103551132716],[-47.42506174893395,46.423938936961186],[-47.464463108205884,46.51953630370407],[-48.58530113465589,46.39850962769187],[-49.30434860854614,46.06221829448231],[-49.79388403027994,46.00658741869307],[-49.723810829416685,45.838862856294355],[-50.72307342446989,45.53899125795258],[-51.40995703748415,45.32291504635059],[-52.17820734253612,45.4685590924248],[-53.076487715215414,45.84560287089581],[-53.710157357346574,45.55431289084755],[-54.74949692112444,45.18980519717194],[-55.847199314293924,44.902522800123805],[-56.769922354328784,44.94210863399699],[-56.872589693221784,44.79588119943158],[-56.63125107401014,44.29047359952278],[-56.417476457903774,44.19524078775248],[-55.65583491690174,44.30606454807306],[-54.860287550128994,44.437285114675085],[-54.54369903016477,44.81616576939236],[-53.84997416301522,44.62206920590819],[-53.10274907916837,44.62902890724897],[-52.382288997791356,44.658778226608476],[-51.03769251536992,44.468508971961015],[-50.02531535108911,44.698882695143354],[-49.46131331540648,44.680316880505394],[-48.95869956326659,44.77821610676309],[-48.056856350586095,44.58786664708015],[-47.95596096389584,44.72743574828054],[-47.46112026960234,44.63987028073599],[-47.27495600259157,44.71297028179681],[-46.886670596739826,44.7047764581578],[-45.572781948467835,44.85544044348397],[-44.85600808753102,44.862383030518046],[-43.92945739112749,44.492361828272514],[-43.27082202086501,44.32240133448714],[-42.93031397277498,43.970368158171176],[-43.63737916765823,43.74235868791104],[-43.81837836597883,43.48613335126005],[-44.75309458849892,43.20941830666239],[-45.17824723547992,43.43763115661398],[-46.29005865960351,43.61073209772497],[-47.515456277470854,43.62714201601081],[-47.90929072501285,43.76109418602676],[-48.78041965616289,43.66571166518786],[-49.766329675887334,43.49452066777511],[-50.18929582821343,43.12320336511911],[-51.1725566421496,43.271631471156475],[-52.10198396330036,43.040151195221114],[-52.67293728492419,42.74464261037118],[-53.338628329137755,43.14862358960487],[-53.7396703989987,43.110829065935484],[-54.70542086530567,42.5942333262058],[-55.72572284772728,42.45961954774412],[-57.192614120874964,41.93924859648806],[-58.83992699379139,41.57358839285023],[-59.61867288139824,41.470779087938105],[-60.154614447249436,41.53536193653676],[-60.86268285126731,41.39931774254638],[-61.29397192867288,41.52240475090789],[-61.52252706083134,41.81265437193075],[-61.92636135763186,41.818311927213266],[-61.90866966151501,42.14551200876432],[-62.62842565364104,42.09649754514264],[-63.63548244500256,41.85197742980065],[-64.76983989908244,41.05750832126293],[-65.49983993462375,40.81222915114575],[-65.80035113988086,40.47557784829674],[-65.82801173921554,40.48231644616237],[-66.2010331034728,40.55843338025702],[-66.3222355509027,40.57849962856973],[-64.26785165999472,43.48952330391656],[-62.5831503694899,45.23660846607106],[-60.03315580698535,47.09497764076266],[-57.45629013723446,48.412858560076714]],[[-19.827391931781165,36.85697104287718],[-21.27710521957916,36.665363381111824],[-21.52850777595343,36.365628054853865],[-20.87113531078975,36.05296246213651],[-19.917306537998048,36.0518305528347],[-19.275774994255034,35.81170905528349],[-18.828325743643767,35.62573816945853],[-18.122209926352213,35.831719681755295],[-17.609877179105187,35.88707937791578],[-16.75705379990553,36.004294492069164],[-16.827453226157903,36.23526568956106],[-17.41050680964749,36.6049232327063],[-18.242793863366035,36.448129336169785],[-18.542332660064922,36.640166765982926],[-19.38968633859804,36.65261146097001],[-19.827391931781165,36.85697104287718]],[[-14.058888921269425,35.478055710232674],[-13.081759985022517,34.94042530486726],[-12.763594251162278,33.82158648695892],[-12.167687071975088,34.10320399012312],[-11.800931505126137,34.07925252448899],[-11.895973771065577,34.39029794912571],[-12.208713613956425,34.76311641141454],[-12.688634207438527,34.944875734813],[-13.150385091918993,35.28982365620702],[-13.781598955935266,35.57221045288067],[-14.058888921269425,35.478055710232674]]],[[[7.951241857977507,-61.667885989935115],[7.816164711039502,-61.89276013794931],[8.142696955544457,-61.340643110697116],[7.951241857977507,-61.667885989935115]]],[[[5.476770173375095,-53.587219618970245],[6.270742758334393,-52.94613736279428],[7.430318351479254,-53.07378073814637],[8.20777052577887,-52.906842079704525],[7.816340778962698,-53.32956782906908],[8.44233433416255,-53.72418901060872],[8.234309153380227,-54.164470822723096],[8.490537206060777,-54.682825524905425],[7.09268368618441,-54.255218364309826],[6.273603030584619,-54.11500839895651],[6.342690672858592,-54.07470120646228],[6.237422776509211,-54.10881507460474],[4.9315674091569734,-53.88527916936617],[4.01747747904916,-53.751631454447356],[5.476770173375095,-53.587219618970245]]],[[[1.0529977253749074,-53.31819932490302],[2.283420699643931,-53.321836533514684],[2.9039678906913196,-53.588826890998476],[1.0529977253749074,-53.31819932490302]]],[[[51.340190137628234,-54.78523305384721],[51.248461327234295,-54.28160090272542],[50.98634340500107,-54.00366675780746],[50.45941838512426,-53.39393917556202],[50.14987689895082,-53.26882802329289],[49.66392406031379,-53.471858012605],[48.967299141138035,-53.48745868090438],[47.77847812402773,-53.491539782531014],[46.98640288669822,-53.81884218143614],[46.11406656871684,-54.271828566024745],[45.08194307277068,-54.444619487241965],[43.7323353848912,-54.32216253433578],[42.57571216190198,-53.89847335881231],[42.47639493440771,-53.69053378967569],[42.05050041593999,-53.353499913261366],[41.818374898904196,-53.378276746054915],[41.9512418024333,-53.80004064708622],[42.083376545296154,-54.63541453555205],[42.11980633257577,-55.56646878256898],[42.1337540893098,-55.65816027788452],[39.47413616772927,-55.883393707709914],[34.39969520949692,-56.500781638675065],[31.49202906000906,-56.92507108047029],[30.138737579924125,-56.44943576424837],[28.955568728116596,-55.98524992233164],[28.84538366881721,-55.75217491148679],[28.147643555131456,-55.48301401631017],[28.95001859550475,-55.24018878155583],[29.034863932786354,-54.73613717489335],[30.14354791907376,-54.694302978157225],[30.63105467274532,-54.29046414037909],[32.90787916493131,-54.963973823867086],[34.754613395449255,-55.32710778100333],[36.207798985253135,-54.98328158405666],[38.26435696351317,-54.93565895394627],[40.006699605522954,-54.39924365572186],[40.46859949989458,-53.41344151389425],[41.026014228558076,-52.790360081493795],[41.714460451231325,-52.59269202125293],[43.664442574928,-53.105398849330975],[44.89335964670604,-52.399510589468214],[46.16966045172392,-51.7622636890286],[48.14895055959602,-50.5592439227141],[49.07747119225938,-49.42422276124396],[50.25503267053986,-48.17552195962162],[51.28455072359817,-46.651309104904186],[52.74942367914426,-46.41787112972456],[53.85520436524891,-46.52049135115178],[54.627626434229086,-46.04240213896227],[56.400720285656206,-45.45024665651916],[57.071713524566015,-45.36957547826349],[57.27455013848603,-45.92495093832538],[59.559954181862594,-45.29956257450916],[60.071276022626684,-44.735927674301955],[60.00065482064747,-43.25256092408029],[61.291643663381684,-43.42087008195351],[62.861617782343096,-43.8400709675895],[64.66965987002207,-43.98581550982951],[65.02872515195612,-44.011213613671806],[64.73886256237954,-45.456635185952955],[63.602473883241466,-47.44972447851112],[60.36335890253485,-50.94186423665361],[58.00242789340122,-52.60625785917511],[54.387213328418916,-54.11820725308824],[51.34664401309296,-54.791610578712465],[51.340190137628234,-54.78523305384721]]],[[[-4.551063180983492,-49.019156291486716],[-4.599935672553757,-49.22334482398962],[-4.3058990187523,-49.71094139803433],[-3.2602593148565884,-49.22941222743367],[-2.736077515028689,-48.94325437151795],[-1.3699305619021933,-48.93086024826294],[-1.1511256469888045,-48.68991190239991],[-2.1195280743250566,-48.34221126777879],[-2.2227304373312133,-47.95362594861],[-2.5292478187015517,-47.37076217906673],[-2.0800005304886877,-46.671125981421305],[-1.507952550050452,-46.273503950614945],[-1.165367495888517,-45.074301431171854],[-0.8635789677767503,-45.1732191587274],[-0.3730034009944494,-44.96326184652987],[-0.3926784914057744,-44.705366567562564],[0.3643057230341187,-43.966328562988515],[0.7085623284037394,-43.412239255902676],[1.5777447381023983,-43.27063193335584],[1.664003928747233,-43.641174087893134],[3.1715600380955564,-43.827964430054124],[3.4764088038703913,-44.0393936648745],[2.581002911285301,-44.42143492306714],[2.424195889091797,-44.620549029091656],[3.5357977094003084,-44.85557705003243],[3.371594841791171,-45.33718990255037],[3.9606591168454623,-45.50419182394885],[5.2291910001238895,-44.82041916466387],[6.271700465035512,-44.53931443466366],[6.383364905606433,-44.16537596879459],[5.407273692395973,-44.329505638286726],[4.889817784947447,-44.13417738923537],[4.729776874619064,-43.521621637691474],[5.472239526208713,-43.075566896268654],[6.329831388204342,-42.92705240022585],[6.866223098664238,-42.53166085561946],[7.570734440531993,-42.35266550022854],[8.332835755932164,-42.07066191795834],[8.419771954267613,-42.280543694365356],[7.187760625625227,-42.8805965606059],[7.808174291705898,-43.196263950328905],[7.240439513031468,-44.12646937954388],[6.574726245862145,-44.37144882995861],[7.56361458828897,-44.84365160482818],[8.797231668589092,-45.05094981775531],[10.347477319335944,-45.661242003266196],[10.828398509005238,-45.89039951226678],[11.432886577936276,-45.89441033266505],[12.167018295930038,-46.13019379228469],[12.711632987292855,-46.728833035605724],[12.740666177463936,-47.17002034128264],[11.697243443941435,-47.92085297397402],[10.726373411483896,-48.00200765206611],[9.4983448753408,-48.35652823748564],[7.7917262646728265,-48.193134971772736],[5.7045394314677,-47.702072754623735],[3.8908707038331487,-47.86152110146251],[2.6294849557453337,-48.20977437882757],[1.313791178526997,-48.89915403173342],[-0.8673070948619792,-48.7741556839516],[-1.3830349876058297,-49.525675635830694],[-3.1891150663302237,-49.50416541451872],[-4.637459991805261,-50.3812119048612],[-3.9396018728824216,-50.904174077897245],[-4.428786559388428,-51.40256476443053],[-5.4034265565744475,-50.77567409208854],[-6.717864045117233,-49.57187142532286],[-6.594903182105046,-49.55244432749532],[-7.256727797642661,-48.91398024537978],[-5.820236442755197,-48.794808179367585],[-5.243915267579416,-48.938945187719725],[-4.551063180983492,-49.019156291486716]]],[[[-16.56901686453453,-44.89866921093912],[-16.588815649730357,-43.994449634032954],[-17.16392610301729,-43.261056765768664],[-17.16863423065831,-42.700645374141],[-16.901381395431137,-42.47690861443232],[-16.6748701316092,-42.00806782876698],[-15.782520008785024,-41.90997365517794],[-15.164655197091484,-42.25688514934155],[-15.406028050072957,-42.28234355845022],[-15.445519487942523,-42.287843455077976],[-15.644474796047914,-42.602700547726876],[-15.554759591351948,-42.991895250250934],[-15.060857047213243,-42.672274848574084],[-14.562688826734831,-42.98368925784337],[-14.710881051441653,-43.30376177720448],[-14.496593949260657,-43.812201606048475],[-14.720400313851739,-43.83111310636008],[-14.283526572923817,-44.73184987790247],[-13.535222818447684,-45.23225553487751],[-13.123643360902605,-45.70753988755768],[-12.333952756821587,-46.267715544780664],[-11.972431371872148,-46.54903829020352],[-11.813237147128719,-46.92038858563362],[-11.624476065113784,-47.0373761577809],[-11.550544030953159,-47.156407177057545],[-13.122055880880021,-46.928411684797105],[-15.137059979941125,-46.734849091308384],[-15.384985711751904,-46.543448152044085],[-14.998260175470552,-46.43041802189037],[-15.13274513550044,-46.15998621409203],[-15.919440045442933,-45.95602678072486],[-16.56901686453453,-44.89866921093912]]],[[[26.60115383408627,-45.324039436206135],[27.336193167802932,-46.24288832591647],[28.112529655200415,-46.72892405776468],[28.2247799871087,-46.962626211352514],[26.943883081512794,-47.90174624244421],[25.37701986143933,-48.38472406426912],[24.271912495568355,-48.24966881219126],[23.137006122603207,-48.45136826162528],[22.269239934612138,-47.93040811752456],[21.888100109264432,-47.506273902267935],[22.09107537137973,-47.163966633941314],[22.013160039324543,-46.793104864189814],[21.637791333947952,-46.04876797167488],[22.368012821433915,-45.670090584791446],[21.885840904008376,-45.551616653657774],[21.410943438806704,-45.68281868690652],[20.449978378803948,-45.23937559987345],[19.612909872951274,-44.95124976629457],[17.873659892536082,-44.241506520417545],[17.572605980443754,-43.59977711884089],[16.22518075377345,-42.996133404244496],[16.536600876086933,-41.7697441650182],[17.26724083517832,-41.338004822579286],[17.308695728819707,-40.66659758196166],[17.94496473111921,-40.195839317403546],[18.599428672826452,-39.442053215775616],[19.410475949258696,-39.37972891659439],[20.147255357818427,-38.99904882193308],[20.688549348538075,-39.469859439350465],[21.19948907442978,-40.37208031951632],[20.40383460487376,-40.55331978339104],[19.81999834267964,-40.987473440975364],[20.25907559214575,-41.640647685283746],[19.381211984213504,-41.886917688548834],[19.614629358519004,-42.16377904831233],[20.24724257185941,-42.19815607760693],[21.22952254704332,-42.821825700957135],[22.460130380356798,-42.684038286683915],[22.87155775428385,-42.90741177678573],[22.95970639078526,-43.35747268185366],[23.185646988259805,-43.542839630968174],[23.93801401948517,-43.96603657414409],[23.4835521073235,-43.306970581861904],[23.982567079717295,-42.76844168905933],[24.657601861533866,-43.12704925656206],[25.743552234965243,-43.31153716891223],[25.238803980210744,-43.95294969937824],[24.221690343774142,-44.14285442324037],[24.66661444599505,-44.941692524818386],[25.310077398860958,-44.709992682686405],[25.618740832530776,-45.388378918198285],[26.60115383408627,-45.324039436206135]]],[[[-25.17577778624883,-31.714962127011407],[-24.740994892554458,-32.19052750197181],[-24.003761743760094,-32.10661388460179],[-23.88347260625915,-32.44721408960709],[-22.676710269020145,-32.905078929041935],[-21.874320950281355,-33.41964274231833],[-20.958687746763694,-33.32168894195982],[-20.84721198738343,-32.755512581766794],[-20.34183329441225,-32.69391537975568],[-19.842374512539358,-32.20724558066226],[-20.423135295713813,-31.63367159802678],[-20.317825082430407,-31.212715897203875],[-20.29316435615737,-31.147521369217113],[-20.169767509436863,-31.14697014141629],[-18.29032279101526,-30.61358498316166],[-16.656061739884453,-29.29209274234217],[-15.752449301665521,-27.70247824585463],[-14.488265509205785,-24.364202280130495],[-13.389439640283,-22.898149701391183],[-11.554333986277229,-21.69612079159632],[-9.669597475515488,-21.04032696997911],[-6.046440913627688,-19.91596542241255],[-4.421466906630555,-19.478132138804124],[-3.1947341195956116,-19.551764635211477],[-3.9459105603310847,-19.80879732631818],[-5.261288958398269,-20.81057428688343],[-6.119082535612991,-21.369941240396813],[-7.72760458300138,-22.919345482617086],[-9.039970327905813,-23.959685035447766],[-10.351704226500527,-24.580418182730504],[-11.937724728031517,-24.829741391843207],[-12.683090356428725,-25.205211592556623],[-13.737313838136641,-27.316144821297605],[-14.124555301524932,-28.351800678756447],[-13.653756869233725,-29.13661509449801],[-12.812283008121392,-29.230688008375036],[-11.213674172811286,-28.58275437963165],[-11.114979624082018,-29.280949021720993],[-11.28519411576213,-30.743588033439288],[-11.260488900212385,-31.966871497797033],[-11.4552793813945,-32.914665361768186],[-10.698667747402885,-33.09381856178586],[-10.03832810904959,-32.444381136199766],[-9.308280553503218,-32.74036915210286],[-8.639379418132647,-31.93046457167682],[-7.881282650497944,-30.368817699176205],[-7.209408863245214,-30.279028088038235],[-6.384401605737211,-29.290761025316105],[-6.763394491695081,-28.641533428599583],[-6.946320353143451,-27.873657339647032],[-6.187883448133445,-26.59117663552558],[-5.031797847196587,-25.94002414233531],[-4.109743966153231,-25.276065025652763],[-4.069457665626384,-24.661100820946153],[-3.5101356388690887,-24.036237039234482],[-2.7063240957844648,-23.848958533320822],[-2.1377705124316684,-24.377664874344585],[-2.1317415194707605,-24.80282338161625],[-2.463147721079539,-24.984352594438963],[-3.6998151912373136,-25.93768719012022],[-4.253940844031958,-26.495199776941753],[-4.604208681661608,-27.03236371573392],[-4.525640422620399,-27.959975347401993],[-4.835552158063997,-28.912624090129587],[-4.3591858119778255,-29.31424624375325],[-4.124374689967897,-29.896427280817456],[-3.161908056769485,-29.790681009528928],[-2.1227308304986505,-29.50671036816601],[-1.0913751377653425,-29.478138528487687],[-0.5088003252026967,-29.968006099147466],[-1.1899797950868292,-30.503506624439783],[-1.7994494189471983,-30.506155947859202],[-2.421765664696756,-30.301462003800715],[-3.174679278532542,-30.384486024080292],[-3.9569696712003326,-30.582352309501925],[-3.9950875548754516,-31.15781494263733],[-3.6623450245975167,-31.552456582237447],[-3.420000063223083,-31.45007077600037],[-3.5717263249761544,-32.0290174602746],[-3.802016038572319,-32.77899387962602],[-4.319956694684147,-32.74142363124424],[-4.692183593347358,-31.93981480786099],[-5.346216069797602,-32.19433941685519],[-5.790508231789971,-32.76462250926855],[-5.9795513861208205,-33.50078416931181],[-6.024928596016485,-34.3491168251937],[-7.042868655360051,-34.51005380462582],[-7.315014133109512,-34.911209182725734],[-7.976851966882094,-34.77058758794065],[-7.957553582471207,-34.52325474052768],[-8.581977403856381,-34.21602831987943],[-9.541314441744714,-34.34327542043477],[-10.763583526305007,-34.509228011324474],[-11.341930489640104,-34.655909715550344],[-11.529504372274781,-34.262456919554204],[-12.106772365180152,-33.661278241969576],[-12.594308557070095,-33.79597627605164],[-13.343305642078517,-33.74123683673025],[-13.169509953472671,-33.41706959584098],[-13.70108035163633,-32.96876761501896],[-13.524607335299404,-32.611818822547576],[-13.456237656494942,-32.104019383871915],[-12.679183901889628,-31.60767062451462],[-12.549814115824566,-31.772656414679513],[-12.231649425141322,-31.477196381175446],[-12.485462571649267,-31.221596220922528],[-12.427487100461162,-30.938320056736963],[-12.106744410899013,-30.701284572304175],[-11.856840465226073,-30.233991711573864],[-12.444313345300854,-30.324245695954207],[-12.774727700191615,-30.499807352164474],[-13.308764674042004,-30.357394258358926],[-13.62142579163664,-30.561867194938948],[-13.853078661248562,-30.765791585618484],[-14.356754437584984,-31.693207273620985],[-14.395964500829885,-32.293446353569124],[-14.659645701653593,-32.81596059845738],[-14.709691256103916,-33.21169576121435],[-15.400522829236394,-33.47814944478633],[-15.400008511236392,-33.23185542418793],[-15.955098168982838,-33.05439064162649],[-16.195364148390816,-33.18750076423626],[-16.698071164849107,-32.92742045711974],[-17.790975752208016,-32.885285480541896],[-19.25431706293152,-33.86400869267746],[-19.75794994041492,-33.92377049257875],[-20.39367722104093,-33.813658375996255],[-21.07659786759321,-33.67082013989247],[-21.833284705155883,-34.23107665117099],[-23.851384573278487,-33.950812371185435],[-24.101615961637837,-33.232806717982655],[-24.770939016721947,-34.24004211582513],[-25.587950356648655,-33.3291029110432],[-26.52126392097267,-32.92178373300805],[-27.052941283161946,-33.50321824158575],[-26.443408992401288,-34.47692667085754],[-26.388206458790066,-35.18667265711725],[-26.560613381436756,-36.446006867575015],[-28.3180191931641,-37.86922172098505],[-29.178155700275674,-38.0682172539197],[-30.23308224176897,-37.24314856415644],[-30.688444481768073,-36.94444101637712],[-30.672158571387364,-36.84231704436482],[-29.218563689661472,-33.61050066251841],[-28.075357122799765,-32.268648832858005],[-26.19160478744966,-31.381187276309994],[-25.987595538369572,-31.358913852386117],[-25.86919787403727,-31.69490124507267],[-25.17577778624883,-31.714962127011407]],[[-12.239718598271741,-33.26407224959864],[-11.511132679679354,-32.632030537187234],[-11.498325384132349,-32.0997052129176],[-12.544003254741359,-32.10185743573791],[-12.647265198100465,-32.51527634819307],[-12.239718598271741,-33.26407224959864]]],[[[64.89657398894286,-28.15275551243722],[65.08117413633735,-27.91949830589775],[64.91251284975183,-27.749011780045983],[65.22966020327644,-27.405859098207987],[64.68622048336312,-27.004966968228434],[64.21407931426833,-26.99963330715625],[64.45751011371182,-26.177887141638973],[65.1789828889974,-25.917523202677113],[65.74186820729349,-25.83833575971806],[66.30893520354059,-25.882746524569217],[66.9328973328029,-25.71697200187999],[67.40733487243944,-25.478538391252243],[67.04280390519482,-26.0193877719554],[64.97892462107326,-30.489193096928044],[64.84031247878097,-30.470073993689088],[64.9077513609214,-29.30663558581323],[65.08126998145441,-28.69277789258677],[64.7087098267068,-28.48325441893353],[64.89657398894286,-28.15275551243722]]],[[[75.93470536660135,-20.9024079694771],[77.0899748559676,-21.07483201150249],[77.74961087691126,-20.793704236431697],[78.35313114702366,-21.06593090315408],[78.305200626183,-21.076913970175674],[73.20627970696644,-21.564236714731386],[71.83011325042386,-21.954462504913142],[71.72395109682762,-21.79380102889771],[72.66099858364878,-21.479482337323553],[74.03085033126848,-21.443933130807537],[75.34309229936767,-21.248232098161868],[75.93470536660135,-20.9024079694771]]],[[[9.050210831448364,-17.194829762695125],[9.185792493062502,-17.024211986647458],[8.214106004615166,-16.588444881784444],[7.952378249890777,-16.170257742281425],[8.802635061440878,-15.859452267968992],[11.353642821303557,-15.216069443599014],[11.643452841411078,-15.150379656538865],[11.821518727118207,-15.354751608183749],[12.473663616788066,-15.851399563676793],[12.690554459833546,-16.29223648782683],[13.096666144053186,-16.09921401562618],[13.247031394763813,-16.255063836990963],[13.895272838969932,-16.417757462614205],[14.0585140928487,-16.974858887041265],[12.236489651915788,-16.906832683905474],[11.632502282899953,-16.940099486743925],[10.564877218960612,-17.257034081238437],[10.587132362127582,-17.63260434147309],[11.241886417373642,-17.92416107096072],[11.245973115905771,-18.705301614388794],[10.54160057825647,-18.40509426552702],[10.264065530694948,-19.03315446697403],[9.634574404907728,-19.381385856848606],[9.546318095599025,-19.805812972768063],[9.056058425740645,-19.912447070420555],[9.124100008718509,-19.209042014210127],[8.841495245542626,-19.28243702715136],[7.95286214195132,-20.580466920484547],[7.339782912959849,-21.30430001410244],[7.47205569898331,-21.937457546848695],[6.9227696109672525,-22.33663988190394],[6.493652448502643,-22.101665704968987],[6.317732927789789,-21.569701569093272],[6.771943564198295,-21.307698754300993],[6.370156455310353,-20.839508686269117],[5.217156136319056,-20.813341653198364],[5.669432973904943,-21.34337355235829],[5.64285416067005,-21.969192643130732],[6.151224663539006,-22.458675564088317],[6.106536555695297,-23.183132871191376],[5.614755998015027,-22.940272013960005],[5.21075325244966,-22.971353306046556],[4.419470874575317,-24.125493876968108],[4.879594278189602,-24.789594365712723],[4.540716697050881,-25.097892339794484],[3.3120586111177386,-24.648948668301486],[3.060208702272473,-25.04543980084503],[3.4189826213068115,-25.45185056558555],[3.430482738856102,-25.939818573857764],[3.015744839970541,-25.72631145699098],[2.36291013539012,-25.48348773477716],[2.150247299134979,-24.00950218010224],[1.3749433614386766,-23.329271209367317],[1.6810265148596428,-23.182782606224002],[3.713869488438235,-23.728221981141786],[4.372810347790395,-23.350335051213992],[4.729863791962742,-22.747365945712893],[4.552752631375572,-22.101713453427127],[4.142904408116084,-21.69422880290318],[3.7561464661416446,-21.484430109611036],[4.137781311272729,-21.153006221528322],[5.682821609300333,-18.46119697134731],[6.480379671478346,-17.24568883332164],[6.883696580033046,-16.907045622524368],[7.032670720994509,-17.18194131825205],[7.700497303425511,-17.195497340838447],[7.977513335072015,-17.56254289232708],[9.050210831448364,-17.194829762695125]]],[[[16.565459590500556,-16.491685078124586],[16.44044719470635,-16.983253531346246],[16.589724303614222,-17.350237397369877],[16.13671395361178,-17.566909966899253],[15.66296176420405,-16.019221967367457],[15.284016952034882,-15.437773383069388],[14.540479966718397,-15.289274866281291],[14.060589352734176,-14.759628870527118],[14.526099536609644,-14.713514683237022],[14.836999902913885,-14.929626761774445],[15.177917766510397,-14.703135992191926],[15.555153827484203,-15.279270443223579],[16.14026908657213,-15.508510588591797],[16.26641828956773,-16.075550954268806],[16.565459590500556,-16.491685078124586]]],[[[90.0,-10.981245534946162],[89.57678223332854,-11.047048532673509],[90.0,-10.980906173072013],[90.0,-10.981245534946162]]],[[[42.29317204268681,15.186295575364069],[43.12905513571957,15.198580873431558],[44.569358854245095,15.3627583496446],[44.82842326636799,14.625262501891465],[45.690187017187945,14.459828452455081],[46.6639262495833,14.79324056409847],[46.48133591689995,15.451821703177089],[46.83067513652647,15.41265386501783],[46.97658200635856,15.137164543608213],[47.68975630506009,14.973661268781195],[48.435143271904586,15.23276124281136],[50.21845068799477,15.032817198921009],[50.35445264179592,14.992927747673049],[50.63153333616587,14.791164749679075],[51.8783283681158,13.841719564515758],[51.49479495445962,13.231693938520078],[53.43948275527536,12.704240882009174],[53.37127978750607,11.813926761748297],[53.9023422314167,10.25248372961402],[54.66670242205872,9.741676028104344],[55.28243953361725,8.976598963844792],[55.96087431687104,8.609096671419788],[56.34693897132949,7.853291344391939],[57.00502138257059,8.255622391831556],[57.246208637636215,8.815011095095418],[58.17405768029021,8.693977624027953],[58.3710206979448,8.945310190636693],[59.325959890668095,7.434001771285328],[60.802342454897776,5.574596586795497],[63.038994441891155,3.6955790358929548],[65.3123455442391,2.415951819169479],[69.8907997165094,0.38366934190743324],[72.1305493588737,-0.853183420638742],[74.29641569244379,-2.4408387236238394],[75.66919813937204,-3.833371369917929],[77.61355126136623,-6.424939497738178],[78.71858746005927,-7.775323938250294],[80.10307464308288,-9.21767952426475],[81.30894484419413,-10.2680982218901],[83.54792459007031,-11.975925585852096],[84.44217903156571,-13.016921174258162],[84.87773782460384,-14.431187089090058],[84.70162822568716,-15.747212385705485],[84.22829551918333,-16.954089148052713],[84.22359844131336,-16.956728453782514],[83.57220081153679,-17.524706854569114],[83.46601552853558,-17.750005298992313],[82.90065324121653,-18.245368391772466],[82.7528625801323,-18.841816254228934],[82.12178061899151,-19.37007096799577],[81.1957576779466,-19.505546762354676],[80.20454980106466,-19.855770849100267],[80.13024393565173,-20.49575479794398],[79.35448862355092,-20.51764891659478],[78.43776942430316,-20.138456344185034],[76.93086708402639,-19.503285258979556],[75.77509407504404,-19.337801418889317],[75.84294633623435,-18.483584295434554],[76.65759191549878,-18.687072446891708],[76.70289395046517,-17.853520842793206],[77.2465790759355,-17.01036545130813],[78.35578765087419,-16.58059355792461],[78.92157004883211,-16.211451888469018],[79.11822899038874,-15.397323049825955],[79.74247868877595,-14.695587393203752],[80.42978664518493,-15.002705091673931],[81.10818484298973,-14.67104542701464],[80.19963635026075,-13.403726174159033],[79.37816786347604,-12.56715919420662],[78.76661567638841,-11.41693444132994],[78.12867289187288,-10.574202779836721],[76.34669058089028,-10.369938321950947],[74.44490730124014,-10.725149021356485],[73.59555660471611,-11.265464782751105],[72.91177379171882,-12.096986892740917],[71.51335209847308,-12.896734897870747],[70.3751680376068,-13.536565676790701],[69.6823427980559,-13.271930155256225],[68.78403701081855,-12.413375061745894],[68.01519263884214,-11.103164319038086],[67.88400972424408,-10.652731069484064],[68.29705636330753,-9.430411628617875],[68.67382317270435,-9.675976666258023],[69.42424267490688,-9.477252615129927],[69.39655012004184,-8.95493069801014],[68.34873443784697,-8.574386457414656],[68.24977285106101,-7.582657688215649],[67.80909190180282,-6.262416725365613],[67.33270799056973,-5.718049227481687],[67.67127130253485,-5.411733186053423],[67.24658106577073,-4.830609829936385],[67.16439709714734,-3.7882123644445898],[66.3517948299813,-2.4903536989298045],[65.44656483054482,-1.2216681884274028],[64.25850771270365,-0.3733581475613596],[62.9461633694108,0.3522323267986963],[61.85972002806317,0.9926403911315812],[61.76415367865522,1.4841612354381235],[60.96795768627611,1.6950562613943458],[60.150990964988495,1.814763634432394],[59.84854882583877,1.3001346559714313],[59.31754795553327,1.0873395303370619],[59.03693934170337,1.6224645264722004],[58.29347132096277,1.623468056252558],[57.533701681853785,1.0370684506088221],[56.621747471018054,0.5181449787335036],[55.63931597387907,0.18778364891526678],[55.087137837144915,-0.6959655006480242],[54.38961116963145,-0.27262041659203473],[53.88680230546471,0.5146790945225015],[53.343596689445846,0.8859491389082116],[53.04264412940344,2.014223471227333],[52.522039651443876,1.8715990067859078],[52.50657768943614,1.3579376912239247],[52.126648724703244,0.6500520323883162],[52.84313501108396,-0.23680023209419512],[52.546523689691234,-0.863996724256646],[52.09739955565855,-0.8851302550541832],[51.92252486057663,-1.5275886575645412],[51.23638886169134,-1.9242966783894828],[50.7793365235352,-1.5165693758073062],[50.7436031981122,-0.7561558836691449],[50.10137126488085,-0.27640936712334124],[49.403946354502416,0.5836834880605336],[49.04190046865931,1.2390354987430043],[49.55724821006877,1.650831480161206],[50.2415602019189,1.0585658800222308],[50.62833216597825,1.2262723681667294],[51.09773376658232,0.8208136851436687],[50.810107575366075,1.6523599838153118],[50.32684739165587,2.2079978111618184],[49.99322631643093,3.2698765500639255],[50.24334814264694,3.645422752150948],[50.32694608051476,4.100455496732657],[50.487697266767,4.160747249708658],[51.038789814825456,3.9954007274451753],[51.21780787904747,4.0750834731286325],[51.345561082286366,3.8976052542919497],[51.797479503568674,3.7062437791497382],[51.94590922844559,3.9260022824455314],[52.02637141302256,4.135110568960727],[52.21316902255491,4.173494959219639],[52.116650069756005,4.400212935399801],[51.92261227468006,4.483926133268694],[52.088815936646675,4.878725669355193],[52.90822167029486,5.481765262050287],[53.117522265274154,4.8998870722790535],[54.136838246497135,5.323770410692159],[54.8983481403253,5.221812762456315],[55.43826252263451,5.348429432411894],[55.3011638555588,6.083732871652492],[54.83370942016566,6.70695542381052],[54.576068103330336,7.429416955196221],[53.99497103928431,7.683644711078364],[52.83869125915571,7.564454000949088],[52.20785261859649,7.303962692077595],[51.08962640183451,6.515283266804298],[50.689401322773826,6.037016629253245],[50.55249613815555,5.715894039830235],[50.43442541701345,5.7967394113765724],[49.99870925363063,5.784645705940693],[49.700553119938796,6.093033528508613],[49.487943366456896,6.58476109370387],[49.16287640068247,6.841150246876032],[48.972013210856794,6.957050209930371],[48.70799928016133,7.322578696952302],[47.99172867888737,7.213995059050809],[47.62529866010761,7.396124434003678],[47.24713785787437,7.675410052229584],[47.271811855412416,7.961982695449296],[46.92383355707513,8.03347617742081],[46.053431010794974,8.905493037163486],[46.46995931242196,9.43264036265081],[46.382947530472194,9.887467639989831],[45.62670114497655,10.74612824054859],[44.947679831375616,11.096146313039013],[43.598075463502646,11.805967043881033],[42.22245264991617,12.473110104252378],[41.478378107273656,12.534046227337942],[39.7807679982878,13.152441778469125],[38.11872938592444,13.00486253103596],[36.92694065188226,12.723687550079195],[35.80258785373107,12.899024984898201],[34.97583320682982,12.626675488988642],[34.153277173265586,11.488518836187426],[34.26868180489605,10.854023260723537],[34.85947494946844,10.621359578909852],[34.78590625649766,10.011375747694384],[34.23880477465239,9.582296634111636],[34.32360769519338,8.666340818243162],[31.471429586921644,10.167416169972467],[29.049807248962836,11.207223057418267],[28.155482264819366,12.677119327475328],[28.154324436571695,12.680715480856046],[28.19756723243617,12.766856996254742],[28.374571753531427,13.16016257068856],[28.534603730215387,13.560412984915077],[28.677310943623578,13.966898622881386],[28.802363729640444,14.37889674652874],[28.909455526371556,14.795672372191673],[28.998303478283844,15.216479154646663],[29.068649103666097,15.640560282378283],[29.12025903112964,16.067149388116896],[29.152925809778676,16.49547147913848],[29.166468796426635,16.924743892194797],[29.160735121818206,17.354177278252468],[29.13560073623458,17.782976622452548],[29.090971533114462,18.210342304848805],[29.026784547418238,18.63547120753287],[28.943009223406932,19.05755787369767],[28.935736908784996,19.08698456812617],[29.356902302239202,19.23059493428622],[31.22384910318095,20.63211354901223],[31.25836690013311,20.659392419802465],[32.8092945051431,20.159942681830593],[34.647001075550776,19.366328781442736],[37.81626172616859,17.59136195113867],[39.74254966560262,16.72077297933275],[42.447751225284705,15.986223790395464],[42.835484488833366,15.93056007963643],[42.29317204268681,15.186295575364069]],[[70.0782786425101,-8.460008179088948],[69.68138688086557,-8.649103212935032],[69.6260473686538,-9.186822285364933],[69.8450591709353,-10.229152838925257],[70.2738179021067,-10.722266044548176],[71.14931191682483,-10.750868862666975],[71.51191175268954,-9.992837991292356],[71.07191312050176,-9.147494920093372],[70.50015927799618,-8.897417695815124],[70.0782786425101,-8.460008179088948]],[[67.20483478370546,1.0838334208444647],[65.59534845704597,1.6190587064937985],[64.9896740545921,1.768401101942647],[64.69700417181491,1.3516661653606312],[65.45995808119956,0.631935576021536],[66.44370122860441,0.09733968364103003],[67.1849879740989,0.20286461964978558],[68.02773860664446,0.6928211457973358],[67.20483478370546,1.0838334208444647]],[[33.70673633528694,12.766404487209162],[34.08191985070014,13.134508518002596],[34.70602400261819,12.755474753384656],[36.05984503421764,13.115076104492429],[36.911613096772925,13.758104638014407],[38.235100051786205,14.130877036175724],[39.02623397713556,14.207863265934161],[40.07039694146636,14.591613508505276],[41.05825099844369,14.795885462009096],[41.85488602308308,15.154024018302907],[40.951930927562884,15.366228307180752],[41.389838908320165,16.043179345973734],[40.69066898723507,15.851367900449992],[39.880793513677624,14.915018425771532],[38.32821643061541,14.86734689741224],[38.33350248478218,15.890400856133606],[36.81446462242297,14.7025908494061],[35.91293525141541,14.134635108435534],[34.947469776637575,13.832959268258454],[34.07802616570618,13.325364906285294],[33.4855043350279,12.968032325124902],[33.70673633528694,12.766404487209162]]],[[[18.523239374247325,3.7250311735041595],[18.867709868316513,3.6934436591959368],[18.555709768054705,3.118828276468598],[18.477292399694974,3.0632016754418516],[18.480097662695954,3.13179555546317],[18.523239374247325,3.7250311735041595]]],[[[75.47252275294433,0.9601143360936739],[75.72802214860536,0.65841724374294],[76.1415422705148,0.6103393493903055],[76.36077552801667,1.0946282801741054],[76.20715401015494,1.9760258500956263],[76.80032101869004,2.6008765282995463],[76.43001100273541,2.8470322543988207],[76.95160132307285,3.213059621666716],[77.4325201171817,3.9800436104631887],[76.96896768955978,4.073979825264813],[76.73326786942324,3.7525210142017094],[76.18630341925581,3.8363878054530067],[75.6481690708459,2.6170930650653665],[75.77118923351418,2.189694339808798],[75.6653673237913,1.6750348140858433],[74.87020591950461,1.4529222054233095],[74.3891809769388,1.5398743300142017],[73.58637638095286,2.302299832645229],[72.89230455202585,3.211650201821783],[72.63099692383123,4.238299995393317],[72.89162068367833,5.047594706185398],[73.9352721519716,6.459844544368931],[74.64197393717167,7.022672099782133],[75.72215924796757,7.2902542137297015],[76.81511743690808,7.168028863608822],[79.00804740666904,6.519240726989128],[80.0235446209867,6.06755490543592],[80.42883464253217,5.738079610205585],[80.19680535031819,5.3335514873449155],[80.85310827712566,5.393171831615106],[80.8796077872634,5.37162939666248],[80.98356755951946,5.19323303324946],[81.00902586951226,4.706333932589311],[81.30753080361036,4.602991408171365],[81.55768246712755,3.6570728669060633],[81.2911070756403,3.447573518182239],[81.65252817283819,2.9400904524664315],[81.6320220404025,2.4932056692005413],[81.1562586129341,1.6600382256005741],[80.39844775053427,1.0254343122948992],[78.59999729463031,-0.0392108468603064],[77.59981258470968,-0.3125350541439466],[76.39998723540818,-0.07775687864922506],[75.53607254715192,0.49060043643462137],[75.60305193442608,0.5464300427326318],[75.34000944159732,0.6368701946270181],[75.26911116282996,0.7042024646403613],[75.47252275294433,0.9601143360936739]],[[77.79156639402764,1.2336545905332565],[76.92592405920662,1.4878194018440165],[76.56755665302015,1.1478539659277374],[76.53337977054954,0.31454385874234275],[77.29420183405618,0.8134786854703705],[77.79156639402764,1.2336545905332565]],[[78.10199945806892,1.8431102200230045],[78.57712082572124,1.9980277540809654],[79.08803090060488,1.9318225884823859],[79.55274280900306,1.96943788615959],[79.24756442340298,2.591465613112643],[78.81810628910137,3.042084680336521],[78.39960767314459,3.056604677938151],[78.40721558412888,2.433214222935041],[78.10199945806892,1.8431102200230045]],[[80.0089845768245,2.546922827635868],[80.27841256458478,2.345915641748175],[80.96566731972415,2.958783810735197],[80.66643464663449,3.266195743616721],[80.03038110151938,3.568614501148617],[79.69687430339116,3.918423766203086],[78.73949136426289,3.9996907234850654],[79.71554140969376,3.284266286350921],[79.03943872696159,3.4351789844566167],[79.10406226752085,2.8943661230718187],[79.72651868498447,2.791668901803308],[80.0089845768245,2.546922827635868]],[[78.98274246809927,4.940469160392027],[78.64625676193525,4.91428864646245],[78.89876413837202,5.67596084562349],[77.78268695240729,5.37866914515738],[77.41359488765377,5.102171966808175],[77.4084494893417,4.16450676301035],[78.16414383490381,4.774765143468274],[78.54379890259288,4.79402703934501],[78.47300994451447,4.216058780532998],[79.077801142816,4.3786432567484335],[79.1253859148623,4.675069228551782],[79.83036891214533,4.72672402167547],[79.59814078904328,5.191195325397774],[78.98274246809927,4.940469160392027]]],[[[54.890147708006204,10.97827897292221],[54.45938547525551,12.365921525964701],[55.21088550980432,12.512032432141968],[55.34818790159067,12.78927712387909],[55.365215921792455,12.779340087077697],[57.02339191089402,11.078098066084454],[57.907005161023314,9.679671700775794],[56.267879096648656,10.024711056015306],[55.62203082404992,9.102618182201688],[55.49090984933845,10.065851065771861],[54.890147708006204,10.97827897292221]],[[56.613897786331044,10.923703137422857],[55.99409942763243,11.07069770505023],[55.701827498956575,11.464428291251695],[55.9788112623752,11.847650697427202],[55.29848436409867,12.226937423578228],[54.96718767667202,12.072205509572477],[54.83696079910151,11.440830470024846],[55.308664985482004,11.16073555675922],[55.254331575156776,10.678317169127405],[55.91434150806647,10.295795090026054],[56.39377726567935,10.345672906032554],[56.613897786331044,10.923703137422857]]],[[[53.34429469921006,17.621319104498106],[53.52173301616169,16.85027732637155],[54.07765767205231,16.051824997385772],[54.8275919104768,15.482746372311533],[56.513594287788514,14.544585282623235],[56.90712733120683,14.194819674081979],[56.41837816970725,14.118575659770213],[55.21034178809789,14.33121744053456],[54.04579432888004,14.564747246175104],[53.820527828591096,15.511780705565414],[53.12316975113085,16.444535046937787],[52.31068706468201,16.70929833252773],[51.83221161435904,16.46300095213804],[50.95070702823123,16.580546903295982],[49.90621063753528,16.332283622806447],[48.70655164887112,16.793921311366795],[47.88063146245445,16.61488046202209],[47.65077856654711,16.48175001474319],[47.20058074917914,16.70082884248852],[44.84095514867027,18.015758567158613],[43.775107594668405,18.67658492121833],[42.963731924888975,19.426263733695837],[42.681763180122196,20.037934160467326],[42.64325816121531,21.142163398390768],[42.790106339741556,21.66681415090051],[43.28485842183838,22.13508044919293],[43.96766941135363,22.386232445061207],[45.52775550474018,22.65187463418283],[46.485366928725426,22.685844565928452],[47.791144570659746,22.52097677701914],[49.00404812483085,22.200126164158167],[51.316510438456746,21.350560367345626],[52.33825858756022,20.771053188927077],[53.102868501893,19.93908473476398],[53.35654265745496,19.1477349824936],[53.34429469921006,17.621319104498106]]],[[[-8.497033582703006,16.967406346198484],[-9.990129224018622,17.66499183335291],[-9.967176600156987,17.662187698197602],[-9.555583053865032,17.817360440936238],[-9.581806109706744,18.13623884242465],[-9.26145422682258,18.48237286986238],[-8.85398391880103,17.828129906487657],[-8.736954480539374,18.639284016030093],[-7.786465858902884,18.067819492797984],[-7.518487519289513,18.062064960299605],[-7.638914195754055,18.52517449883918],[-7.48318759285011,18.83915400149762],[-7.090551018222643,18.541351685643363],[-6.631024559372926,18.97028809693929],[-6.261675350332024,19.554005374073746],[-5.69767327923922,19.59212240410799],[-5.354870899831018,20.009132594479315],[-5.14643116162654,20.49256842627286],[-4.734582146627358,20.493015435087777],[-4.042773994342937,20.143726027959918],[-3.3148204024090817,20.026537976180418],[-2.896851430977612,19.9473030532237],[-2.30788009604627,19.718211372874237],[-1.8469050753648022,19.927950840794978],[-1.5566334637198007,19.821303766525634],[-0.8582951687388459,19.768009137307807],[-0.16702355006627373,19.4963963372168],[-0.4831478102901208,19.554265583140094],[-1.9163979092457164,19.348946051177254],[-3.1174071843711157,18.792404073463],[-5.08093058624203,17.24908180917828],[-6.070264410649994,16.67926466170177],[-7.316651752108381,16.578813704756225],[-8.497033582703006,16.967406346198484]]],[[[2.2720106096839046,18.55943351805833],[2.811948146219354,18.975670897029545],[3.115512172132668,18.86194794713513],[3.334307398671397,18.95713530150296],[3.3806369180143188,18.9104886466488],[3.602276783239777,18.70510490637741],[3.8325714181934165,18.508726042614647],[3.8809502710218564,18.47079174091508],[3.2840616235227884,18.277224941738062],[2.420836334369343,18.487671315222418],[2.2720106096839046,18.55943351805833]]],[[[1.519795522630761,19.245881242348453],[1.701592431142736,18.834483178433135],[1.1658901356777227,19.092793204257493],[1.3499680341775748,19.06395945226788],[1.519795522630761,19.245881242348453]]],[[[-0.06763401886098006,19.478202234621044],[0.26305133445339063,19.568186538328696],[0.7991347780185517,19.384069429884686],[0.7845643365593916,19.276664503394358],[0.6323382261406457,19.3500663365511],[-0.06763401886098006,19.478202234621044]]],[[[-12.167687218146039,34.10320399897168],[-12.167686683682062,34.10320416915954],[-12.167687071975088,34.10320399012312],[-12.167687218146039,34.10320399897168]]],[[[135.46795807024262,-75.44935381983527],[135.8677340771479,-75.85981403551888],[134.07384512916386,-76.83953328352958],[133.06073672379452,-77.5189538932372],[131.1856950966422,-77.78660994006],[130.25058488788954,-78.02578051239375],[127.12679521956937,-78.183403253392],[126.17934080985334,-78.36052430326087],[126.57361870056228,-79.0895864953126],[124.2580368647617,-79.46248085235212],[117.09152625026815,-79.6866685546101],[114.4906324111513,-79.46581090592728],[110.70535577540895,-79.5376796268308],[108.05024622490362,-79.36648595342103],[104.15646067186823,-79.42258739352708],[103.30584434351182,-79.07564366840433],[100.89961119731866,-78.92004681629824],[98.32498073772298,-78.29492914062364],[97.03247348273922,-78.10191702931381],[94.39769839605746,-77.92379784854127],[88.71405309156262,-76.86069715141662],[85.8831077821152,-75.95906451018718],[98.78822467080487,-74.85748769866656],[106.98083792771884,-74.02000194660972],[115.75036953659149,-73.69576874779341],[123.16515430902902,-74.00769661480871],[137.2447333970287,-74.76978679019727],[136.27311687542138,-75.02019006135099],[135.46795807024262,-75.44935381983527]]],[[[179.99999995156966,-61.936788586955586],[180.0,-90.0],[179.9999994529453,-61.93678845395875],[179.99999995156966,-61.936788586955586]]],[[[133.11356356696243,-67.42584658827977],[135.1752063650203,-67.45448916971183],[135.69946820534875,-67.65324345005422],[132.88434812314046,-68.32053429829803],[130.18337372676464,-68.23906503989575],[128.9352905116439,-67.42596884766904],[128.91321326448573,-67.36812728246952],[129.07971317202555,-67.28117685142436],[130.5688525217282,-67.20497254007954],[133.11356356696243,-67.42584658827977]]],[[[175.43831571870464,-61.60088876953795],[175.05094630859114,-62.418378459307206],[174.4034731334852,-63.119456505396506],[174.10137843712508,-63.633847998993836],[174.5993094335437,-63.726007360879045],[174.67386260489525,-64.15292809048924],[173.6706238225083,-64.47587172197726],[170.96662799518575,-64.85053395621472],[169.07661943171243,-65.03945645000721],[168.006611379121,-65.30353916178494],[167.45451209404683,-65.67665958530786],[167.8689228618989,-65.8934864640419],[167.2429332200585,-66.31009974307707],[166.56709416332478,-67.25438070271842],[167.0093554989153,-67.24633602358632],[166.84864839306792,-67.5393108180211],[166.9416447478636,-68.15291876863064],[167.6320461256361,-68.99324810535529],[166.93979661819543,-69.66778855506989],[165.68816026885028,-69.79410487343489],[163.2459276635756,-70.28866194682043],[162.04818731570015,-70.34726856527321],[157.85580268733005,-70.96150171569505],[154.2388699027373,-70.94306468492145],[154.1946726491761,-70.94178213066267],[155.7444271494338,-67.6032226296516],[157.40990993949927,-65.87610096082811],[160.6224157418796,-64.34129562573068],[164.2386468490017,-63.428848526823224],[171.52506224825422,-61.94065233813516],[175.06381874010685,-61.459924197792425],[175.58006044038208,-61.490609043223685],[175.43831571870464,-61.60088876953795]]],[[[144.58509045475137,-56.09466547345005],[145.844605267562,-56.36691564072637],[146.65314836512442,-57.181588341745],[146.74687735691867,-58.284158019658456],[146.24457521732214,-60.54831216925427],[145.6210198201656,-60.750958978572235],[143.23083438624,-61.60546934868045],[139.60356980601753,-62.62726917604529],[136.73564952400366,-63.27059485201966],[134.23816502319724,-63.77944405500685],[132.67666999316822,-64.28304820399813],[131.880303988072,-64.22523482039996],[130.99229036128344,-64.42266284305578],[129.88001024459993,-65.02004452987121],[129.06138766549796,-65.05196604290045],[129.70732066731995,-64.44008697208587],[128.92406892136503,-64.47810987885892],[128.1351731266071,-64.63103401052791],[128.29163739832353,-63.79608455965856],[129.6791877064236,-62.207535208362216],[131.61839641184665,-60.84276116687814],[135.71047707231128,-58.26195531966538],[137.69881416856532,-57.11042722016717],[139.87083057130616,-56.27431414909144],[141.57538438502147,-56.03025200968545],[144.58509045475137,-56.09466547345005]]],[[[180.0,-18.111495491997236],[179.99999990760594,-18.11149550388876],[180.0,-7.737677335230046],[180.0,-18.111495491997236]]],[[[90.0,-0.22543327895197007],[89.84574482660548,-0.1740003926752666],[90.0,-0.22541039992687334],[90.0,-0.22543327895197007]]],[[[90.0,0.1385072224807544],[90.0,0.1385054695561455],[89.76275197645806,0.18308155431457995],[90.0,0.1385072224807544]]],[[[100.01855608607113,3.4699388566236236],[100.01855615491816,3.469944454980936],[100.25829777379833,3.4048120053723463],[100.01855608607113,3.4699388566236236]]],[[[107.01745340605824,3.628126220123506],[107.10556875505641,3.6891065230985816],[107.1788584259655,3.5326582059374814],[107.01745340605824,3.628126220123506]]],[[[106.18952808324309,4.11782837752174],[106.37072535389885,4.086244670678313],[106.33988793873344,4.028893369024419],[106.18952808324309,4.11782837752174]]],[[[159.22594768120393,14.450318817426773],[159.4449506318142,15.078276790160578],[159.74023775688298,15.664001453658079],[160.10711866699845,16.204488976482274],[160.5396286700343,16.697873853857175],[161.030762739346,17.14346917668078],[161.57274842428973,17.541761812988906],[162.15734532051977,17.894359887549587],[162.77615637482126,18.20389202160627],[163.42093504845874,18.473860316973468],[164.08387240593012,18.708451821167593],[164.75784954234865,18.912315918366627],[165.43664323427544,19.090317471157828],[166.11507597537036,19.247277346781157],[166.78910524941355,19.38771303175649],[167.45585061598678,19.515592296253317],[168.11356062479916,19.63411233001498],[168.76152452432052,19.74551552241746],[169.39993609047588,19.8509512336534],[170.02971866591585,19.950390655556305],[170.65232172596566,20.042599341974164],[171.26950005718757,20.12516933821757],[171.883087028101,20.194610174488574],[172.49477350068173,20.24649540544337],[173.10590368504495,20.275658955372013],[173.71729864105416,20.276433332289397],[174.32911710439865,20.242919866219317],[174.94076176993758,20.169279570607262],[175.55083702949645,20.05003209029256],[176.1571614231086,19.88034955881709],[176.7568348097748,19.656332113785126],[177.34635670577995,19.375252367679582],[177.9217886992188,19.035757326431305],[178.4789507228604,18.638018063589357],[179.0136386441062,18.183819809989025],[179.52184940984728,17.676587866375687],[179.99999999999997,17.12134770662792],[179.99999999999997,11.73623220622236],[179.99999974125225,12.817283388510987],[179.99955645105683,12.8168569869223],[179.70186349080114,12.597792615232114],[179.35272631852717,12.48683723464005],[179.14108571073038,12.906356192207916],[178.79138636915218,12.7410192856032],[178.43257890222202,12.603717011442765],[178.1862874534369,12.887905271826972],[178.0593677879263,12.968861553517115],[178.29843026397,11.854557844903727],[178.5095208936038,11.526910855440976],[178.80740692462558,11.24581073207904],[178.97187126448995,10.887879131157435],[179.35135250644893,10.818555402824511],[179.69988954042196,10.696442661063438],[179.99999986738302,10.655180861138998],[179.99999999999997,11.736231966011186],[180.0,7.234521263898875],[179.99999985576753,8.76960725416796],[179.9012314813213,8.66213236682511],[179.6679967319327,8.989770908592483],[179.31511460202682,8.812699261941846],[178.93220686539337,8.834079945722825],[179.2025991895149,8.547510479317383],[179.34591074717608,8.205756485971937],[179.6001868610898,7.94732181953799],[179.64702567811304,7.537595995173473],[179.6178549685982,7.163346856429507],[179.59593324013886,6.749952856176285],[179.60362840458208,6.2989013742983095],[179.90357634918183,6.095007937250905],[179.99393405867355,5.7038504493636575],[179.99999995624347,5.699435017994023],[180.0,7.2345207147611355],[180.0,3.038324251750851e-15],[180.0,-0.4950738926845588],[180.0,-7.737677335230046],[179.99999998721862,2.2083058061850867e-08],[179.99999997965008,4.581874401280333],[179.9224746927761,4.703845761857419],[179.5554447038713,4.8802830488562705],[179.34907894866163,4.580165205025154],[178.99279960346567,4.756029751619434],[178.72889916123665,5.016661127432987],[178.4062006052912,5.190979289361752],[178.16304640410846,5.462920931975158],[178.07894525825535,5.560582280512789],[177.90629134288034,5.7470549012702685],[177.682995553335,5.469854838864016],[177.68379106221977,5.408331809523157],[177.73793145173423,4.976901463097335],[177.4298553295379,5.292644906987476],[177.41301469977333,5.302627316863758],[177.39802876166289,5.297904986871617],[177.40413474733973,5.251898211717569],[177.41710203987887,5.1593302541399515],[177.43311203216834,5.053104669641415],[177.44718634112746,4.965767821676409],[177.45327112022355,4.929517384657687],[177.14587664239303,5.120759654483533],[177.35970178020835,4.572394620020757],[177.35105201602113,4.576719152835192],[177.08705667433833,4.699665940169689],[176.72474744106555,4.83896254934648],[176.64875004187755,4.471976916915737],[176.40941215836287,4.662090063182264],[176.34661459962226,4.7103487044329695],[175.9734589200798,4.684308136313508],[175.60763207521575,5.01650941881269],[175.19366245907534,5.064104687760212],[174.8391343375952,5.1572075639674635],[174.4872047037961,5.246286628914117],[174.12974430985278,5.352373735210437],[173.76937280496045,5.509555272085104],[173.4078243365297,5.72298084891761],[173.01855592742453,5.780220005779881],[172.78499260163684,6.08331433797833],[172.54529694754962,6.378319860553666],[172.20486510568145,6.706487585751337],[171.87360459170267,7.194895376841349],[172.08667651121408,7.486327973908072],[172.13364248037757,7.845512472446714],[172.2744526687137,8.201848930307756],[171.91618278344393,8.45928658249804],[171.54722422365344,8.288752868153727],[171.22177500189375,8.462820096926238],[170.91652308051505,8.685636575162714],[170.5403084614795,8.861684763483169],[170.26036125414717,9.110987449420332],[169.94056891816678,9.43357668892591],[169.70603200779087,9.731685799954395],[169.4718220684538,10.087320112509293],[169.3702204515282,10.436750374032302],[169.22553901914685,10.824116874239023],[169.028347587511,11.185330219866387],[169.13023191263028,11.584378719401244],[169.00266883210304,11.951885132335008],[169.17128911620887,12.315866614241985],[168.99344282380943,12.712240103078917],[168.83366654258512,13.04491773558812],[168.63413203271628,13.473161687279015],[168.52411331811746,13.845913789556135],[168.29169065913987,14.168522300503051],[167.91957625118678,14.246219080177863],[167.5286391286862,14.172146246524862],[167.10914950650033,14.117303796437419],[166.73939557347433,13.963771916418864],[166.39581779810987,13.741750971086383],[166.12970727383131,13.444447208121172],[165.83762337957032,13.223405511970897],[165.59258738323106,12.925265710610756],[165.22413098830336,12.745750624636994],[164.77798147885014,12.772454543052387],[164.34272090432057,12.616440177057099],[163.9188014807034,12.721951623821717],[163.5744598880611,12.468960040139045],[163.23864775370447,12.179199864618976],[162.85962694018616,12.05558732477905],[162.43753047867662,12.00176890767083],[162.0244512463897,11.881641853951846],[162.18535146082488,11.50588876086454],[161.95151271156334,11.166362123607877],[161.62466832866437,10.926884230862553],[161.24187384232337,10.57272132365471],[160.85876473913757,10.23498463029565],[160.43951127572242,9.978958068026353],[160.04806186636185,9.715937902718862],[159.76092447017825,9.639124009847606],[159.5807659976273,10.07997924580396],[159.3313767468307,10.848797212395695],[159.15311907947472,11.610562532509743],[159.0509147817721,12.358206725279294],[159.02812416136834,13.084886631286759],[159.08645926756694,13.784188463502135],[159.22594768120393,14.450318817426773]],[[177.45322423395663,10.838318651281778],[177.47446149566852,10.782819537128622],[177.66504826174872,10.464021372650857],[177.9781809744943,10.16881957486539],[178.30071295498672,10.366087081488345],[178.17374970405587,10.802182338541304],[177.96318372179462,11.123726889471493],[177.70370152959026,11.393727356788721],[177.2934062318578,11.465695944203846],[177.26233318045297,11.075088829530586],[177.26233337919692,11.075088045997173],[177.45322423395663,10.838318651281778]]],[[[90.0,8.031058978988614],[90.0,8.030934152861729],[89.63997784453298,8.120011545387799],[90.0,8.031058978988614]]],[[[104.4048612798106,7.562156546910106],[104.11097802633944,7.137133605121603],[103.91995388162333,8.351883944004083],[104.05250668798168,9.459717042572807],[104.60898806887629,9.11056894333526],[105.1735782351852,9.291996091391685],[105.05248049182836,8.682013641303419],[105.02167133398306,8.077857184367074],[104.4048612798106,7.562156546910106]]],[[[127.82332130705385,4.495849699345628],[125.96641372858619,3.3645129687750703],[123.95528522018645,2.6357520574718216],[123.94552873505523,2.6332192333475635],[123.94433591551062,3.0372752680508777],[123.54911387810296,3.3594641986394964],[123.03058685872125,3.541246789363358],[122.83174747927929,4.279102959136601],[122.36524617755956,5.199239632939124],[122.481901962537,6.000551359710447],[122.21612080640003,6.985845276411024],[121.9472645460121,8.112358097025691],[122.00001378266967,9.640362034191371],[122.5822367151858,10.400153953356707],[122.6826776094256,10.988557748308406],[123.43823420369533,11.986024060312065],[123.65008812980646,11.79808757507184],[124.09192861831727,12.184320828495458],[124.9043211418358,12.59427184227325],[125.4377828688103,12.488652853453676],[125.95774943633931,13.058213069452968],[125.20395164803209,13.498677776715832],[124.94470535641672,14.066413676635252],[124.19589039172173,14.880976671142113],[124.96227150286043,14.817850319049603],[125.40258444679549,14.416392854600563],[125.96642484183981,14.192507587697325],[126.45109873473176,13.674507261550545],[126.3968860261015,14.42284710617224],[125.76868253779665,14.943256292892142],[126.56214025246096,15.000747037607251],[127.0028524567207,14.646357053270005],[127.2810883407877,15.390062088932465],[127.7767051402122,15.69793631088749],[128.3305493807073,15.776034512408852],[128.55358070703704,15.771329834459078],[128.95709153785032,15.054470713033627],[130.4236570060542,12.283595367972984],[130.92003212111072,10.85282563420184],[130.91161848537578,9.249584888329107],[130.40216966785073,7.9703482912842265],[128.91936856753517,5.654457149280368],[127.82332130705385,4.495849699345628]]],[[[96.46735967491439,14.678681005370393],[96.79092973805022,14.68523292589776],[97.11395229029243,14.704877392767877],[97.43588057052722,14.737580540560776],[97.75616931491206,14.783285989197966],[98.07427549983754,14.8419149370309],[98.38965907821157,14.91336629048408],[98.61474292717025,14.974050150335547],[98.6123553709396,14.917580686824648],[98.9018914676402,12.76950733876528],[98.82744324989679,11.782777361734773],[98.41164684379412,11.123159494930446],[98.07818860034847,11.204798886764936],[97.66837722202027,11.286327902950763],[97.2551727429431,11.34991692750059],[96.83941463376578,11.395433011554518],[96.42194989080215,11.422780867958124],[96.00363056258458,11.431903194281443],[95.585311234367,11.422780867958124],[95.16784649140337,11.395433011554518],[94.75208838222605,11.34991692750059],[94.33888390314888,11.286327902950763],[93.92907252482068,11.204798886764936],[93.9217267993824,11.203000459018277],[93.43797039082543,12.21863412921468],[93.32371031055395,12.626176199929834],[93.3953698916372,12.732131289026194],[93.84081762654455,12.729223422658784],[94.22050913883567,12.94993405577627],[94.13651857695847,13.334127300102898],[93.64163754140218,13.636323880013192],[94.49661859090914,14.9264264375211],[94.54506027161722,14.91336629048408],[94.86044384999124,14.8419149370309],[95.17855003491673,14.783285989197966],[95.49883877930156,14.737580540560776],[95.82076705953635,14.704877392767877],[96.14378961177856,14.68523292589776],[96.46735967491439,14.678681005370393]],[[95.93110888829983,14.651566503109972],[95.62304615966002,14.432774899980227],[95.96640262059292,14.21607138546612],[96.33210124569295,14.030088413396408],[97.11068362644492,14.105220398966114],[96.42368524327821,14.636160794905825],[95.93110888829983,14.651566503109972]]],[[[92.85914856580666,14.405421287040285],[92.82633288768402,14.400218580801244],[92.72995482926737,14.74397917859975],[92.61512144999601,15.672134827153615],[92.73962017097207,15.602923855409529],[93.02758403207206,15.457884196184894],[93.32140834911307,15.324603914605992],[93.40693726870224,15.289929293406793],[92.85914856580666,14.405421287040285]]],[[[108.33442106245785,18.349901479967034],[107.99509851793738,18.237093992554364],[107.67509498205942,17.76420240652225],[107.64893555184102,17.49545165098912],[106.9648820346961,16.8597337867132],[106.56248941019754,16.396085806547],[106.16770688659429,15.683024341830317],[105.5369186116783,14.959616467833497],[105.24040983602318,14.910635905413933],[105.0072369940834,15.092779976604785],[105.53642562504776,16.74718055356249],[106.3175653594858,18.384405606003746],[107.5529639866025,20.3505434753583],[107.96302051501138,20.128294602745207],[108.50864119235408,19.882325278637985],[108.7940201488573,19.218427430738693],[108.33442106245785,18.349901479967034]]],[[[101.92053239104912,27.084874970966844],[101.66507002079611,27.30024122878099],[101.44017588632471,27.472977292181014],[101.70799043938237,28.41606769981118],[101.93246542981625,29.245742025164574],[102.25722391049602,29.45928398128575],[102.25763039819196,29.942733156226947],[102.29278479683003,29.862816529127493],[102.76896074522925,26.97572070705019],[102.77069942887357,26.189534007367786],[102.61499277743447,26.380352182933937],[102.39591700460414,26.624437564670366],[102.1642948906957,26.85944555726675],[101.92053239104912,27.084874970966844]]],[[[97.89151470240272,28.95212635483335],[97.81478208520505,28.963102703493703],[99.7826551262627,30.710228602871624],[100.87355129135084,31.257648945498918],[101.82081648904261,30.93574386446696],[102.16437580557647,30.15472917357007],[101.9388774637234,30.253411255349896],[101.3341736611708,29.255206006583972],[101.15163704093702,29.56770540351453],[100.87543594453409,28.825887059111434],[100.37576813455863,28.90535776456702],[100.35723577942046,28.339075848759308],[100.15008610587685,28.247601688167975],[99.91550339188105,28.35642960632355],[99.59326527651024,28.48947972168504],[99.26401699412405,28.609357088623195],[98.92847214272612,28.715788630048895],[98.58736663815846,28.808530823967992],[98.24145637255121,28.88737063724125],[97.89151470240272,28.95212635483335]]],[[[142.84507841353522,33.927362586324946],[144.22199428273137,33.84837657383627],[145.43741189170635,33.38842700532981],[145.73277803796904,33.08966322172225],[145.7222414129068,32.89234001105228],[145.55613413844713,32.4113762582459],[145.83244331319912,31.099955582684615],[146.25500474343463,30.351510498011862],[146.67508211871146,30.221806529143127],[147.006383420129,30.52449490167881],[147.02309733421467,30.44665060056661],[146.77235878184902,29.572148638324627],[146.1938477937951,28.887414568209994],[144.74023629399323,27.662823675325573],[143.8171000145251,27.199553132392822],[142.45280725181692,27.05044952908254],[141.08298998102254,27.260710519412232],[138.29991759524296,28.004405954480266],[137.0999010571345,28.485837443335512],[136.3169268556346,29.252811948142075],[136.2293041235643,30.063254330015916],[136.79805266099606,31.72121608008675],[137.39087369195582,32.51832965257113],[138.57196794345455,33.23454199664977],[139.9391514082158,33.6083522131043],[142.84507841353522,33.927362586324946]]],[[[120.3332973358735,37.83735918401202],[122.00055558874449,36.90764451807787],[124.51012749676322,34.23522996404241],[125.39049681094164,32.72544557708677],[125.60728336284235,30.8640956127263],[125.13273816744635,29.253233302712605],[124.63731890571584,28.26378685377007],[124.06141108055796,28.59000574758864],[123.61152778505993,28.875767722001232],[122.66399584765914,29.191109095810194],[121.59264392056039,29.035856960770165],[120.9329649743957,29.270423439908654],[120.29742114660147,29.4070048755084],[119.33075898385653,29.380830946040078],[118.22544141241092,28.904936249731662],[117.68427087429626,28.589137177284655],[116.83122477508059,28.104224529321108],[115.61970886573354,28.18958166490466],[115.73319991198615,27.93546787534801],[115.16305701663528,27.66315473588364],[115.31660913232822,27.255532448126147],[114.04272018876243,27.12450944338808],[113.23639192370919,26.722463229045175],[112.9958343521919,26.88869211567456],[112.38757649998739,26.349961665042876],[111.73694048405505,25.77849283488971],[110.98017398251493,24.855485980582287],[110.18989936673975,24.65773371746915],[109.64070099584644,24.826310341728036],[109.05005740296646,24.745338307699335],[109.0079339462188,25.874901265709237],[108.43727414877078,28.769490034268216],[108.59904841376559,30.42074330346551],[109.688101480835,32.44980566007809],[111.39121766869393,34.14038609386615],[115.60547076688485,37.01324665354952],[117.9058928328265,37.896733015149906],[120.3332973358735,37.83735918401202]]]]}},{"type":"Feature","properties":{"role":"former_land_locations","status":"static difference, not crust provenance"},"geometry":{"type":"GeometryCollection","geometries":[{"type":"LineString","coordinates":[[-180.0,0.0],[-180.0,3.5083546492654295e-15]]},{"type":"Polygon","coordinates":[[[-161.68528497676115,-56.43316300412858],[-160.08781322863567,-57.08348497930888],[-158.7126025674699,-57.680366328333875],[-158.70820973459053,-57.68217349071328],[-156.56769502682852,-58.57857316555104],[-154.7703151254307,-58.940303229874154],[-153.47924300201794,-59.40543919350828],[-152.15401392369034,-60.14152005170692],[-150.99784446093514,-60.63926036106143],[-148.70497986208082,-61.75469025429281],[-147.18534854362989,-62.719452407514076],[-146.26562059863036,-63.088315069949],[-145.07665476059285,-63.1963040446325],[-143.0826443450816,-63.53537830671571],[-140.4484241884022,-64.11186343845134],[-139.11291515800824,-64.42872557196712],[-136.24089055483967,-64.56807313434142],[-134.82373878233977,-65.04566666270307],[-133.5566796823436,-65.39420521087277],[-132.13221413378506,-66.06357652666179],[-130.87593761223624,-66.8988440350346],[-130.09023653594838,-67.20363433992333],[-129.2498510826328,-67.68677113848801],[-129.507939074703,-68.06996579182484],[-132.202850383147,-69.56499312761247],[-137.562801639197,-70.41982072495193],[-143.3825177415376,-70.22406870159587],[-153.9348980843566,-68.39468381554539],[-159.12769577170317,-67.24822189848643],[-165.0017212592682,-65.89585924583733],[-169.67751731705502,-64.78116749947097],[-177.3146595899272,-62.583102459069956],[-179.99999755806684,-61.9367892344485],[-180.0,-90.0],[-179.99999891537558,-58.80893045235822],[-178.2924399246495,-57.81198950112464],[-177.23716831687415,-57.18515376144331],[-176.13679683073576,-56.68749257031514],[-174.63320723035022,-56.21720382070955],[-173.88774375996564,-56.114535139110075],[-173.76199016557945,-55.82540352626214],[-172.83464994894925,-55.900717567182284],[-172.16640516550225,-55.648165639845494],[-170.53596495586893,-55.67469255702565],[-169.70999123601837,-55.45150446547247],[-169.09880574948176,-55.42638696462988],[-167.81530111145128,-54.83692697423148],[-166.71361670653747,-54.49604160602375],[-166.06469484063513,-53.988492270959895],[-165.47190680142603,-53.85380033912183],[-164.72017118439797,-54.08359488135287],[-164.26098626908302,-54.01053166090948],[-163.43177262385385,-54.31118558505609],[-163.4506156419557,-54.167532800256666],[-163.11378852862407,-54.38137528853351],[-162.76446264749887,-54.931776261920845],[-161.89455648141734,-55.45798781522226],[-162.22497049088412,-55.72690969580976],[-161.68528497676115,-56.43316300412858]]]},{"type":"Polygon","coordinates":[[[-57.56031027861965,-39.74346866416212],[-57.21452937428766,-39.96595521928742],[-56.39160141041569,-39.9615059271671],[-55.743178671804195,-39.77017048766816],[-54.83637770057993,-39.81637497350669],[-54.079023201342984,-40.20626432373274],[-52.55309729794468,-40.27177930082815],[-51.81415332451769,-40.504519011488],[-51.18430664512879,-41.181321847682355],[-49.944280992415955,-41.46370059811785],[-49.34593766208047,-41.71481909383684],[-47.886155801866664,-41.918153175673794],[-46.61979664992457,-41.08491333383628],[-45.4273687934955,-40.89810662149277],[-44.762707314342826,-40.70568257790185],[-43.62502919200046,-40.77756607652389],[-42.49273693994369,-41.20009781646035],[-41.56420378092365,-41.452347692305736],[-40.023699919465095,-41.25937613898427],[-39.17347189383156,-41.07727824240501],[-38.67501774884684,-41.542852123081595],[-38.691306610628885,-42.19147829926609],[-37.937126593653325,-42.73608596375661],[-37.39569137085935,-43.51542591233735],[-37.076575909800106,-43.7853750196482],[-35.780074209474684,-43.98213812557708],[-34.74787199250099,-44.4843741903815],[-33.83157643903094,-44.544206192044314],[-32.7427998460779,-44.850246664006136],[-31.125783519687268,-45.61290587311021],[-29.573801135975714,-46.38573485093049],[-29.242155243176907,-46.750843431372274],[-28.016025754071595,-46.886489126886566],[-26.98825648843311,-47.37361221434499],[-26.787036500075104,-47.7494186823462],[-26.05926314098855,-48.00328166412292],[-24.639232176165372,-48.12906434368425],[-24.016141255988003,-48.52010267075418],[-24.440702966535916,-48.94217838261358],[-23.266259948867873,-48.96773950974072],[-23.33604399320436,-49.16270245744498],[-24.2450895838931,-49.38455824486866],[-24.617916731462355,-49.77900035510199],[-24.44084597578465,-50.1361057849209],[-25.286034534657666,-50.82280637661205],[-26.43698582900222,-50.962155528343565],[-26.695062555302155,-51.50573030473738],[-26.12492111042449,-51.750299153270824],[-26.244637194941497,-52.26467313499839],[-25.93541633453229,-52.56482392378542],[-24.82097946811499,-53.36411554426253],[-24.23494947045698,-53.463699014682305],[-23.32923930819021,-53.94696030058153],[-21.96908509938651,-54.85578991206468],[-22.030224617018142,-55.828933626013836],[-20.936847325436833,-56.33301509722248],[-19.222400631792457,-57.20081915992014],[-17.97461615538817,-58.00236198004516],[-17.06117160246123,-57.90603744281246],[-16.047090179265023,-57.60854933924247],[-15.938325423139748,-56.81934623418622],[-15.199527656794839,-56.44216339867541],[-13.902019664341756,-56.17576251732474],[-12.834218878913184,-56.203817039241684],[-10.92908074777631,-56.681034837864495],[-10.59578243009493,-57.180603920782936],[-10.028781359822688,-57.25135940879117],[-9.602635419491694,-57.472738216277314],[-8.094816265999915,-57.74091476510223],[-7.810684716388907,-58.10045416974035],[-7.357968127689703,-58.130170837058195],[-7.419512498574652,-58.20679602296653],[-7.590663074919072,-58.445007138048],[-7.74412132905253,-58.68670102956176],[-7.879275155025588,-58.93148997270589],[-7.9955154515372255,-59.17897371416085],[-8.092238059873495,-59.42873951714313],[-8.168845983549893,-59.680362238381235],[-8.224751911871344,-59.93340444319733],[-8.259381069087109,-60.18741656556183],[-8.2721744096687,-60.44193712068548],[-8.262592178349287,-60.69649297841164],[-8.230117850794567,-60.95059970635053],[-8.174262466983091,-61.20376199233664],[-8.094569364410013,-61.45547415636088],[-8.029057318796523,-61.61287100871944],[-13.572642185804218,-61.60992922314729],[-17.333173064367116,-61.20121151187689],[-21.26036869195124,-60.204450268965104],[-23.934155403190097,-58.998431297356],[-27.681086219916942,-56.367817840632874],[-29.725549770323973,-54.86829086046234],[-32.37433370353346,-53.02747273231083],[-34.72200992398715,-51.43132000785531],[-38.80582080726252,-48.36086917059287],[-40.936850906202764,-46.80480949395218],[-43.60910058278012,-45.276251928818866],[-45.99943886033533,-44.26280109186464],[-50.45886500095415,-42.60625358686364],[-52.96560439693947,-41.73617439103576],[-56.1580681824279,-40.893844672401116],[-59.001632814303875,-40.35166006349364],[-62.474274266779815,-39.75200106891365],[-62.330914388889845,-39.49008973209588],[-61.795966468540016,-39.39324098113672],[-61.21098899914109,-39.283918880442556],[-60.725031346520154,-39.5291452692079],[-59.955703784253814,-39.63577288157489],[-59.5708916625675,-39.462234055236166],[-58.57094684554267,-39.505921623740576],[-57.56031027861965,-39.74346866416212]]]},{"type":"Polygon","coordinates":[[[-35.54660580420051,-42.772198484769866],[-36.49927456967077,-42.03600855073116],[-37.161029758531285,-41.451954992991816],[-37.95532230061136,-41.300445304099014],[-38.60450311753271,-41.306247449426166],[-38.852613933282676,-40.94747297729022],[-38.75493947592369,-40.50261085328718],[-38.3571438385465,-39.96376434086056],[-38.80414376268596,-39.28481712087591],[-39.32335541262524,-39.191105287001605],[-39.50937126340603,-38.77090958393759],[-39.93919873187862,-38.50721390108859],[-39.048967567448614,-38.133823131769866],[-38.48709881370432,-37.701387603701775],[-38.663426476043874,-37.366401309198224],[-38.42624392397968,-36.988452221499],[-37.72987723501268,-36.63985411054555],[-37.13754867143198,-36.658908317877575],[-36.70117687655139,-36.450472990443885],[-35.996194168504374,-36.19701945444887],[-35.60325039962077,-35.91623488763942],[-35.378122816131906,-35.572481485489085],[-35.08386917043834,-35.33310660793013],[-34.3846389599133,-34.90702467377373],[-34.21285556317132,-34.3990830035497],[-32.734918164331276,-34.70938458530165],[-32.172973078695094,-35.487198780762355],[-31.342614311539187,-36.189545735572615],[-30.81891922291685,-36.858852474877125],[-30.688444481768073,-36.94444101637712],[-30.95076517169274,-38.58937397805205],[-30.306387899933352,-40.53523544775597],[-29.51885791086313,-41.34253711345942],[-29.640677007349282,-41.41430813516914],[-30.597876694334943,-41.522766566557095],[-31.62467538009749,-41.926656052581784],[-31.84623809783699,-42.55244952361868],[-32.70864813847141,-42.56956717097997],[-33.48941102899907,-42.92041288726038],[-34.2601632937827,-42.64129348206969],[-35.54660580420051,-42.772198484769866]]]},{"type":"Polygon","coordinates":[[[-24.372447165385292,-31.162187242030164],[-24.323090870282527,-31.1771857284763],[-25.987595538369572,-31.358913852386117],[-26.00262938383743,-31.31625099607654],[-24.372447165385292,-31.162187242030164]]]},{"type":"Polygon","coordinates":[[[-23.324142488727272,-28.41405385538808],[-23.788764737493892,-29.00897681413073],[-24.868850169464153,-29.352483441422716],[-26.235892477126914,-29.00969758379728],[-26.80343255585841,-28.272934327765448],[-25.56030802403903,-27.908352535456444],[-24.98567879318731,-26.975214170340642],[-23.733949804854582,-26.98198970186338],[-23.019401625564665,-26.943775716454574],[-22.59266912098698,-27.23842762204953],[-22.53910478853795,-28.11050916486185],[-23.324142488727272,-28.41405385538808]]]},{"type":"Polygon","coordinates":[[[-172.52735285760903,-18.47880026285587],[-172.74881151143035,-18.677387744308945],[-172.9722116096925,-18.49173936772052],[-172.62637539772467,-18.486571654644525],[-172.52735285760903,-18.47880026285587]]]},{"type":"Polygon","coordinates":[[[-172.33496153905426,-18.463701192366674],[-172.0931281503246,-18.44472185686183],[-172.10600760684991,-18.551038185570903],[-172.33496153905426,-18.463701192366674]]]},{"type":"Polygon","coordinates":[[[-93.97651276589175,-21.45264407586466],[-95.2264823647213,-22.69171072191201],[-95.57066860782194,-23.447942497789885],[-95.65148982796619,-24.29735488744544],[-96.01450291675287,-24.644507215500788],[-97.43361817682323,-24.91872043956126],[-98.11040705345167,-25.04839207244534],[-99.89873610358511,-24.54549920533827],[-100.5722150984652,-23.996547270907342],[-101.96374507991065,-22.505103738987685],[-103.1237263979391,-21.788760690949136],[-103.98322840498285,-20.993173561481058],[-103.98108312484959,-20.748849571371114],[-104.73778805541355,-20.41234131908595],[-106.73378466876144,-20.29776866084376],[-108.33468822093334,-19.86580014139459],[-109.01854595669357,-19.69021181579054],[-109.39744699305204,-19.34597910751619],[-110.78166438174007,-19.019945263210563],[-112.02390330334799,-17.915181626956393],[-113.07899678369581,-17.628327293962265],[-113.42992317168644,-16.82999103081012],[-114.02259389462384,-16.540541640443948],[-113.89326191415866,-15.548002720779595],[-114.11902993431987,-14.067492827667882],[-114.50352168915752,-13.378268439692022],[-114.69528854335864,-12.330317225103236],[-115.2587859851983,-11.419000510784242],[-114.06123008766073,-11.097418395073564],[-112.31633078103711,-10.91056358596658],[-110.51832990347019,-11.336149983207186],[-109.26120729244673,-12.248261134941668],[-107.28104382373,-14.576228413942047],[-106.01812758109602,-15.613131058472364],[-104.21542478134407,-16.380513624334625],[-102.47802151745397,-16.611902180309567],[-99.07892167412528,-16.505984290797343],[-97.25819349492508,-16.138144429971085],[-95.20563824589414,-15.165269104873527],[-93.61439906745953,-13.916589220657261],[-91.22263621871964,-11.458655591891057],[-90.59498572825082,-12.174472987568155],[-90.9674428584693,-13.431565115463414],[-91.60711706204302,-15.088632590643],[-92.21918399595124,-15.5712779757317],[-92.7916032574823,-15.40096793508945],[-92.48639051966991,-16.56654441587103],[-93.07086328833904,-18.502612810581656],[-93.05744397223945,-19.995183690769135],[-93.97651276589175,-21.45264407586466]]]},{"type":"Polygon","coordinates":[[[-90.24013313519337,-11.379419266166208],[-91.17531643835795,-11.410026657162815],[-90.9173173482474,-11.144889735202538],[-90.11295766046265,-9.980107297683661],[-90.24013313519337,-11.379419266166208]]]},{"type":"Polygon","coordinates":[[[-176.09719903798967,-19.739207303729053],[-176.51993639993393,-19.695606717920686],[-176.91544927216862,-19.699309873438285],[-177.13633910746805,-19.39453178896049],[-177.4064938333635,-19.134379132246085],[-177.76536063749583,-19.35553262228658],[-178.1744558920204,-19.436115878802003],[-178.57550426847104,-19.468330604013996],[-178.9692213561127,-19.51179651328673],[-179.31813632069625,-19.663795321606226],[-179.69420443617915,-19.790442579857917],[-179.9999997578173,-20.0572287717038],[-179.99999993377182,-20.05722892172323],[-180.0,-3.508354649251692e-15],[-179.99999953211912,-18.111495450205275],[-179.51072876316323,-18.061268499462933],[-179.0226700022433,-18.02815798351265],[-178.53341114670283,-18.014666397229444],[-178.0404124300147,-18.021767461299724],[-177.5412155177814,-18.048887059989866],[-177.03364708011705,-18.093948427038278],[-176.51600770709038,-18.153479390753247],[-175.98723697729574,-18.222776939982165],[-175.44704615115654,-18.2961220180452],[-174.8960109292292,-18.367035334730936],[-174.33561806254517,-18.428563196594446],[-173.7912902111091,-18.471753729899685],[-173.80440074860525,-18.79368276240561],[-174.06256120513598,-19.162106264125946],[-174.53533740372407,-19.236239357250362],[-174.77859789640817,-18.914753560405572],[-174.9586320211818,-19.347422367307992],[-175.30679394675732,-19.552730910807085],[-175.7149081850402,-19.68285576803637],[-176.09719903798967,-19.739207303729053]]]},{"type":"Polygon","coordinates":[[[-38.60045055834661,-2.7482597198981176],[-39.2490239678213,-2.4481928059877966],[-40.14350911725597,-2.0669677890509877],[-39.78598602489864,-2.4703139543309507],[-39.975960997407356,-2.9129739616759442],[-40.33764467688641,-2.7069074507059185],[-40.576212133657506,-3.2994379864511236],[-40.31158322584072,-3.581612773575128],[-40.56690827291432,-4.253030643028897],[-41.31573622721538,-4.111612099013174],[-41.10494348616681,-4.558005927150363],[-41.62736017378542,-4.690635685696814],[-42.228976221833484,-4.9560774051364005],[-43.1347860227793,-4.751064177440579],[-43.198508470608715,-4.444804414524457],[-43.045148199424965,-3.9806203368735655],[-42.21612502534874,-4.065446203785539],[-42.10344008168398,-3.868759932748698],[-43.02281989658919,-3.1416098314402303],[-43.0104843645253,-2.7326232060731535],[-42.51393262682262,-3.18594620447154],[-42.306343028267186,-2.525537450410051],[-42.39609196383913,-1.804184295020768],[-42.39431108801879,-0.4948886597078144],[-42.099083276316065,-0.38918698879531866],[-41.74219591474641,-0.801274305029249],[-41.47425490299961,-0.5088994896990233],[-40.8632502873214,-1.0523290891604875],[-39.25188213750586,-1.6719484244870944],[-38.66724847853351,-2.0390221774154083],[-38.2954596657398,-2.56155597708579],[-38.322039516506976,-2.8518064103735195],[-38.60045055834661,-2.7482597198981176]]]},{"type":"Polygon","coordinates":[[[-38.92932579121842,-0.7699516874315582],[-39.297829605303114,-0.4177601887772286],[-38.551179245912785,-0.8975429459551375],[-36.935034456022585,-1.4667846812975098],[-35.284303739283246,-1.4691094905578759],[-35.34417292790296,-1.5434550438460293],[-36.180684713415616,-1.809379933079462],[-36.29096031117266,-2.2761941602172393],[-36.65412514415489,-2.5364094441172647],[-37.77443534912006,-2.6473496420355738],[-38.174589201607,-2.221138613068721],[-38.54519488240397,-1.7912431214845836],[-38.92932579121842,-0.7699516874315582]]]},{"type":"Polygon","coordinates":[[[-141.85009538168217,-0.09265829011233215],[-142.30206902163394,0.42806226130086417],[-141.85610471087955,0.7412333289822232],[-141.25000000000006,6.150912102645043e-14],[-141.5030717772185,-0.5291255530965074],[-141.1089673565429,-0.9104875617462764],[-141.57151811917566,-1.398900155645123],[-141.91611460689575,-1.2030760910735034],[-142.2015214643059,-0.3677400357410488],[-141.85009538168217,-0.09265829011233215]]]},{"type":"Polygon","coordinates":[[[-159.5310833096409,2.9725711093972738],[-159.1392218108183,2.8564466404436946],[-158.71256994521644,2.7675709549913097],[-158.31612613594683,2.7578255981673174],[-157.89666881540305,2.883234143612847],[-157.51281947152572,2.9762907303353834],[-157.04189448162552,2.8413926490501344],[-156.72523243875534,2.658943342784122],[-156.3281257665724,2.4394246121596797],[-155.99024625827258,2.1909076716887737],[-155.67101577878006,1.8853344182970835],[-155.2294356006479,1.752470677746781],[-154.9412053194308,1.5383842134623704],[-154.67273230069432,1.2849210284582036],[-154.5976537023502,0.8761287915776383],[-154.27686370111385,0.6142124812866133],[-154.0758030404355,0.31034829241508066],[-153.9565538459155,-0.04949477419021802],[-153.70417596563922,-0.37100106309952935],[-153.3951278571749,-0.6295074661760994],[-153.28745666169752,-0.9843053179515969],[-153.55227017521656,-1.23734087987271],[-153.878483916667,-1.0590445996443452],[-154.15904330983722,-0.6041553243134217],[-154.37111319275263,-0.41307574441830347],[-154.21137493273497,-0.09164741275017338],[-154.31047832718215,0.2652754237729767],[-154.55003030889705,0.5576068321588863],[-154.8128416500738,0.8608509692986048],[-155.11406014378537,1.0575394128918312],[-155.50805846505213,1.0987727134886007],[-155.87907040370106,1.0590925681496068],[-156.20481261873425,0.8557118256903994],[-156.45068373886085,1.1216846231541258],[-156.5486123892928,1.492465084353498],[-156.89519537404584,1.6877422263284592],[-157.224887374292,1.8936735418119484],[-157.67495140873797,2.0979661415798896],[-158.05131179025125,2.123426819780598],[-158.4497320037401,1.956241227707683],[-158.74653953764465,1.7375770945936935],[-158.9599421462988,1.4240942475008953],[-159.25713673500925,1.133431259132254],[-159.64152890286462,0.9698851646819723],[-160.01028491162606,0.8792557656864319],[-160.39796564016652,0.7641677113234525],[-160.72564619856865,0.596540389189881],[-160.85868090268568,0.558284553808918],[-161.20541474689952,0.9673210089711146],[-161.63896316585695,1.4201475891386346],[-162.09539650814483,1.850726978217446],[-162.50717733517737,2.20797495236966],[-162.17939170216908,2.193565178093179],[-161.77487146906248,2.278917855810308],[-161.39778660126328,2.425855776342193],[-161.0233139449327,2.589381636963986],[-160.64828010204727,2.744240739401293],[-160.31022385279803,2.8776455152751517],[-159.9244380936102,2.952197834642934],[-159.5310833096409,2.9725711093972738]]]},{"type":"Polygon","coordinates":[[[-44.19599835802648,1.99564309847419],[-44.106002351874274,1.0585108135013697],[-42.99095796599442,0.3533074128266413],[-43.716407911396544,0.3100318276150215],[-44.07935920774739,-0.13718645049731534],[-44.729962613507716,0.7318131896357003],[-45.21417000827469,2.1159198313687604],[-44.919657071327286,2.1475984955829213],[-44.19599835802648,1.99564309847419]]]},{"type":"Polygon","coordinates":[[[-79.63074264964975,1.6329039925697022],[-79.23548097107327,1.6504537054224717],[-79.10802288726401,1.0850984285035385],[-79.14370699405058,0.878984430008025],[-79.88868146054833,0.9204805824436874],[-79.99532284172187,1.7431013595755427],[-79.90427374628842,1.9198294750202634],[-79.63074264964975,1.6329039925697022]]]},{"type":"Polygon","coordinates":[[[-43.53921429146606,1.3863225110015343],[-43.93926342557787,1.7380253662168914],[-43.98577805645063,1.9515005920424355],[-43.54457007100893,1.8588548000370706],[-43.53921429146606,1.3863225110015343]]]},{"type":"Polygon","coordinates":[[[-78.80670149730655,11.405583805941031],[-79.33942143336895,11.43754984607083],[-79.91562125733556,11.892915130168259],[-80.73862241965483,11.547279415613191],[-80.68630355047439,11.119811673508334],[-79.95772924461765,10.874901826151966],[-79.58879961043908,11.16796645075381],[-78.81561133698352,11.18956876470966],[-78.4482939300726,9.953667293987357],[-77.96487951210253,10.072247786797375],[-77.65788154284232,9.717808646699675],[-78.38244147977906,9.391475341279078],[-78.42132612455812,8.70502390283274],[-79.00370383086066,8.084125998948247],[-79.33893073180188,8.054523369552998],[-79.36996716573778,7.172307098890265],[-79.28956011464577,6.120119268185007],[-79.75023569305716,5.565534476341708],[-79.8866690578048,4.814755847775214],[-79.58120905714357,4.258289164695117],[-79.32892378317831,4.2435946837938],[-79.28316300750116,3.025677059833478],[-79.27865891211238,1.848109231374809],[-79.56813112450214,2.6850430239464678],[-80.04321943972361,2.352555176732451],[-80.1231702602985,1.5651496351062626],[-80.61774528178772,0.8193969754290431],[-81.41909770710689,0.6636909492922899],[-81.39706565280476,0.1483968036172138],[-81.63280014081596,-0.2391265537371878],[-81.99970082954555,-0.889573844737043],[-82.64973440582649,-1.504629044536005],[-83.16465248079915,-1.534128061723159],[-83.18712161225055,-1.908314458953512],[-83.6729375522711,-2.4428723225556612],[-84.01955957014441,-2.8371003165571995],[-84.21275250848676,-4.030142613591449],[-84.03127614369545,-4.1357391324952655],[-83.9521282521517,-4.939289876645609],[-84.21153095096206,-6.011410392780519],[-84.31853968042533,-6.350499956082611],[-84.54832331055064,-7.08605133483201],[-85.38739025471385,-8.150570520747399],[-85.799399575349,-8.320128606924406],[-85.74795143905408,-8.659385686634602],[-86.3048158407785,-8.912030419245237],[-88.07213959121151,-9.48593634367595],[-88.23657587013756,-10.021349016146662],[-88.93736326124613,-10.051223820211018],[-89.76130124851373,-9.311992738903037],[-89.28645857081159,-7.698346361086876],[-89.42441033908644,-6.100862678652868],[-90.3793287907255,-3.1890508807673594],[-90.62565132656209,-1.6606356820238724],[-90.42058415149404,0.005439775916568228],[-89.83360594690998,1.2511342243223718],[-88.27325253911819,3.314478620836798],[-87.39518470549899,4.533427996357837],[-86.32315348672947,6.13030269865555],[-85.41100547024281,7.570848682476808],[-83.72500973928835,10.28079112974656],[-83.14340977016583,11.687607838810223],[-83.11289256618052,13.222829349788542],[-83.26134704782653,13.54075013839697],[-83.03217087349933,13.448551974401113],[-82.61764770249519,13.30087653230639],[-82.19745127874623,13.16998124557913],[-81.77227352029476,13.05608736959274],[-81.34281313544454,12.95938750512972],[-80.90977472664657,12.880045242518975],[-80.47386786154165,12.818194855379325],[-80.03580611558112,12.773941046470423],[-79.5963060912083,12.747358747760433],[-79.15608641904504,12.738492976390832],[-78.71586674688177,12.747358747760433],[-78.27636672250895,12.773941046470423],[-78.2387092402913,12.777745275069284],[-77.98541076144159,12.359783256816593],[-77.77456836490957,11.968774121848645],[-77.30484584415154,11.474451846027227],[-77.38273093601484,11.1314434067188],[-77.66145292064225,10.88635570677719],[-77.99629536207023,11.090037123171804],[-78.2356664275631,11.127379469710506],[-78.33067249823658,11.706975483514464],[-78.80670149730655,11.405583805941031]]]},{"type":"Polygon","coordinates":[[[-179.99999988207253,4.581874174527353],[-180.0,-3.508354649251692e-15],[-179.99999990823682,4.581874219212305],[-179.99999988207253,4.581874174527353]]]},{"type":"Polygon","coordinates":[[[-162.867945387757,3.702023475545099],[-162.45325617686436,3.634793316356955],[-162.662160368955,3.958751650006127],[-162.87278915344393,4.258614609455645],[-162.6428391822337,4.555663015415957],[-162.24725982565744,4.67481002520756],[-161.78228676275128,4.429250104484583],[-161.78228597430297,4.42925028893818],[-161.61801404680998,4.240207293719615],[-161.57871499903823,3.8672547933306882],[-161.05912894573606,3.8729170043727263],[-160.68917634497888,3.925293337351755],[-159.89998179698622,4.0856991263100255],[-159.39922719700655,3.9757740018200636],[-159.18693308631165,3.677523162827712],[-159.52424972322558,3.430656059331638],[-159.8796790957194,3.290847062222248],[-160.30330398636227,3.075828812058581],[-160.71403235191826,2.901903807229882],[-161.14794620905414,2.748714830792464],[-161.5895321931213,2.6488423946221746],[-161.98579878711342,2.649415800775867],[-162.3668415750941,2.6800428347878467],[-162.55821876343518,3.0128718693479515],[-162.8103610794618,3.3110178130685863],[-162.867945387757,3.702023475545099]]]},{"type":"Polygon","coordinates":[[[-130.1959781475353,1.78054529748678],[-130.69675161905997,1.6273561721780794],[-131.06128264402173,2.0710289564734388],[-131.22834006987398,2.837536049254754],[-130.89940704574443,3.5803065845219195],[-131.17766644457478,3.856602357940854],[-132.16572018136162,3.69433982583669],[-132.43955748587996,3.178589389713027],[-132.10497748987848,2.7883783985362345],[-132.61513311293538,2.546228033377621],[-132.95699528497346,3.2075791933670166],[-133.61247172107718,3.7566232732570755],[-134.62534749542132,3.7979867434488273],[-135.17215394656893,3.929550918375998],[-135.22492042963862,4.5950356056859745],[-135.78457378023865,5.100545638347743],[-136.55285314085882,5.229066075720598],[-137.2236627695832,4.490948734312489],[-137.3747030279905,3.8267748498403478],[-138.28890386509448,3.9904244099179884],[-138.92000607019023,4.72297874015267],[-140.13301703464762,5.028540170808603],[-140.59198271348757,5.5670011998062705],[-141.09066200197285,5.769385855008944],[-142.10161866298785,5.44174523297102],[-142.63089763051144,4.967784498473602],[-142.61031917233717,5.2294882672121386],[-142.67093941547773,5.770391155617848],[-142.95567201102517,6.028315163704868],[-143.394716822634,6.517020968009341],[-144.33850649191797,6.469092061512284],[-144.4013332643538,6.712148576601067],[-144.1921130919569,7.425359422618083],[-143.6283442871224,8.227514683526666],[-143.21294909372924,9.082641794084935],[-142.62587522465785,9.403169893351386],[-142.0078137887477,9.350868993845829],[-141.41440655304268,9.799688289641892],[-139.73841830963738,10.233998100796455],[-138.72324944819573,10.149659953337297],[-137.81586099829903,9.59259109400406],[-137.72582182335793,10.668218924213557],[-136.71540252205205,10.191121121433333],[-135.0111563567919,10.252997439061424],[-135.2266803833178,9.409295175972684],[-133.09266246454496,9.35857093922012],[-132.90389615611466,9.890415552717414],[-134.19203844854619,9.915389827599506],[-134.12972022806565,10.391546138060297],[-132.90997485905845,10.401838504056675],[-131.64285889020672,9.303460042177592],[-128.65325278664992,7.353114112929853],[-127.34590963071987,6.027891564262579],[-126.39447194589457,4.084169750051896],[-126.12601647194512,2.193511622631565],[-126.3368444787916,-1.5032136671552017],[-126.28251620645193,-2.434720470015659],[-126.45749295714778,-2.6250332635061686],[-126.94474516898175,-2.567885344819314],[-128.20539091904385,-1.7691145985613945],[-128.72272818449488,-0.599341123443848],[-128.93493816629925,0.9626039828864194],[-128.85096349935273,1.8195312007767925],[-129.44342352819933,1.6419529470522143],[-130.1959781475353,1.78054529748678]]]},{"type":"Polygon","coordinates":[[[-145.84694767642057,5.213838117344688],[-145.60495224921067,5.6640921744739945],[-145.55159122997546,6.27798501724393],[-145.11808533602212,7.086319656491185],[-144.69379570426457,7.770756434879165],[-143.74648151991968,8.795451649467564],[-143.85474615238698,8.266837761377106],[-144.36179059354487,7.320783678870872],[-144.5875980178108,6.490420597748256],[-144.08483303444174,6.259727545069793],[-143.37509138731807,6.167795395365818],[-142.88734252129592,5.670973802640678],[-142.95075509050508,5.227248629906462],[-142.95086789598372,5.2271740840786],[-143.38575808330896,4.9424953334866375],[-144.10007886043255,4.562627235741476],[-144.62192434963694,3.744865033276267],[-144.80502579883927,2.9156623796708305],[-145.32380282604515,3.1356712031971514],[-145.42019958987032,3.671230388161975],[-145.0959239033632,3.9957099764542323],[-145.51863161319844,4.142920958018289],[-145.88231883276634,4.591733050762617],[-145.84694767642057,5.213838117344688]]]},{"type":"Polygon","coordinates":[[[-71.48582897983151,5.474473541440604],[-71.6906338217304,5.309614842923025],[-71.93617279437812,5.560819723376239],[-71.9060099958213,6.276228005038576],[-71.92064659455596,6.832902389644964],[-71.4877984968807,6.871354962129357],[-71.3461257274377,6.731182902762347],[-71.3810668187249,5.956058537348403],[-71.48582897983151,5.474473541440604]]]},{"type":"Polygon","coordinates":[[[-179.99999985330894,5.699434878833138],[-179.99999985877872,5.699434883143529],[-179.99999997739957,8.769607432523609],[-179.99999977428936,8.769607643060294],[-179.99999985330894,5.699434878833138]]]},{"type":"Polygon","coordinates":[[[-173.06157096207076,13.917996912042224],[-172.71711238355527,13.721216304184708],[-172.36940317643698,13.510861360424782],[-172.02442378282632,13.358491834919086],[-171.6249540082942,13.463573383891967],[-171.250391243147,13.414323298531325],[-171.0836121638674,13.043518828673331],[-170.70586512617996,12.998176068044726],[-170.24368609149312,13.10303667387778],[-170.2932517694961,12.744992235415046],[-170.43790345015395,12.4078472218373],[-170.51154588142137,12.039785895592336],[-170.1026426425847,12.092652956241539],[-170.10209638093116,11.603623349206153],[-169.91236114664355,11.281206941282031],[-169.87970161257473,10.877313023061726],[-169.57403874611097,10.66798953796016],[-169.211624092151,10.55732143300101],[-168.96885473524273,10.245093348232347],[-168.83737760052645,9.893674176449872],[-168.74369267124803,9.512919563926829],[-168.31828564645315,9.681480406770243],[-168.16701678008934,10.02472362384741],[-167.97833298064705,10.352383753582732],[-168.152683238003,10.67089325783408],[-167.9761264268588,11.036003307750766],[-167.73583811622578,11.330595326186915],[-167.24373254141844,11.907352888265342],[-167.1925850637266,11.646637579760243],[-166.97807677241232,11.314821181866444],[-166.68303679257207,11.057793001478485],[-166.58841496096989,10.688696938687526],[-166.6425958476774,10.274411230281913],[-166.85490171256117,9.964748481572412],[-166.67618673677183,9.620876691606775],[-166.35110247537986,9.397215760083816],[-165.96729982618726,9.176598676975157],[-165.67555948797443,8.936525042769093],[-165.72793725752078,8.564489526436446],[-165.46817240990524,8.272048438130623],[-164.6676575526817,8.415366509014579],[-164.95895678453337,7.995303922740973],[-164.9648493404076,7.615892272385909],[-164.71704439050356,7.330494172594801],[-164.97655329985608,6.951990545844345],[-164.8621945390606,6.594851911371632],[-164.83979640198635,6.2326573258538795],[-164.91979596587552,5.842825268335097],[-164.49201352661385,5.76531855769491],[-164.12009996449595,5.778258324832642],[-164.3984696763783,5.379507105915426],[-164.18450959635237,5.03839752761539],[-164.30816545976606,4.699774642621555],[-164.57679245691102,4.424432376356235],[-164.38635405236684,4.093394493632585],[-164.10700743289323,3.8630705130872802],[-163.79393062710844,3.637976455068815],[-163.5884828853357,3.3248445604273686],[-163.39857834611945,2.9455154977901383],[-163.3740926155907,2.902242710605287],[-163.51432218817357,3.01068089215821],[-163.97699105096532,3.3577272256404167],[-164.42321812780258,3.688652803203889],[-164.84797688526962,4.006273121889607],[-165.24762514537827,4.3135611049603675],[-165.6199864026109,4.613455507125085],[-165.96436995283338,4.9086708698474455],[-166.28152988242473,5.2015192655738876],[-166.5735656526828,5.493753470225309],[-166.84376947942167,5.786440088857808],[-167.0964278422513,6.079869617135396],[-167.33658618800945,6.373508555275224],[-167.56978717785435,6.665996614486344],[-167.8017936584017,6.955189883300515],[-168.03830792993864,7.23824866154617],[-168.28469887096261,7.511766619081281],[-168.5457480937753,7.771936071908397],[-168.82542557798098,8.014742545144944],[-169.12670416772775,8.236180445154613],[-169.45142091602608,8.432480612183767],[-169.8001914970461,8.600339785358859],[-170.17238177454823,8.73714160403944],[-170.56613813297704,8.841158724658309],[-170.97847542261664,8.911725992465465],[-171.40541848284533,8.949375417305303],[-171.84219038995627,8.955924992643578],[-172.28343806635374,8.934515167062345],[-172.72348392041505,8.889588980601982],[-173.15659094595028,8.826814415455734],[-173.57722829547612,8.752950235696424],[-173.98032474660985,8.675659328329543],[-174.36149860314683,8.603276126842369],[-174.7172542424557,8.544536936509969],[-175.04513754511913,8.508283764040566],[-175.34384464445023,8.503153505707992],[-175.61328067966124,8.537265036247206],[-175.85456744443323,8.617916869493632],[-176.0700009472351,8.75130765795256],[-176.26296190873563,8.94229090110265],[-176.43778407152888,9.194173886429002],[-176.59958681989045,9.508569144670966],[-176.7540799129836,9.88530462432718],[-176.90734903301393,10.322396459062881],[-177.0656312766763,10.81608571259198],[-177.23508966374655,11.36093795103643],[-177.42159525730978,11.950002030739697],[-177.63052470205332,12.575022211385633],[-177.86658003951624,13.22669570237876],[-178.1336366947483,13.894966089729603],[-178.38010026199544,14.447177719512872],[-178.1208147501929,14.540428211674367],[-177.78213744707136,14.75138938872029],[-177.40322822636003,14.710656173624209],[-177.0294080813157,14.741262583098376],[-176.62088280138363,14.896222063180478],[-176.2813334863468,15.039132807700591],[-175.89774649249614,15.164818807158966],[-175.70332512469327,15.050895241862419],[-175.54336538188042,14.923407986448337],[-175.10487624648744,14.93279344574841],[-174.81411920490635,14.649108941645787],[-174.4516191246847,14.539212905609448],[-174.06033186834293,14.53519023388522],[-173.7546933035803,14.3016936180368],[-173.4232346292088,14.046416032448967],[-173.06157096207076,13.917996912042224]]]},{"type":"Polygon","coordinates":[[[-70.05975603523103,12.040727303081278],[-69.85332336834777,12.621317749013524],[-69.58869403225606,12.388026451546072],[-69.6792810324928,11.819476088570095],[-69.89959395975707,11.016979443494842],[-69.73474830742319,10.887726101926248],[-69.7895941526007,10.155627357370063],[-70.08577602530163,9.615337228520227],[-70.07536891136544,9.366056889209624],[-70.4442481875561,9.21567936627463],[-70.4529455024024,8.698999735858099],[-70.7523797408083,8.745280737748036],[-70.81084066146066,8.327008835779605],[-71.20375972493684,7.880077081661418],[-71.59764125697758,8.25124978460213],[-71.35549579816191,8.691515832754991],[-71.37488995065125,9.128679540415767],[-71.30953426647297,9.437749980001433],[-71.48453732995385,9.618775285899432],[-71.52593270907768,9.986355669569551],[-71.27137682448449,10.116342110318957],[-71.39782327617377,10.438238884525582],[-72.0697106348007,10.860011249148767],[-71.89260036851469,11.095005839490012],[-71.59716125869534,11.124867990406848],[-71.38148525754957,11.743422171676642],[-71.42029427423346,12.19553800426153],[-71.3032779353112,12.76842729367422],[-71.46008077771002,13.225941089294418],[-71.09953819847448,13.708693062735135],[-70.77589379922244,13.599209481945117],[-70.98859621552924,12.740518165495228],[-71.12434361542616,12.032674819186838],[-70.92201112763628,11.676501579146183],[-70.4487027050887,12.076391737064894],[-70.05975603523103,12.040727303081278]]]},{"type":"Polygon","coordinates":[[[-166.2673691462654,11.046227349860553],[-166.5738713773219,11.326753711534604],[-166.62223069437985,11.688604542782658],[-166.4114436749326,12.080015918161456],[-166.41144305067246,12.080016446681318],[-166.14430193440415,12.046027273017078],[-165.99305712035394,11.652029984804441],[-165.771071083847,11.249942795261262],[-165.67463450528527,10.896795084937894],[-165.37527745395172,10.691672287587703],[-165.74265237925061,10.217861644503314],[-165.81617100957172,10.45558518891883],[-166.0685712524592,10.727370821259337],[-166.2673691462654,11.046227349860553]]]},{"type":"Polygon","coordinates":[[[-179.9999997257588,10.655180798778462],[-179.9999998476135,10.655180817821089],[-179.99999998720398,12.817283649695774],[-179.99999967011098,12.81728394465422],[-179.9999997257588,10.655180798778462]]]},{"type":"Polygon","coordinates":[[[-171.94428539729654,13.766871511144661],[-172.24468224497804,14.025971498537583],[-172.32048353861836,14.46906266145073],[-172.32048334906605,14.469063479922626],[-172.10066822093586,14.73268326546416],[-171.88204959359834,14.412281612903984],[-171.63907915955093,14.091919845403039],[-171.24714637252785,14.064158252925564],[-171.579582117689,13.849959654785442],[-171.94428539729654,13.766871511144661]]]},{"type":"Polygon","coordinates":[[[-173.20986258416548,14.813533212166092],[-173.45838707947206,15.22277681033973],[-173.45838696285713,15.222777642284786],[-173.17096935543458,15.335361663610724],[-173.0045515953576,15.001796874811653],[-172.78438316900125,14.460905442858705],[-172.91721742291645,14.569062862549844],[-173.20986258416548,14.813533212166092]]]},{"type":"Polygon","coordinates":[[[-63.08031824967276,15.405079895351893],[-62.9254247917065,15.551636996731958],[-62.390228381483745,15.465481538922548],[-61.92541410611773,15.805942961512725],[-61.8070464514691,15.791145298254786],[-62.3717575518477,15.156013122390686],[-63.08031824967276,15.405079895351893]]]},{"type":"Polygon","coordinates":[[[-70.9874046770998,16.411926309960503],[-70.70512553994239,16.74546646479428],[-70.61386923816985,16.862755947723667],[-70.61270193675247,16.846912870685752],[-70.6704172815643,16.63541848450035],[-70.8283727897882,16.00882248001833],[-71.12574412908832,15.52898100914949],[-71.42342384843745,15.396699295552672],[-71.38455105650402,15.98851132072361],[-71.28339944643402,16.08991442913325],[-70.9874046770998,16.411926309960503]]]},{"type":"Polygon","coordinates":[[[-64.2666267000401,16.689384526866352],[-63.63925718120186,16.40637606338531],[-63.719786821622755,16.14223143530237],[-64.61963017258981,15.937246650824314],[-65.21888346568409,16.006525928183034],[-65.24053943246464,16.235615997275914],[-64.61382909830569,16.390653464662325],[-64.2666267000401,16.689384526866352]]]},{"type":"Polygon","coordinates":[[[-62.29225031995765,16.87197904050575],[-61.90015330513764,16.87762344259048],[-61.88389118368549,16.450942034273616],[-62.00474989779096,15.87289870362086],[-62.27626840791565,15.883588270262237],[-62.29225031995765,16.87197904050575]]]},{"type":"Polygon","coordinates":[[[-65.50100442415729,22.27085245833171],[-65.34071445976393,21.822076988857],[-65.21848970585073,21.325651086863548],[-65.23897137966874,20.622604840603415],[-65.16118740422888,20.385111185596774],[-65.36771014914281,19.61176201719756],[-65.49365633230354,18.89889168729979],[-65.9783906884526,18.090840655940127],[-66.41168272956236,17.77594569054794],[-66.41103714242837,16.905360130110473],[-66.69696386874998,16.609616024545915],[-67.4338646645149,15.902548463334602],[-67.9655442698548,15.376086768864363],[-67.98497262320328,15.069454733243713],[-68.25355392457234,14.536837780757663],[-68.53604708402472,14.632495531681649],[-68.64689596046895,13.95016063011335],[-69.13223248055753,13.282067020713985],[-69.3620963917771,13.413407226082027],[-69.43509140679461,14.04711250683838],[-69.42557144444906,14.681890341033142],[-69.2789487932683,15.318931728997233],[-69.23438021984924,16.668059008108315],[-68.72684891553692,15.982394906718666],[-68.41487145603087,16.333563594401728],[-68.27450500253583,16.925157510380156],[-67.93505507197601,17.211949061884386],[-67.31494275396906,17.361988559667882],[-67.2861896197248,17.88824113866592],[-66.88613068190624,18.711856814194558],[-66.62621413748164,18.958750827326252],[-66.27860341877395,20.13127388778994],[-66.02092151051895,20.420976353622443],[-65.81415332540672,20.040462773866796],[-65.60945778192594,20.92655847174747],[-66.04522121208012,21.665709739222116],[-65.99250423794312,22.046564974962365],[-66.22869960457437,22.217792733565755],[-66.26299947627342,22.68887277385537],[-66.08866324366628,23.06425566722226],[-65.84880005627744,22.52956910901827],[-65.50100442415729,22.27085245833171]]]},{"type":"Polygon","coordinates":[[[-59.92373542250928,17.960475717147094],[-60.37188546415156,18.031081451649545],[-61.64789450854372,17.81189803012985],[-62.342528605272136,17.948389595829465],[-62.73964686972534,18.04858969208209],[-63.337249246613766,18.366826019688776],[-63.423848126081715,18.65397673487955],[-63.22191571588044,19.07427999334165],[-62.73903418754858,19.142692500608973],[-62.43756809061482,19.441181448812507],[-61.45017668313792,19.75750440720988],[-60.569154445226616,20.022586540386666],[-60.133332644968384,20.07820231653082],[-59.478152169276775,19.771672916175838],[-58.85333872440304,19.9028715051488],[-57.83150268343469,20.392640799903088],[-57.59345319503518,20.689460456443662],[-57.859335972900105,21.643336332449795],[-57.76916463352869,21.783495752398586],[-57.17476260191625,22.08446797927096],[-56.77486811492425,22.55089274077332],[-56.74068481988651,22.804354493825794],[-56.701601519101324,22.81846908204629],[-55.73087203170638,22.76391254518511],[-55.048304092197355,21.859693435647365],[-54.863034796885415,20.422235018156446],[-54.89348858141919,17.02431248966624],[-55.000243835696565,15.79851250515243],[-55.003284653974006,15.803508786544041],[-55.32278435681144,15.983610751127845],[-55.803573857710816,17.013073260023564],[-56.194191478188486,17.57398121312058],[-56.72073402011976,18.084733666004635],[-57.4261709264398,18.355066604745183],[-58.17521234802461,18.340607748235062],[-59.117421905133604,18.216177629260233],[-59.92373542250928,17.960475717147094]]]},{"type":"Polygon","coordinates":[[[-69.31798312698461,26.890982077254737],[-69.51913362994074,27.281328654734672],[-69.56459907864947,27.35980176996759],[-69.43405476547305,27.33832565576749],[-69.26276463860532,27.31649909801469],[-68.96053256041411,26.62406701369399],[-68.470533899728,25.83942614144756],[-68.72515902450982,25.960521449832846],[-68.97064705794472,26.070250449595928],[-68.97681355813913,26.08836482248187],[-69.13716414340158,26.493056334471202],[-69.20040618679825,26.632232191978492],[-69.19228464409133,26.717289766697245],[-69.24200135000926,26.723770070850296],[-69.31798312698461,26.890982077254737]]]},{"type":"Polygon","coordinates":[[[-8.038529528850198,-54.22738295417206],[-6.9509316982203035,-54.27267021533909],[-5.936677899814436,-54.426500300226685],[-6.0086155488516155,-54.596585253696084],[-5.221653401387253,-54.53077816512602],[-5.455301953320601,-54.81222742743329],[-7.502103385465248,-54.73392868287592],[-7.44280680329943,-54.5723224385044],[-9.069826315701183,-54.20510350803652],[-8.681092251128323,-53.81633142110695],[-8.038529528850198,-54.22738295417206]]]},{"type":"Polygon","coordinates":[[[-4.428786559388428,-51.40256476443053],[-3.906923841424172,-51.73822805659931],[-1.6829751810522056,-52.67134191688184],[0.5133317553300827,-53.23929557447288],[1.0529977253749074,-53.31819932490302],[0.8346758472875536,-53.31755395153817],[0.5331355689165236,-53.735057772333995],[-0.41062624382395324,-53.85463812903337],[-1.7007254448753593,-53.304312292097144],[-3.165070036754323,-53.275951271372755],[-3.817352730621225,-52.248129044915906],[-4.663697302499186,-51.64189630886059],[-4.428786559388428,-51.40256476443053]]]},{"type":"Polygon","coordinates":[[[-8.059997860669599,-51.03362227182746],[-7.5298887775010535,-51.38637033285754],[-7.663758832973574,-51.945363998691455],[-8.747764297138602,-51.552657827242975],[-8.533445440753601,-52.09771655513104],[-9.372682110268029,-52.101842388501574],[-9.176330655469464,-53.027495337330954],[-10.048955238387085,-52.928702169963],[-10.942422768084779,-52.35565823389959],[-11.100777889085398,-51.507390740263894],[-11.055504614346093,-50.82861247434207],[-11.341006898203396,-50.307487075562584],[-11.71075189419782,-49.654109230776],[-11.673132541580028,-49.36554757104847],[-11.838289325546835,-49.263404013105436],[-11.771388277115161,-49.047280807934996],[-12.25216720279436,-48.6088352042796],[-12.148619733684276,-48.132823364785345],[-11.778018355295504,-47.494454475819694],[-11.509250302440783,-47.2228903281079],[-11.550544030953159,-47.156407177057545],[-10.970599624571562,-47.240545715639236],[-8.896793075622043,-47.93261865192254],[-7.544057500750556,-48.81521780442046],[-6.717864045117233,-49.57187142532286],[-7.22705213836199,-49.652320168587636],[-7.876495128138485,-49.58007758449421],[-8.339292038332136,-48.999368510269335],[-8.618559046499971,-49.18707178301354],[-8.538916474322772,-49.806205166625],[-8.084080921948546,-50.339440013409366],[-8.599617587812237,-50.50012137339823],[-8.059997860669599,-51.03362227182746]]]},{"type":"Polygon","coordinates":[[[-18.492686663314018,-50.12688645381846],[-18.515248804704477,-50.458489367663034],[-19.084476697149768,-50.86150637732015],[-19.715505904051028,-50.264767589491974],[-20.215693163767153,-49.99360799873985],[-21.39436532767982,-49.042946787504405],[-20.88865304793566,-48.63670388321447],[-19.69249408805728,-49.12461938799621],[-18.504695019022243,-49.359354701284026],[-17.60857484625074,-49.51444948822844],[-18.492686663314018,-50.12688645381846]]]},{"type":"Polygon","coordinates":[[[-15.71019065170353,-48.32636270142724],[-15.113343584185717,-48.86648548098644],[-15.516825622010838,-49.32574668271768],[-16.01597468147794,-49.2676917209165],[-17.09845089779416,-49.91460938172699],[-17.616128426029537,-49.86150931573124],[-17.43068488505022,-49.580122195088464],[-16.89326857920305,-49.14366253450705],[-16.53289807623582,-49.00766539246635],[-16.634957605828102,-48.357388545983426],[-16.67904620088294,-47.80216142270471],[-17.045190075932194,-47.56622497350024],[-17.10575732804621,-47.0813358739663],[-17.65627239034663,-46.7222587023719],[-17.759663615366552,-46.46151435343052],[-17.54385991134233,-46.50365033744602],[-15.137059979941125,-46.734849091308384],[-14.644995264463311,-47.114727565532895],[-14.019369674456591,-47.582340403839396],[-13.338776848460164,-48.280543525062896],[-13.310286509282468,-48.48251871080314],[-13.681492438724502,-48.77989435046026],[-14.069655090135777,-48.20349189443358],[-14.92360574392485,-47.83050928641701],[-15.71019065170353,-48.32636270142724]]]},{"type":"Polygon","coordinates":[[[-24.128585925938193,-46.513874815009],[-24.287496815245273,-46.13335941003247],[-23.41748086333714,-45.09116359043898],[-23.357288727640945,-44.92716722086775],[-22.83856839208436,-45.15111733869225],[-22.01290003937698,-45.40438501811817],[-22.003673409093345,-45.535230987786456],[-23.090512847269792,-46.627359722984046],[-23.4840170185942,-46.393329155238135],[-24.128585925938193,-46.513874815009]]]},{"type":"Polygon","coordinates":[[[-21.958080522192713,-28.241492731898145],[-21.876845411134276,-27.94676496653509],[-21.371372310484272,-27.73998064662075],[-21.330788573527496,-27.409748883284283],[-21.938585921627375,-27.569886375186286],[-21.257069781238908,-26.81976327453491],[-21.11859699343064,-26.25204517830651],[-20.202678961862812,-25.597252237835278],[-19.279195197699455,-25.237263684714048],[-18.976088598909822,-25.560479468791492],[-18.368088641953413,-25.880353675011722],[-19.605742614609138,-26.385426317980876],[-19.031787660530444,-26.614759661028952],[-18.51139790395175,-26.97153966556933],[-19.186251051333056,-27.54059790190788],[-20.249095229156126,-27.947517844360668],[-19.773442487094698,-28.351867572767016],[-20.148151120769306,-29.711744843995067],[-19.887743252248455,-30.075726596728494],[-20.29316435615737,-31.147521369217113],[-23.901847983917722,-31.16364177093619],[-24.44371422953667,-30.596236846380613],[-24.287152552364798,-30.183035246695695],[-23.49243710290189,-30.373351797942163],[-23.376011411117062,-29.74822682457533],[-22.784656618131898,-29.327164783590376],[-22.068590534298654,-29.96438676864604],[-21.570670645023032,-29.567128881182384],[-21.47301262068045,-28.82590277648385],[-21.958080522192713,-28.241492731898145]]]},{"type":"Polygon","coordinates":[[[-19.50321808505317,-13.803516099521884],[-19.020819320259562,-14.219251976914684],[-19.20132923740545,-15.129875365426242],[-18.36347655225853,-15.286478960355094],[-18.258523996864596,-15.85992361409071],[-17.39369605280342,-16.01303472607259],[-16.985448402318283,-16.55101297107806],[-17.547467924682042,-16.92230211001605],[-17.733114938628503,-17.730925450352302],[-18.71635827171834,-17.84310496760837],[-20.12475956720743,-17.33003072722019],[-20.524606516165335,-17.144616739067764],[-20.776214213228688,-16.5904786020094],[-21.25544440140783,-15.405124390173219],[-20.62496117868367,-15.504397934011918],[-20.7520863400008,-14.459159946866286],[-20.15072454384175,-14.968755553689224],[-19.913059153392926,-14.784964159042852],[-20.2191098065092,-13.934139796391392],[-19.50321808505317,-13.803516099521884]]]},{"type":"Polygon","coordinates":[[[-1.8272608801796955,-11.927814342917662],[-1.9014772665377984,-11.592565576852003],[-1.449499392359916,-11.45493043641811],[-1.414813747227799,-11.837408142915217],[-1.1337443445438382,-12.093912958474526],[-1.6671752814089276,-12.44564843304589],[-2.0162826573013994,-12.159406602816548],[-1.8272608801796955,-11.927814342917662]]]},{"type":"Polygon","coordinates":[[[-2.674711338916337,-9.976886125495053],[-2.519916542786974,-9.663799252231323],[-2.2612279123756975,-9.691289686662426],[-2.118741000848603,-10.08024333584423],[-1.6439998384726422,-10.922343681079235],[-2.2052906322765278,-11.22556035355357],[-2.468607128791847,-11.924080751088214],[-2.695745569182483,-12.069001838167912],[-2.991075343120954,-12.852849230409763],[-3.274872020780306,-12.824818056334866],[-3.5821977250724415,-12.108471432088779],[-3.2893447982367525,-11.82152675702925],[-3.514026962341401,-11.455082941383274],[-3.6238637614513736,-10.531303727903179],[-3.4973486222464025,-9.744730873145027],[-2.9193104505261798,-9.557601410708642],[-2.9281070227247823,-9.920664930517958],[-2.674711338916337,-9.976886125495053]]]},{"type":"Polygon","coordinates":[[[-1.3699904070494098,-9.545410993029517],[-1.1618334398440633,-9.270970706080684],[-0.7685213007929321,-9.562112053633859],[-0.4543309771766868,-9.933313759670263],[-0.753330348736643,-10.455362801376136],[-1.3019876299218618,-10.520630933711532],[-1.8177494257835083,-10.27533292731774],[-1.8001010477608725,-9.99851030663211],[-2.0487287533944767,-9.933120221048611],[-2.136531260709839,-9.444597860328097],[-1.5726228351727345,-9.270553165841603],[-1.3699904070494098,-9.545410993029517]]]},{"type":"Polygon","coordinates":[[[-12.95004714418882,-10.3713832962357],[-13.323611608683565,-10.144859509650896],[-13.564642202130258,-9.822522374640748],[-13.904277505347375,-10.5165330129894],[-14.26653566436589,-10.783857774137127],[-14.276249372636027,-10.056256198941767],[-14.589625369865843,-10.078395244963664],[-14.561039894031383,-10.559986201632556],[-14.821711873664738,-11.24982182243797],[-15.40748319265149,-11.82795078158196],[-15.920864144531487,-11.45923474384207],[-15.744459026513589,-11.030480853966692],[-15.482616716459006,-10.3797633258423],[-15.998999985029522,-10.843748655638356],[-16.662772405531463,-10.800934373383413],[-16.19901361465598,-11.5698241606075],[-15.96836011821609,-11.983233750852662],[-17.23995310191228,-11.711414997514977],[-18.450512327920034,-11.293831381831236],[-19.291932309645286,-10.514500582315058],[-19.48546596151534,-10.15027128374922],[-20.01006881079147,-9.969376146300645],[-21.21234820721294,-9.920575332533602],[-22.20765968874404,-9.397230858015202],[-22.350927820999598,-9.150366096935654],[-22.777120722650736,-8.725530694601064],[-23.197608122767193,-8.241010396095508],[-23.904405561809067,-8.090360857604],[-24.581393529376314,-8.296182392410518],[-25.281931859968854,-8.277400496984274],[-26.265450615736846,-7.790951358046446],[-26.97534114063235,-8.180087145558174],[-27.838322803155606,-8.192183526585582],[-28.856904249852604,-8.198446624645994],[-29.08693950703061,-7.530504898389751],[-28.444914386161088,-6.641217868849261],[-28.629513240518683,-5.685019697462492],[-28.167616790778265,-5.129488529582547],[-27.250757482557763,-4.662646034839879],[-26.583106468628003,-4.092825838445892],[-25.424764786573565,-5.428059703467095],[-24.490904041974257,-6.1280300450033005],[-23.097990039590076,-6.704229795958101],[-21.725290885673502,-6.955022552501038],[-19.02323961454307,-7.043601062164462],[-17.67688710259034,-6.855370893761921],[-16.32006353053688,-6.348441453347511],[-15.387280005998276,-5.743611852970313],[-13.895537478672427,-4.525180562469823],[-13.391502813693222,-3.9798006251218068],[-13.404776277162997,-3.475459298471507],[-13.939135479429744,-3.132621177727827],[-15.527597614474265,-2.4826950780821426],[-16.430945850765635,-2.092442476892016],[-17.56544530903654,-1.6462626768261535],[-18.350378874133092,-1.3721936537257116],[-18.300335377442604,-1.309982900576414],[-17.34425424448593,-1.5786480265870302],[-16.987994439047693,-1.3682859119935966],[-16.314750343976,-1.0914741689112646],[-15.273841591433056,-0.7055208303609476],[-14.897120076944791,-0.360810517888745],[-14.478500229294832,-0.3538010434296346],[-13.894345539937135,0.30468108330120797],[-13.801511956714515,0.8100013453015888],[-13.790520798223174,1.4506690853625435],[-13.791211107925168,2.041468421039229],[-13.433988084308082,2.265745720726946],[-12.743462246429871,2.547310154521839],[-12.533156340749084,1.918906327019063],[-12.538971689434204,1.4750166143629513],[-12.141970327237056,2.350586753162833],[-11.644153790872862,2.7309434064051006],[-11.271416130058814,2.616472795870652],[-10.941691178001017,1.7946310974860225],[-10.5541897240136,1.0493628353362932],[-10.198606733568042,0.9452906310285554],[-9.787938904093552,1.3726453999958979],[-9.411726633360114,1.1753811108289587],[-8.768115984368428,0.5631344398513685],[-8.67240146215325,0.3370862932339783],[-8.220892063113773,0.37935415966653385],[-7.966274417382126,0.03915065189608276],[-7.800100511398615,-0.3792935842908473],[-7.7600391327583775,-0.79472474933448],[-8.052737458987117,-0.9792507924714099],[-7.456279018481163,-1.2586294802736113],[-7.764034908133089,-1.644254089180438],[-7.798595763019609,-1.8515344367398798],[-8.040925232214802,-2.2180601512955826],[-7.599641987502148,-1.7626572429534217],[-7.178267590629927,-1.683536084372299],[-6.495162229655793,-1.930623213799254],[-6.4079190222329006,-2.3390921633219537],[-6.010471194173792,-2.3471723033618668],[-5.767768843468135,-2.6723319434804127],[-5.447893507640353,-3.514615287562369],[-5.652137439031876,-4.585046140709537],[-6.104682724032248,-4.632978922006046],[-6.435955131955329,-4.240329249091898],[-6.890007797888491,-3.6650541288406546],[-7.0150804219664895,-3.8101318593259657],[-6.674024823654761,-4.176754697906798],[-6.730156593246607,-4.718196626075665],[-6.321203276345766,-4.759450941144554],[-6.5367753661708745,-5.069604229275344],[-7.101722541398221,-5.289953840594516],[-6.57067824477757,-5.365130465890941],[-5.813679910759654,-5.631926050373467],[-5.644547539295499,-6.069255593657342],[-5.87540582851277,-6.439133413962429],[-6.838020877828549,-6.494438456311255],[-7.071517125468383,-6.583054665201258],[-7.5603512484665725,-6.289745905764425],[-7.3370902359911865,-6.62129128008548],[-8.027232714405752,-6.945493663420771],[-8.625869845809023,-7.247477622097785],[-9.485339291700482,-7.963286231993731],[-9.816971224647306,-8.586286304614381],[-10.077967042751695,-8.342970849995044],[-10.564445573372039,-8.244839409670098],[-10.710542228876985,-8.914991641722848],[-11.33836990578243,-9.499199750238487],[-11.585246709502176,-9.344855237557248],[-12.04608908145624,-10.151135209334516],[-12.483542830084357,-9.72382660319968],[-12.61036744160946,-10.225521706037734],[-12.95004714418882,-10.3713832962357]]]},{"type":"Polygon","coordinates":[[[-11.386165466552233,5.934272548694649],[-10.693191895978517,5.69591553510429],[-10.689579207215424,5.5504003842508505],[-11.327533366986186,5.227562382650162],[-10.622290351621546,5.214572871727923],[-10.301622213771308,5.423021250779275],[-10.029176669451559,5.1039057881786665],[-9.9636186472123,4.692227132693018],[-9.668786208388052,4.497430530945984],[-9.204323937828223,4.5611996400963735],[-8.708450837974487,4.398451416347735],[-8.94582718583082,3.9973095670082075],[-9.099399647195304,3.9166507926841345],[-8.861947278969222,3.5345414692281576],[-8.611781077181138,3.832023778072144],[-8.421037425995367,4.377843990331152],[-7.985511171552838,4.469855093613078],[-7.568569781855806,4.383639655009964],[-7.226471903837332,4.38524134165701],[-6.917442703878818,4.235421783645579],[-6.858618794745557,3.959996362519246],[-6.908868409244611,3.8041310887920132],[-6.889291017478378,3.492987578044611],[-6.6386782602086365,3.156210396121357],[-6.752830724979496,3.0334686371207074],[-7.066553594153514,3.015357077389162],[-6.605269618554362,2.7171222993241257],[-6.516183094539792,2.507367172561441],[-6.486509970341659,2.2663537090461867],[-6.557588516160552,1.9064886820531628],[-6.6789641276081335,1.8748108550866627],[-6.599285030747767,1.4994765721572725],[-6.713303733317727,1.2612431625258895],[-6.818674210841398,1.0165472323959446],[-6.936313130496402,0.7061466866700034],[-7.085509345337503,0.454545536121977],[-7.36760002091581,0.23731549959285894],[-7.634226785965338,0.2516891498371998],[-8.049470074321126,0.6080189359084225],[-8.218102192210255,0.9697478764641106],[-8.42389349595533,1.1283785066918879],[-8.455169629804283,0.8082130354842031],[-9.016344681742178,1.2361893800625645],[-9.257531857760302,1.5370684431192272],[-10.010385271150458,1.967654555145287],[-10.095947137888619,2.3623254118316503],[-10.267862463921393,2.522046588677144],[-10.225343253140903,3.0887350163294682],[-10.416779438260251,2.8762161850950214],[-10.553839365694039,3.050044124085702],[-11.072916635989431,3.0268667391994852],[-11.352182843587833,3.3035732342929975],[-11.531172037234047,3.691721476237885],[-11.873881060641228,3.907109857408213],[-12.059927762118436,4.292250435793388],[-12.284543661353798,4.337299202842134],[-12.36881835655189,3.9603190075893493],[-12.603710729613024,4.028858243981855],[-12.972126109567773,4.813073604077012],[-12.488679237810395,5.288744690354466],[-12.347824526995987,5.983710710154731],[-12.082818487526433,6.24517804695654],[-11.827772970666343,6.612369235827258],[-11.39099782837227,6.405825192099802],[-11.386165466552233,5.934272548694649]]]},{"type":"Polygon","coordinates":[[[-27.2363344096396,2.2992668471128694],[-26.91567667763501,2.849639119971932],[-25.987163125266267,3.873048901144361],[-26.577524298574772,3.544411242817186],[-26.488834492061315,3.641243468615298],[-24.63054043993149,5.87985622229957],[-23.75271900113979,7.055081998312645],[-23.666537048764493,7.230751580476938],[-23.823496708167895,6.614576508081147],[-23.902544665859548,5.751509980088357],[-23.521830888284285,5.806082341908406],[-23.065190509591723,5.556323164989241],[-22.218141140448218,4.851498737243826],[-21.761984990666548,4.863637798395689],[-21.395233211402367,4.933145060183814],[-20.791844013812025,5.374297150593308],[-20.272470230204778,5.997839530113362],[-20.088994131787036,5.709244765756069],[-19.386161020761328,5.8980441813737325],[-19.243374225006754,6.173169358529722],[-18.83516045348262,6.327991960203066],[-19.060028132469387,6.593674291921002],[-18.974616798798504,7.226886790558137],[-18.2946837219391,8.306908388574588],[-17.721679744654217,8.838594353602137],[-17.338726714269445,9.259896410875621],[-16.89334780159976,9.341404684286202],[-16.6442398427622,8.828019450097424],[-16.42393837436635,9.230232421020991],[-15.476892032260428,8.829890793301868],[-14.794601661586695,8.19986560876244],[-14.569436650491964,7.748143702475844],[-14.651687249524125,6.979394153049547],[-15.15096880376922,7.444391635359313],[-15.819611635664979,7.4989705783234175],[-15.191834549789709,6.919752450014731],[-15.08966895911329,6.099029930278297],[-16.238382282540318,6.000220549638142],[-16.842601659424947,6.264157667941917],[-16.763209147979726,5.5982637648069264],[-16.468216692887914,5.208174194373312],[-17.14076403581834,4.705965352706176],[-17.70896604881212,4.410581443722553],[-18.14412775721405,4.472308235909833],[-18.051168019191106,3.8464654880191294],[-18.742202362329387,3.6403256576713674],[-19.26337334474777,2.919023726250671],[-19.70332659175059,2.683672749756067],[-20.673182010390178,2.4709985564213772],[-21.051093426839042,3.1846555111654817],[-21.807072260496334,2.4047715085890666],[-22.080414287774758,1.8315568785571639],[-23.034621358384044,1.341486579819205],[-23.12706422245384,0.7276199272753151],[-23.82465220590968,0.87413892102556],[-24.950006630734013,1.6550281632271282],[-24.486468555813104,2.138860228350823],[-23.46728255228979,2.686933630822195],[-23.5307086805062,3.217570120010067],[-24.093203214882067,3.3422072388893964],[-24.724062652938777,2.977777338590872],[-25.240638918818416,2.450970643410325],[-25.520959493187014,2.2975257888659475],[-26.530873016769718,2.0894334319739847],[-27.2363344096396,2.2992668471128694]]]},{"type":"Polygon","coordinates":[[[-16.525546054564476,4.73984211645232],[-16.41026732321972,5.033122539060552],[-16.296268096318066,5.330224835303221],[-16.323381348613513,5.679509687796659],[-16.23784255865534,5.741116593799564],[-15.627881879006821,5.866027423342848],[-15.292129117768974,5.731250631967129],[-15.275174201797778,5.581929426318413],[-15.582329551534704,5.007180635977576],[-16.25153156419163,4.690461227170451],[-16.525546054564476,4.73984211645232]]]},{"type":"Polygon","coordinates":[[[-7.6248627215506355,5.509736910538318],[-7.439571919743588,5.242601184180723],[-7.473361265328601,5.069964690053383],[-7.244878879713301,4.9971364734111345],[-7.397269546535096,4.6728087431488845],[-7.958979956694074,4.780825018597647],[-8.282584361556856,4.650016969512799],[-8.579651451909639,4.499286271565641],[-9.231955545139916,4.677213757504245],[-9.619977613160087,4.6215693523062225],[-9.774473628524179,4.9837893776289155],[-10.274234278876776,5.654444970872163],[-10.159464080616521,6.0035442616315935],[-9.82950695585237,6.296729743166851],[-9.368586427591529,6.2545463470209945],[-9.065804220740347,6.052147134706701],[-8.922326019319446,5.783195032842911],[-8.741129024536546,6.068211314106158],[-8.351822836059203,6.040918097070672],[-7.918004537145537,5.864646553104679],[-7.6248627215506355,5.509736910538318]]]},{"type":"Polygon","coordinates":[[[-22.06556565151667,6.094372862639663],[-21.999310009328646,6.528044293957305],[-21.499088471058837,6.486768782045776],[-21.000508608685138,6.1798956365871405],[-20.955899324871478,5.815337085625248],[-21.298153077289676,5.602971627031165],[-21.716766667312807,5.7027509845491355],[-21.840571272377538,5.777999522298545],[-22.06556565151667,6.094372862639663]]]},{"type":"Polygon","coordinates":[[[-12.002802375216257,7.114007913054123],[-12.339636608925728,6.983987974281238],[-12.62536935768,6.96095976830477],[-12.82198891033469,6.684350880838378],[-13.060562736522808,6.394773107277822],[-13.030141476174864,5.94474364569916],[-13.14935186303537,5.450128128122028],[-13.361233994427549,5.10310896385044],[-13.808883132046446,4.980475368367393],[-14.219853965649163,5.063264752273394],[-14.416623978225758,5.306255300704687],[-14.479016841936199,5.7535471699548415],[-14.237645187435074,6.025753157340197],[-14.066964723581453,6.789583149912806],[-13.83688138093944,7.2924473771961145],[-13.521934585251575,7.616268071668228],[-12.88442805566602,8.061368774823611],[-12.365649761878483,7.84832898565459],[-11.925187641944168,7.611124406123741],[-11.423074521324592,7.578946215259665],[-11.045041520751631,7.913394898847778],[-10.63278610056755,7.950218777396701],[-10.349306766380877,7.639280934397665],[-10.667490907649535,7.299807432305243],[-11.07740338497049,7.267594568180089],[-11.315270380073533,6.884079163872394],[-11.702882681111287,6.878693094482207],[-12.002802375216257,7.114007913054123]]]},{"type":"Polygon","coordinates":[[[-9.73095347877529,6.957875159575241],[-9.716518407034826,7.328964961407665],[-9.42648733575513,7.324278489236349],[-9.073632523131621,7.163425802916712],[-8.735593955368051,6.9206494668381255],[-8.920857313764248,6.74622679840191],[-9.042242749316445,6.694613336901364],[-9.465268814687239,6.704788740534947],[-9.73095347877529,6.957875159575241]]]},{"type":"Polygon","coordinates":[[[-10.101471644743109,7.30687687427654],[-9.839161111544728,7.190053104678697],[-10.095508657134468,6.8498191692500185],[-10.334371656560347,6.827710820040626],[-10.416639318256536,6.911736484903331],[-10.38601926614184,7.0097806684813815],[-10.101471644743109,7.30687687427654]]]},{"type":"Polygon","coordinates":[[[-9.36427562661229,7.685395179191866],[-9.057666870483732,7.875377478644095],[-8.58701065871479,7.912879559651052],[-8.247776917220783,8.213287192542184],[-8.167390999264116,7.868608696085843],[-7.827724081204877,7.868684991760674],[-7.544128760684383,7.6077108967031855],[-7.8999128731946895,7.438582816656618],[-8.521009428255507,7.294887890612978],[-8.987198927336244,7.483460607153103],[-9.36427562661229,7.685395179191866]]]},{"type":"Polygon","coordinates":[[[-12.165686685468023,8.965839421050612],[-11.875824828771954,8.592709895543035],[-11.858928718265801,8.143659342927048],[-12.276475623395848,8.154972283545357],[-12.596328409335612,8.248281008203652],[-12.84667407648675,8.5789317499609],[-12.566929279334303,8.856707336766993],[-12.165686685468023,8.965839421050612]]]},{"type":"Polygon","coordinates":[[[-7.374889037584649,8.969730380231882],[-7.111121010793201,9.178368003215816],[-7.02469109444598,9.064009438038253],[-6.995047091198365,8.704559918540896],[-7.105588490389919,8.673976052077114],[-7.434597346956666,8.663959662678273],[-7.374889037584649,8.969730380231882]]]},{"type":"Polygon","coordinates":[[[-10.74640403397755,9.69669713467247],[-10.150800346533504,9.194432707672295],[-10.344337131334914,9.023617582666835],[-10.308656889023055,8.53467445007567],[-10.559236730475844,8.315902276875654],[-10.465279124956718,8.221356223049561],[-10.947095009743455,8.360446358180463],[-11.366646281474608,8.662410117712385],[-11.897383055617604,9.201894937823246],[-11.712044065118896,9.602374466952494],[-11.407375786908993,9.716345571832498],[-10.957228077627235,9.33780847968003],[-10.74640403397755,9.69669713467247]]]},{"type":"Polygon","coordinates":[[[-14.780420973645757,10.279826664479014],[-13.936840171009418,9.93770576603528],[-13.525381081778066,9.649987558252002],[-13.25567702942177,9.287398033081466],[-13.181404873227043,8.908368822016856],[-13.520619329052455,8.445885710786362],[-14.00261034622748,8.114800629190576],[-14.563992666776487,8.931244897496713],[-14.546364056411555,9.332205619491148],[-15.009254833273996,10.007162236858264],[-14.780420973645757,10.279826664479014]]]},{"type":"Polygon","coordinates":[[[-7.363947841739882,9.83898873727327],[-7.303798603084926,9.482637526317498],[-7.477748945363639,9.215164111431994],[-7.805746455710269,9.147554574965516],[-7.949357799548087,9.420314477398605],[-7.8209347939993785,9.898027434878003],[-7.363947841739882,9.83898873727327]]]},{"type":"Polygon","coordinates":[[[-22.69949095792357,9.919040116250589],[-22.678463978431466,10.060028290390804],[-22.649534158378287,9.937647674582164],[-22.69949095792357,9.919040116250589]]]},{"type":"Polygon","coordinates":[[[-22.58886015355141,10.660831637850343],[-22.071996580609344,10.333445899620306],[-22.268483151685796,10.093302601959369],[-22.660122762127273,10.18300813156153],[-22.58886015355141,10.660831637850343]]]},{"type":"Polygon","coordinates":[[[-13.313942869281805,9.886811207274828],[-13.543689285386412,10.388104453605957],[-14.165558990544232,10.27894510765507],[-14.880438908902446,10.843901546996703],[-14.886533340296793,11.493082296996874],[-14.627688478473063,11.687769409566846],[-14.182966440951436,11.623803639691836],[-13.079012622907356,11.714870490352627],[-12.837093719081627,11.499742519820812],[-13.33157175420077,11.11755356729659],[-12.609716180063131,10.946702756457034],[-12.44881654669943,10.380340242764342],[-12.82781054909341,10.250781677917834],[-13.032300419620313,9.775147019717101],[-13.313942869281805,9.886811207274828]]]},{"type":"Polygon","coordinates":[[[-9.304931462028074,11.608605209667285],[-8.42831059626899,12.400678352300375],[-8.021304492719445,12.452292762645685],[-7.751946807649311,11.453279844036144],[-7.774630640104425,11.096604683103886],[-8.52390813564225,10.967972293113997],[-9.248057780647837,11.15276337146737],[-9.635046282267364,10.923512821217383],[-8.729139933736974,10.430572012930885],[-8.650848014235446,10.016078186534411],[-8.90868080592154,9.944971917880837],[-9.294565693709632,10.243470074744879],[-9.611307956499141,10.440241448541306],[-9.653895175651854,10.16986549595589],[-9.868689288496803,10.023182643238616],[-10.252407888890547,10.338200160465222],[-10.48164727074421,10.783326424868763],[-9.933080096672278,11.497257918408291],[-9.694950675323508,12.2588923547962],[-9.37968692921891,12.528747379758178],[-9.150154506032933,12.289602831747128],[-9.304931462028074,11.608605209667285]]]},{"type":"Polygon","coordinates":[[[-6.487882895410857,10.693095177299046],[-6.780861390252146,10.5276322733753],[-6.947420241385503,10.241481421722458],[-7.363539581504782,10.892563903450952],[-7.411550848872901,11.279236629314862],[-7.252629666812639,11.439388534170137],[-7.099550160187761,12.035511577954226],[-6.834518388917105,12.36230664288515],[-6.43403233538913,12.328625964222967],[-6.434032160026709,12.328626054704502],[-6.4229597440837,11.482202204554643],[-6.487882895410857,10.693095177299046]]]},{"type":"Polygon","coordinates":[[[-12.296270512266327,12.178264111901019],[-11.46204092135582,12.005275113809681],[-11.4322314188006,11.837820563636594],[-11.674857759716964,11.541268903638457],[-11.989121407686646,11.537376834326688],[-12.296270512266327,12.178264111901019]]]},{"type":"Polygon","coordinates":[[[-17.401864711077394,12.377098616315067],[-16.862504192177052,12.600134490011023],[-16.776638094699532,12.9002596517088],[-16.108148398816937,13.014913979642806],[-16.04817142855174,12.58229232230778],[-15.840217951443192,12.130362949292756],[-16.292773869221122,12.00332258022228],[-16.56528932179964,11.937186369174551],[-16.785866384861578,11.959127773921503],[-17.232997468853707,11.995427075845178],[-17.401864711077394,12.377098616315067]]]},{"type":"Polygon","coordinates":[[[-12.030797943681662,15.853249322111541],[-12.275479258460997,15.442448972359534],[-11.598742995779222,15.659008335940076],[-11.050613019002876,16.14289961066028],[-10.632373273469748,16.39301965738262],[-10.269755107063704,16.180715044269473],[-10.681770322345912,15.428024404471602],[-10.26720102413595,15.719993451539919],[-9.633248087274469,15.80047374504891],[-9.446011294242933,15.02811751401482],[-9.403202036097518,14.580281016955134],[-9.709887226831707,13.634915253012],[-10.072141722570453,13.61462085940778],[-10.240322160908335,14.077834723579333],[-10.585645194400882,13.436099935729581],[-11.244184021610446,13.562188605897731],[-11.162375569681927,12.956110177888709],[-11.593384609006803,13.02005371973236],[-12.468546256874921,13.570269731419437],[-12.291700068767302,13.161924640313034],[-11.412535488078854,12.56253891166075],[-11.499659047463261,12.281169316872164],[-11.824979845479143,12.19488226463139],[-12.355781563769664,12.243853085561874],[-13.213277785615713,12.777799696942562],[-13.8115960891385,13.187127393773775],[-14.569981207417996,13.1066678588049],[-15.344769383520296,12.946268699340086],[-15.670187679922227,13.253537827397118],[-15.353697152656405,13.744453618272605],[-15.805326166767927,13.822877056609544],[-16.012913592478977,14.152470996713916],[-15.445542870438572,14.539282911831135],[-14.807121456391092,14.80350214140182],[-14.551161017584993,15.14078731635221],[-14.291134450489507,15.852816534227744],[-13.571482754540549,16.698744276747284],[-13.21966728381238,17.06397733639991],[-12.752739653210698,16.81567607656726],[-12.17625772126453,16.89353129343326],[-11.97924119442339,17.169595987898653],[-11.135972629166979,16.767863142545874],[-11.268042941806709,16.550953817340694],[-11.607363640438583,16.106232111356512],[-12.030797943681662,15.853249322111541]]]},{"type":"Polygon","coordinates":[[[-14.58716507562563,16.676822058854828],[-15.322762700624532,16.841653927382136],[-15.267946437775866,16.190077521484234],[-14.676172569151078,16.147752304040328],[-14.60934210649689,15.736544109120498],[-14.903653946784026,15.39357604825562],[-15.040513604680992,15.116736918464463],[-15.42936836024159,15.069662720695954],[-16.103892650244596,15.16521079114692],[-16.32917644788178,14.800308171531698],[-17.12916348054264,14.5826225628761],[-17.378859700045524,14.023301954645778],[-17.740538943590295,13.597642213782308],[-17.199503802445,13.262789809177782],[-17.251898287207993,12.89646867143782],[-17.871672645552025,12.623015321462898],[-18.674526927416025,13.154420917863217],[-18.13202566900541,12.510954256811727],[-18.322888331001288,12.273976921589885],[-17.54797598336803,11.593616805475904],[-16.8103195934669,11.574068141124794],[-16.238737070929062,11.678917705106292],[-15.329350456931358,11.025651409808804],[-14.934917404454017,10.307273401383352],[-15.29992743964135,10.051112891003717],[-15.852424019635741,10.013364203244182],[-17.06918263249403,10.204593965962694],[-17.34364757403009,10.715484217646118],[-17.850298305180143,10.253930194489847],[-18.760431102354577,10.748762346238335],[-18.28974725332108,9.953926766406187],[-19.069851493275173,9.863066880668994],[-19.694360706811647,10.292192322460656],[-20.475366787786246,10.255864101270392],[-19.981990587651588,9.588790211288218],[-19.297561266859166,8.988058022463356],[-18.291773915699586,8.522307626182416],[-18.55980755832516,8.103594570655826],[-18.891636857149685,7.684256160090143],[-19.528008618501758,7.417828866784692],[-20.006106450562736,7.566790551745613],[-20.415680259167,8.007991767540949],[-21.015442188856788,7.9429933308234455],[-21.460831683808614,8.153919532260918],[-21.845955980840618,9.123766728887853],[-21.776751948428384,9.698974573278928],[-21.32974251670142,9.95941805912451],[-21.746144864981137,10.273003092564302],[-22.35938798372984,10.984166862243018],[-22.520373614393094,11.120041298122262],[-22.34138168377029,12.320201572869186],[-22.257002069482315,13.636558095104606],[-22.509438074970088,15.09145649672467],[-23.04630026136487,16.210990739116372],[-24.414523541963337,18.139079925793535],[-24.808232563990853,19.142339961489096],[-24.635662237346672,20.178367418924314],[-23.953956210530425,20.869928334432643],[-22.071833305064008,21.808969142242102],[-20.912930768034858,22.07005607489198],[-19.369444261602116,21.95894300344609],[-17.985047080909006,21.507943384200072],[-15.459280242648846,20.20153035351401],[-14.070363413523276,19.4937956700363],[-12.379703122482931,18.71989758985019],[-10.960497718070748,18.118355274991657],[-9.990129224018622,17.66499183335291],[-10.674037334096557,17.748545277439767],[-11.615298074778194,17.60381921103387],[-12.142719887234026,17.459746905749856],[-12.401593637476081,17.199541702967423],[-13.132423539542248,17.30432863755914],[-13.012666512994274,18.01659738532132],[-13.718334102560938,17.76835107886151],[-14.459281438588228,17.020908130548236],[-14.58716507562563,16.676822058854828]]]},{"type":"Polygon","coordinates":[[[-9.196930669817561,15.750361411634149],[-9.420875697613658,16.110954002255912],[-8.905666730400334,16.96382201267027],[-8.533523206591987,16.656550392868574],[-7.607344841521198,16.507120973587202],[-7.559781977365115,16.168229188910658],[-7.404396195540584,15.320664813125884],[-7.329726729448207,14.62156362839333],[-6.798492692037294,14.193251325616947],[-7.554722041266937,13.632471760195354],[-8.004873269258443,13.618734362949223],[-8.640145431878583,13.296039079099849],[-9.034097546941048,13.38710907146853],[-9.536516200503005,13.558439196054184],[-9.381724629624047,13.971696642448025],[-9.15482241387,14.955094496285875],[-9.196930669817561,15.750361411634149]]]},{"type":"Polygon","coordinates":[[[-0.16702355006627373,19.4963963372168],[-0.06763401886098006,19.478202234621044],[-0.09899760662102239,19.46966774533062],[-0.16702355006627373,19.4963963372168]]]},{"type":"Polygon","coordinates":[[[18.976561863120168,-69.00131304303225],[21.13672406402822,-69.98808889468555],[22.39183592131102,-70.07346066558658],[24.236295897442623,-70.19285544779196],[27.306428521487,-70.9711497286853],[29.441063183884562,-71.6378504560607],[31.688226577347564,-71.77267054027695],[36.875793092037725,-71.77128821952908],[39.370328861866916,-71.86779393995221],[41.87410085779794,-71.9432903609548],[43.35260095423785,-71.97846853506046],[45.12418831415247,-71.84561565180361],[46.35825849014151,-71.88656933499772],[47.29638821747518,-72.18588923871025],[46.65689615780718,-72.76208464639492],[48.2806069085059,-72.62588662981771],[49.43483102607135,-72.49890168103802],[50.91317055598319,-72.60576660380404],[52.91725181135454,-72.50126359494071],[53.85414327168198,-72.1047451872399],[54.83892682855704,-71.19485322649248],[56.29707009973709,-70.23254556714478],[56.849162026920524,-69.33428445268905],[57.39668738994686,-68.8836798616592],[57.45837833536841,-68.48941072837044],[58.13656553595046,-67.98981338532366],[58.50330747970021,-67.70803768285029],[58.744225887486365,-67.24175448386059],[59.16263317483849,-66.73865358505077],[58.970023075010964,-66.16797307046842],[59.40036239635313,-65.84094981107779],[60.023107707499825,-65.9515003014169],[61.19856774136654,-66.29841391667055],[62.381402755363325,-66.52696119672065],[62.98156189272094,-66.86925213630059],[65.23673280123376,-67.56443392526916],[67.52214738946022,-68.42550045314741],[70.28714821609647,-69.43506325681803],[73.66488152530161,-70.68025782026646],[76.38944527452453,-71.7799311623022],[80.07711404296585,-73.19763538224356],[82.41639835658722,-74.30531848536164],[85.67614207358598,-75.89314764566761],[85.8831077821152,-75.95906451018718],[80.2060462805713,-76.44365673524156],[69.51477032594272,-76.95367959215136],[57.2296131181539,-77.55273812497677],[47.016639012256114,-78.11936393359544],[27.133565598734886,-78.74045580829713],[18.20469498438111,-78.17168803070712],[12.696609173998267,-76.71289759532235],[11.811955300624055,-75.06084591899952],[13.242519239447937,-71.62802169817982],[12.84680695775708,-69.83987433258285],[10.92718648189878,-67.89380592644203],[8.396961935725985,-66.39845314081774],[6.85056273557731,-65.57570811687722],[7.109763399054602,-65.54348262942622],[7.687586369114543,-65.45742440497833],[8.251736706682847,-65.35891738214214],[8.800571078358384,-65.24828708734931],[9.332557891416958,-65.12589396545648],[9.846284368941586,-64.9921305873052],[10.34046174151348,-64.84741873080662],[10.679838175258734,-64.73616403107143],[12.601432641246966,-65.44426158519316],[12.273567892256882,-65.65637375953679],[12.720958825857393,-66.2810553221524],[15.930180191700211,-66.85790447977688],[16.483527647236638,-67.00415670232664],[18.039079504094516,-67.83852295389873],[17.68240820271686,-68.07710371822641],[18.976561863120168,-69.00131304303225]]]},{"type":"Polygon","coordinates":[[[36.534304018378705,-57.8310603054573],[37.1132438352759,-57.99702275153425],[37.61324418211272,-58.088459360656685],[36.618343323148835,-57.58593742301386],[36.31526401113428,-57.03152425080871],[36.52214462102376,-56.78868537659004],[37.27475757289649,-56.84043362005339],[38.024660202544325,-57.260647544932745],[38.50525179678606,-57.82471913178126],[39.236471049943965,-57.98235723944559],[39.39241724367857,-57.834617914474016],[39.79858193782202,-58.007277693244745],[40.53615887808863,-57.39095749221502],[41.53624082810815,-56.86614198693978],[42.25919919795057,-56.482826911425185],[42.1337540893098,-55.65816027788452],[43.557525781995984,-55.53758619879219],[50.77061584844129,-54.91918513515308],[51.34664401309296,-54.791610578712465],[52.0134430714266,-55.45052127475756],[51.52525412563253,-55.77841630093671],[51.690177203257186,-56.07211665504002],[52.3077898552466,-56.47492499079725],[53.44676753000221,-56.73409085342377],[53.552128797805395,-56.87454223469291],[53.122713796904605,-57.241895417968024],[53.12151535880022,-57.94158226924143],[53.808962974691624,-58.27922165988007],[53.931631168069664,-58.57547213657661],[53.30850088807757,-59.07190063270357],[53.33030211401881,-59.52169182128645],[54.009961495829046,-59.73427298400457],[53.987241073683734,-60.27352960718245],[53.24817959033891,-60.66678693972363],[53.10690015534878,-61.387050940617804],[52.69099075096016,-61.786704552339124],[52.33366003105566,-62.51147089181717],[52.90711991837837,-62.91474380497739],[53.504964580060495,-63.12264139231984],[53.094748117697314,-64.15552684702757],[51.920606134596085,-65.68962072007196],[52.092777327604566,-66.80549486426338],[51.56635120413323,-67.18395532074418],[50.99459257775498,-67.38295401537901],[50.97236520892863,-68.08601114704967],[50.368484309813375,-68.69574149585893],[49.065744877052076,-69.3683068893869],[48.74773257523172,-69.59459701726175],[48.94799711758368,-69.9267145403491],[48.637321315486126,-70.17037309149768],[48.93476017082666,-70.44840862824941],[47.95010364890788,-70.80472612633459],[47.64394236085537,-71.12984960752672],[46.12176766563622,-71.6011717679328],[44.234838364311365,-71.38517503630698],[43.091912917467155,-70.98033465195475],[42.11424661985228,-70.87955946303023],[40.17549135174082,-70.46561510327831],[38.74605521193642,-70.33872995894679],[39.08607923162567,-70.17595515893093],[38.00023211094279,-69.89141758621916],[37.90315819138866,-69.66859038309232],[37.02000226758934,-69.35785028618236],[35.99796620689248,-69.10039257280559],[34.844545248473125,-69.03557045923344],[34.023729378637356,-68.75790976257325],[32.34411373907689,-68.74709216559577],[29.93612034683145,-68.3192858297902],[28.204245863234693,-67.7574558822194],[25.835719606989596,-67.46896949453031],[24.667225832005734,-67.51294154185845],[22.1744520732631,-66.91348149045287],[21.228927859429145,-66.31864790733819],[20.75332905638842,-65.75677432340805],[18.604507207391315,-64.91792743153553],[17.34680185939618,-64.69534684986917],[16.100962330814266,-64.65450971462312],[15.04732092025643,-64.19530365652733],[15.007904841777608,-63.96464316601052],[14.136312550916417,-63.536400857016396],[13.436297224887788,-63.39072293730672],[13.429550888489299,-63.387028368257226],[13.47751479368593,-63.35346011689829],[13.758609027076258,-63.1325392201364],[14.01406715326728,-62.90584902871288],[14.243873102977219,-62.673945440431496],[14.448093443701733,-62.43738258995909],[14.626870265704788,-62.19671123999518],[14.7804141700259,-61.95247734249646],[14.908997444486278,-61.70522076259991],[15.012947496946499,-61.45547415636088],[15.092640599519576,-61.20376199233664],[15.148495983331053,-60.95059970635053],[15.180970310885769,-60.69649297841164],[15.190552542205182,-60.44193712068548],[15.17775920162359,-60.18741656556183],[15.14313004440783,-59.93340444319733],[15.087224116086375,-59.680362238381235],[15.01061619240998,-59.42873951714313],[14.913893584073708,-59.17897371416085],[14.79765328756207,-58.93148997270589],[14.662499461589015,-58.68670102956176],[14.509041207455557,-58.445007138048],[14.337890631111136,-58.20679602296653],[14.149661164664337,-57.97244286194593],[13.944966125442882,-57.742310288285495],[13.943426176857024,-57.740735335462006],[17.039427636675445,-58.15349102462427],[21.224269475644242,-58.14408509854535],[29.91489628854447,-57.15520781173138],[31.49202906000906,-56.92507108047029],[31.563891402032958,-56.950328217070926],[32.45434063139264,-56.872596531555686],[33.068008124326425,-57.05854397169787],[34.42321887189326,-57.00877348137385],[34.98414072885807,-57.29267632018744],[35.25277317130755,-57.60577914403855],[35.82160657929286,-57.78880595906624],[36.534304018378705,-57.8310603054573]]]},{"type":"Polygon","coordinates":[[[9.088543663778673,-54.86575731265469],[9.35520275448181,-55.02263952479922],[9.305570107461328,-55.0054614547237],[8.917811558831755,-54.882105860959605],[8.533770086414435,-54.770286544827954],[8.490537206060777,-54.682825524905425],[9.088543663778673,-54.86575731265469]]]},{"type":"Polygon","coordinates":[[[5.836542315582846,-54.2387272668228],[6.237422776509211,-54.10881507460474],[6.273603030584619,-54.11500839895651],[6.022734956249065,-54.26137014224484],[5.836542315582846,-54.2387272668228]]]},{"type":"Polygon","coordinates":[[[2.9039678906913196,-53.588826890998476],[4.01747747904916,-53.751631454447356],[3.434913676867613,-53.81726625435529],[2.9039678906913196,-53.588826890998476]]]},{"type":"Polygon","coordinates":[[[78.11458416392347,-38.554560763679355],[79.07872679196535,-38.18573897891374],[80.45912592631804,-37.82480028784493],[81.75539463517852,-38.07336051123896],[82.07008565173875,-38.51345896286923],[82.26738218099871,-39.39471798577156],[81.18332153160753,-39.792264916573934],[79.29855934361602,-39.809678208905524],[77.2890538196956,-39.1544283232436],[78.11458416392347,-38.554560763679355]]]},{"type":"Polygon","coordinates":[[[69.7512632537829,-37.43013428461375],[69.69135851584714,-37.88002389662922],[70.55758202065225,-38.32806081425276],[72.23383236956433,-38.39675394093266],[73.28642932368584,-38.50328423777356],[74.39087703366067,-39.08006565152389],[76.55416358485023,-39.359066535241396],[76.51652312269144,-39.86972293959679],[77.41699776865468,-40.42561827931889],[77.8997937128488,-40.17460545897479],[78.1073390442502,-41.105189674790296],[78.94602761102021,-41.525587152167006],[79.2603958024784,-41.95625500202955],[77.83691610099515,-42.757971762355126],[75.85189546727983,-42.98880949777257],[74.4009724888667,-43.17951354138988],[73.6723210793689,-43.42533717866473],[72.22675760668542,-43.73447189427976],[70.4656984993206,-43.68548526056205],[69.57145949374576,-43.69571083192183],[67.41027473514858,-44.179670010496636],[65.02872515195612,-44.011213613671806],[65.21825575343878,-43.066105035187675],[64.95922430498058,-41.098703242185145],[63.768858871738,-37.612913269408715],[63.546466851293985,-35.587986006776745],[64.00449430211908,-32.96860088313951],[64.92850866856017,-30.598380438813933],[64.97892462107326,-30.489193096928044],[65.70477016449779,-30.589310703154833],[66.24681669395912,-31.208824986115534],[66.66122639253274,-32.679213746822406],[67.74822186492086,-33.97566504173441],[68.30097008102051,-34.81305490170564],[68.82531151465564,-35.88551889226694],[69.37931450549489,-35.98759138467733],[69.5493827988378,-36.507786271390565],[69.7512632537829,-37.43013428461375]]]},{"type":"Polygon","coordinates":[[[68.19281973213648,-24.683647019523363],[67.95183635661104,-25.204893403204586],[67.40733487243944,-25.478538391252243],[68.45210861037307,-23.92842254401028],[70.74779386765515,-22.261365012500086],[71.83011325042386,-21.954462504913142],[72.17820009521918,-22.481242947584416],[72.80152840623958,-23.65260228212928],[72.63098684231969,-24.176985572378083],[72.29055996295276,-24.737317842614093],[70.99099447457333,-24.241383729795576],[69.94328667417973,-24.302882773064283],[68.56380161853193,-24.8563723600945],[68.19281973213648,-24.683647019523363]]]},{"type":"Polygon","coordinates":[[[0.4103702573626891,-20.437951274414292],[0.7799772026474934,-20.079597971543524],[1.4252072098702735,-20.65150980445262],[2.4853260609286885,-20.795067509682085],[3.7561464661416446,-21.484430109611036],[2.985731813721581,-22.15348279910863],[1.4262534081881948,-22.483220439423825],[0.13502215408655383,-22.018215537603552],[-1.8373138381196932,-20.2146980901492],[-2.8949182282681156,-19.569760561279775],[-3.1947341195956116,-19.551764635211477],[-3.0799056362305905,-19.512473368214184],[-2.5035468364504982,-19.645284234102807],[-1.8709820327679603,-18.8803689105183],[-1.2498029849488819,-18.974067420989407],[-0.6248924807344899,-18.80450943136597],[0.4591810676606344,-19.540898024920345],[0.0019791468374503137,-19.81372060825075],[0.4103702573626891,-20.437951274414292]]]},{"type":"Polygon","coordinates":[[[88.65634496090806,-15.766997293587039],[88.72115995670057,-16.47640334793403],[87.93835080992615,-17.41567172709032],[87.08701598252722,-18.586921050345058],[86.54730755445586,-18.69469108162012],[85.82704928189882,-19.257099415274094],[84.94588955484251,-19.37255204174877],[84.35567132917551,-19.714686349720058],[83.58703766387548,-19.579893939940643],[83.12820526172709,-19.782203830220062],[82.70245066247747,-20.158108513652493],[82.1669723364324,-20.304859612507844],[81.53652611196894,-20.802577583854017],[81.0009421513054,-21.255239590631593],[81.62142604925116,-21.450196762761934],[81.0137966212705,-21.606571698844153],[80.3513982549568,-21.461324342692286],[79.34431286809395,-21.109466659103525],[78.54345596173674,-21.151779701396183],[78.35313114702366,-21.06593090315408],[80.67489484416504,-20.53390901299396],[82.70060391230598,-19.476457793490514],[83.70945777084094,-18.276992072991284],[84.22829551918333,-16.954089148052713],[84.93433393391417,-16.557363506059954],[85.6379982783956,-16.515925116746555],[86.11035602313524,-16.631637015845467],[86.47090951604352,-16.540791081600247],[87.08928913287293,-16.477368771049502],[87.38135160016517,-16.129342130093615],[88.30509704684435,-15.745525428849826],[88.65634496090806,-15.766997293587039]]]},{"type":"Polygon","coordinates":[[[13.023624471574266,-13.83045744587645],[13.605107573782046,-14.25692243424555],[14.060589352734176,-14.759628870527118],[12.829200014272338,-14.88161227829731],[11.643452841411078,-15.150379656538865],[11.607873784872101,-15.109544427524174],[11.487925346222994,-14.03736747084601],[11.039975857057765,-13.215086639647492],[11.07746778238832,-12.92366920296867],[11.847991030906956,-12.591839403531639],[12.290733336481418,-12.948018072024567],[12.647943329592291,-13.738188600497196],[13.023624471574266,-13.83045744587645]]]},{"type":"Polygon","coordinates":[[[6.63170977702996,-14.868812228634859],[6.848447354758793,-13.795785546266815],[6.574510271740959,-13.421410855696443],[6.839277006477705,-12.691817898521878],[7.217117940277454,-11.732636565937051],[7.779237788331058,-11.142190310240863],[7.8827808235997905,-10.609255487577661],[8.156083815364452,-10.235227688910074],[8.535578671619092,-10.440081289319512],[8.611742707017655,-10.780961972958409],[8.22117197964869,-11.694719843095566],[7.844991799727057,-12.517231779726277],[7.628969895393546,-13.752376008777384],[7.736655120749778,-14.807830708822845],[7.767205164834113,-15.8743892248812],[7.952378249890777,-16.170257742281425],[7.613789307185772,-16.29402657953722],[6.883696580033046,-16.907045622524368],[6.771874659115769,-16.70070535065052],[6.986028820576177,-16.380673357238567],[6.75046954873607,-15.884445293222303],[6.927277877648462,-14.87123121526494],[6.63170977702996,-14.868812228634859]]]},{"type":"Polygon","coordinates":[[[3.186830257672664,-9.298110897582552],[3.0464012749922906,-9.51848045923407],[2.795243291857397,-9.347313088066102],[2.794710379725544,-9.021015570607052],[2.431704866390572,-9.093306696097327],[2.688405281843822,-8.831042607744372],[2.9192859854461175,-8.745200794618],[3.0383350852584825,-8.989872918746897],[3.048687368580172,-8.733062690622285],[3.1350356674014974,-8.52706742802769],[3.438178162033984,-8.646613850440147],[3.4356600479147947,-8.811548122472352],[3.2727177756998533,-9.013426843817607],[3.155082936714567,-9.13531256203366],[3.186830257672664,-9.298110897582552]]]},{"type":"Polygon","coordinates":[[[13.49864833284597,-13.011437350992207],[13.875693501031474,-12.882018833105134],[13.229527720502423,-12.503008586946875],[13.281462211029286,-11.856924525402246],[13.654407861382165,-11.339524604596487],[14.47026941431137,-11.241643355850059],[13.628430604222656,-10.949746938426816],[12.758386644962432,-10.313527711779141],[12.896561589403744,-9.804598904803033],[13.32699695471048,-9.284540816638229],[13.549761209966556,-8.70912936795172],[12.983594948631087,-8.614119451673465],[12.588445831308935,-8.005308770693711],[12.719818160452915,-7.739365148020605],[12.532547182554705,-7.067003299549745],[12.718610712311596,-6.427825635285428],[12.507452997080192,-6.233869884251845],[12.688887853366484,-5.622135427547263],[12.974288256781302,-5.528539789410845],[12.67662317942429,-4.834517601354415],[12.837579152585105,-4.434373286255978],[12.447804436136993,-4.23624470315405],[12.108534908547897,-3.9011506164768948],[11.859300440139258,-3.294653407614555],[12.266007075780673,-3.0171105047849536],[12.430984761114225,-3.3690520573466047],[12.701342116365721,-2.91275068545688],[13.197838301163802,-2.959764523784587],[13.003623359413396,-2.7021521419551706],[13.134695904041095,-2.04329577865211],[13.688015904131678,-1.5847641191040485],[14.081138395802999,-1.4318138514573628],[14.592222047376397,-1.5459748379184592],[14.85463984948751,-1.8603634977647396],[15.30534947474125,-2.623766790212815],[15.563117484186602,-2.874436957537865],[15.758032162195656,-2.5630699882818697],[16.06710384199318,-2.1938656259305294],[15.910333220527981,-1.9223941001984581],[16.56460266544231,-1.8518879175770353],[16.319131599135044,-1.7004572164141132],[16.20103681747356,-1.2388809121315747],[16.408750804952444,-0.3457271639344044],[16.877554492780725,-0.2845228076081305],[17.0036569360772,0.9368760010504898],[16.239992853459402,0.9120073870711818],[16.371341262182742,1.5205668339658625],[16.3193260882139,1.9693002552471361],[16.781736797589232,2.497715744993925],[17.39542444028846,2.7268167464928026],[17.836301990305113,2.6085049862908836],[18.477292399694974,3.0632016754418516],[18.379927250507148,0.6824433082873432],[18.496988680295452,-0.4962897191074341],[19.138703769246302,-1.7451044847850772],[20.11774096157652,-2.7558844698329317],[22.336685617311577,-4.836100735948981],[23.277997050815717,-6.1671185973333635],[23.977402853704962,-7.818996417726019],[24.208151841657887,-9.179226223289925],[24.11233399803197,-11.57306153898798],[23.563286489587043,-12.797275605210558],[22.144919289827907,-13.942806215793354],[20.382079857411913,-14.509857687358252],[16.653837366556274,-14.668149390860808],[14.79467053576479,-14.686909608236038],[14.526099536609644,-14.713514683237022],[14.364553106061901,-14.60122103977502],[13.817757176857054,-13.706316034174405],[12.91612166048964,-13.433653236906995],[12.82561925999502,-12.562057057534576],[12.251400325671904,-12.119657827637802],[12.338658607030746,-11.997648005542231],[12.862172218182863,-12.26295162071726],[13.49864833284597,-13.011437350992207]]]},{"type":"Polygon","coordinates":[[[9.948193469511576,-4.611428806235853],[9.468703189542635,-4.727204169637351],[8.764467107386293,-4.526490848229589],[8.480898799101544,-4.638880200937664],[8.064539265833007,-3.9527661951208084],[7.999779717002827,-3.555460254927136],[8.582742299822101,-3.47062796956654],[9.62653429832425,-3.4478361122624808],[10.459845555435736,-3.792800932483418],[10.426239080908427,-4.2325913681336935],[9.948193469511576,-4.611428806235853]]]},{"type":"Polygon","coordinates":[[[10.207877432409454,-3.4397223619806767],[10.148114076638858,-3.259775181350575],[10.25179044336847,-3.1460143001788374],[10.929786353236787,-2.8330323611053307],[11.308988873100613,-2.9920178111517717],[11.330041277803375,-4.214813035166761],[10.207877432409454,-3.4397223619806767]]]},{"type":"Polygon","coordinates":[[[84.00767186621447,-2.298311265073094],[84.28894528487913,-1.6441118159674277],[84.59161636341162,-0.8144545537068818],[84.98327056024323,-0.885899995579251],[85.03164825640404,-1.5544134450608793],[85.52050046922017,-1.3774603178207678],[85.8596299757828,-2.1124425154968667],[86.7620199302483,-2.6824845021741663],[87.49886168692449,-2.1138208898065427],[87.62860261109056,-2.3768905442885364],[87.82580865822793,-2.7366022597678072],[88.0384484931246,-3.0874674277911685],[88.26615317374326,-3.4288227289852906],[88.50852547263737,-3.760020481657478],[88.76513997777795,-4.0804298912597625],[88.91780461528683,-4.254890268822757],[88.73332468707586,-4.291010406894157],[88.48513393556902,-4.350775560671534],[88.2397334253715,-4.421143516004133],[87.99757515139268,-4.5019834089479485],[87.7591051690048,-4.5931449523753525],[87.52476280195657,-4.694458733793583],[87.29497987130873,-4.80573654879038],[87.07017994710392,-4.926771768705108],[86.85077762420055,-5.057339741030411],[86.6371778234062,-5.197198220976474],[86.42977511874733,-5.346087832578231],[86.22895309141231,-5.503732557695389],[86.03508371061118,-5.6698402512456765],[85.84852674131193,-5.844103181023055],[85.71251745531983,-5.982543673113105],[85.45096732806938,-5.777848805710468],[85.07825208377669,-5.380244667009668],[84.53515678060472,-4.528698393528871],[83.8435233376923,-3.7575255609161546],[83.06401176324671,-3.2509818922765867],[83.06332889174539,-2.8493982323552256],[83.5724429332222,-2.341810183392696],[84.00767186621447,-2.298311265073094]]]},{"type":"Polygon","coordinates":[[[79.994940364466,-0.9557847164083416],[80.68049902138263,-1.475689309445997],[81.62245817306038,-2.7956217045745317],[80.92569869986758,-2.306324700749265],[80.31173375716766,-1.5900922944926232],[79.62212232472632,-0.9960952373046699],[78.62992942892166,-0.4789170077771188],[79.44555718203408,-0.3050732830888315],[79.994940364466,-0.9557847164083416]]]},{"type":"Polygon","coordinates":[[[73.9651810451619,0.2753417543440807],[72.40053623994278,0.3717910134388113],[71.49342654394141,0.6788512376624293],[71.49134913548602,1.2529869077014846],[71.77171408984307,1.840436775458013],[71.50780903146087,2.130147752930246],[71.7609509618696,2.219666231329],[72.17769709432939,2.0700295121449717],[72.89096824573001,2.4044614957738353],[73.72564760735891,2.162150044405648],[74.06261212751912,1.5989063110395114],[74.3891809769388,1.5398743300142017],[75.26911116282996,0.7042024646403613],[75.24229601030689,0.6704663542170247],[75.34000944159732,0.6368701946270181],[75.39923363949242,0.5806248279788121],[75.53607254715192,0.49060043643462137],[75.02911974527059,0.06803796620986985],[74.5936392785909,-0.07623006173722094],[73.63626380109525,-0.11151872613757452],[73.9651810451619,0.2753417543440807]]]},{"type":"Polygon","coordinates":[[[83.18394713380319,5.32616083235542],[83.92068368798512,5.651407585426354],[84.39430773398857,5.370855211854866],[83.8220257720298,4.1953685843536235],[83.09872082686374,3.910271003827502],[82.61937685137912,4.208628833899251],[82.1510902394196,3.5764788240361804],[82.56896871440101,3.2684488336539474],[82.53365074898447,2.801587669039359],[83.0960470211161,2.0703906613342506],[82.80388313262686,1.9048162961356032],[81.95857547547227,2.2896461703626305],[81.67293873546619,2.9114313205680737],[81.65252817283819,2.9400904524664315],[81.6665397892971,3.2454419469077913],[81.55768246712755,3.6570728669060633],[81.74137874229888,3.8014382180987556],[81.45871642349205,4.550650887698998],[81.30753080361036,4.602991408171365],[81.29091566576268,4.665819561040018],[80.98356755951946,5.19323303324946],[80.97254612188594,5.404021890532468],[80.85310827712566,5.393171831615106],[80.42883464253217,5.738079610205585],[80.65985560411221,6.140849773566054],[81.1648805234015,6.232397489785865],[81.53366426224369,6.307885710799549],[82.2004470582731,6.419081992403242],[82.7640630812009,6.485804600444521],[83.68912645194085,6.159510680554369],[82.66875610646079,5.784073241008705],[83.18394713380319,5.32616083235542]]]},{"type":"Polygon","coordinates":[[[13.12495395976291,6.067962171041233],[13.889537347448982,6.1859740169250905],[14.222807584787626,5.280141156955388],[14.590584002976584,4.9449504748028295],[14.12249773588284,4.2593979849340515],[13.423754793918995,4.189398342061934],[13.147663241150548,4.435658876666982],[12.975755369474191,5.047248849837777],[13.12495395976291,6.067962171041233]]]},{"type":"Polygon","coordinates":[[[16.125762959422325,5.918646472943717],[15.868291875539127,7.292509379084826],[16.262531942147355,7.1827933750120705],[16.683810950694408,7.084284446339008],[17.108810117417157,7.003444992357988],[17.536793365901993,6.940419449863574],[17.96701934014153,6.895320499025147],[18.39874269465376,6.868228809176646],[18.831215409966862,6.859192855640414],[19.21349222684232,6.867180031323311],[18.950817142234992,6.176667675461543],[18.58017443134564,4.5079371494458025],[18.523239374247325,3.7250311735041595],[17.776215589129563,3.7935323220996335],[18.1075851803982,4.384431040270735],[17.714981460507385,4.8436736532860465],[17.845155966132435,5.518122586870434],[17.507055813554402,5.659774643108414],[17.47902903455198,6.195144282668319],[16.666251259507213,5.6868028263825625],[16.125762959422325,5.918646472943717]]]},{"type":"Polygon","coordinates":[[[15.226415936300098,5.700764754172751],[15.015761619400603,5.994300813307419],[15.222299722072218,6.507762686255044],[15.452982462112846,6.641011801617163],[15.624393555125591,6.237429356884474],[15.72459320385782,5.645083106249215],[15.690937231459502,5.580316434988689],[15.226415936300098,5.700764754172751]]]},{"type":"Polygon","coordinates":[[[13.511984305850984,7.075106225666833],[13.370155265014777,6.468568017965114],[13.049759323297053,6.383865736503701],[12.974753923793074,6.8709936588168175],[12.896700292350106,7.558412868468856],[13.39299644980602,7.488869775580872],[13.511984305850984,7.075106225666833]]]},{"type":"Polygon","coordinates":[[[58.0452551579054,9.650569796521554],[58.52584625114586,9.142873693298291],[58.3710206979448,8.945310190636693],[57.907005161023314,9.679671700775794],[58.0452551579054,9.650569796521554]]]},{"type":"Polygon","coordinates":[[[50.40376546802009,15.375646659252856],[52.06062652611547,14.962838236348093],[54.04579432888004,14.564747246175104],[54.15611521577151,14.100951825986908],[55.513528404099205,13.123137124810238],[55.34818790159067,12.78927712387909],[52.80232575819039,14.27496515516227],[50.35445264179592,14.992927747673049],[50.14131904328807,15.148126123748913],[48.793363892962034,15.357280395602528],[48.435143271904586,15.23276124281136],[46.83067513652647,15.41265386501783],[46.589889811210426,15.867284863222709],[47.65077856654711,16.48175001474319],[48.583845407529836,16.02769363809165],[50.40376546802009,15.375646659252856]]]},{"type":"Polygon","coordinates":[[[45.23559210648376,15.71006661032553],[46.44106376561487,15.597078458431868],[46.48133591689995,15.451821703177089],[45.06072838203514,15.611099914403688],[42.835484488833366,15.93056007963643],[43.08766882513857,16.276655492675737],[43.25664509700353,16.899524107398136],[43.31138892640967,17.44547443980458],[42.72408910509554,17.79727379972738],[43.79285609203816,18.30071576680189],[44.40963495393248,17.35074708799318],[45.59808157569562,17.012800399645283],[45.23559210648376,15.71006661032553]]]},{"type":"Polygon","coordinates":[[[2.2720106096839046,18.55943351805833],[2.2140898269989164,18.514782436884282],[1.72758924752881,18.775653575571717],[1.701592431142736,18.834483178433135],[2.2720106096839046,18.55943351805833]]]},{"type":"Polygon","coordinates":[[[0.7845643365593916,19.276664503394358],[1.1658901356777227,19.092793204257493],[0.7680739278706294,19.1551066811433],[0.7845643365593916,19.276664503394358]]]},{"type":"Polygon","coordinates":[[[31.25836690013311,20.659392419802465],[30.538159767514657,20.891322822298232],[28.609015783803496,21.313317115945885],[28.08830618498029,21.371606676747223],[28.031719049209272,21.481110781822032],[27.8129816515289,21.85942459672782],[27.57574508344433,22.22832841968909],[27.433315513876057,22.42837330003532],[27.57314831361412,22.70938543442451],[28.66000595188745,22.18230958582243],[29.805626787667475,22.65582775449445],[30.55631093940584,22.039837476344534],[31.590718332822227,22.42552806534081],[32.95323532357138,22.135535698643295],[32.43598535621804,21.590045721583497],[31.25836690013311,20.659392419802465]]]},{"type":"Polygon","coordinates":[[[6.52456385432414,33.88462921830559],[6.961757858941269,33.728745218392625],[7.657065540598267,33.88186904206947],[8.434850349558786,34.06985104011762],[9.09975587397237,34.26558297513453],[10.352531472755848,34.24886405112312],[10.394107171190646,34.060910725887766],[9.500450618943237,33.80415232529122],[8.752301054065672,33.66287543482414],[7.886899522898976,33.28831951906404],[7.047022868795041,33.339592084309096],[6.622219687893935,32.99778935591795],[5.596679757756569,32.55797861236456],[5.413334899788981,32.382351043713754],[4.879995392131507,32.10029123599228],[4.634401336880491,31.365728293764494],[4.226293098245729,30.82096378357985],[4.969421339564378,31.027890436979085],[5.1279435645660305,30.8299969681853],[5.527210401551196,31.13750113747433],[5.8032295458786125,30.57505929366638],[6.045742590875658,30.898885936387988],[6.147186334584599,30.37134418362398],[6.834086892699492,30.648881880334955],[7.194334048069031,30.573151293499524],[7.11245912862169,30.158482984080994],[6.948195945534261,30.12845727113269],[6.619798508841059,30.054521832495578],[6.295959320477298,29.967547884299123],[5.977395954289186,29.86773478798421],[5.664807219167956,29.75531047370197],[5.358870946016375,29.63053057998212],[5.0676892865803,29.49709040689898],[3.365816645563194,30.552980702645453],[2.182985189420462,30.819930407021573],[1.9840138824978262,31.078374982716483],[2.6254965030407833,31.756480832084666],[3.3430520481184742,32.11710111716551],[4.016036757123631,32.35568978320238],[4.243743917276267,32.77672538087761],[5.346499748007279,33.156683363541646],[5.650679497747975,33.58897388191359],[6.52456385432414,33.88462921830559]]]},{"type":"Polygon","coordinates":[[[2.623410068261778,33.173578989591306],[2.9282095814578066,32.89175650681826],[2.974225482760855,32.41747413857548],[2.3649829630059043,32.10572881041486],[2.0180625224401822,31.974149773093174],[1.6078416677823688,32.06257756964256],[1.3587109987075001,32.38354963225164],[1.9420570407973874,32.83319129830492],[2.623410068261778,33.173578989591306]]]},{"type":"Polygon","coordinates":[[[22.77879280747898,65.95579696927324],[22.59752548788149,65.90949864595754],[22.183566112403387,65.87830969207562],[21.725960466746734,65.98392304174784],[21.913476568938904,66.20494418730665],[22.26254021596696,66.25085755723136],[22.77879280747898,65.95579696927324]]]},{"type":"Polygon","coordinates":[[[18.83830721484665,67.40644504603561],[19.013992109387534,67.44300324612276],[19.16490956830575,67.40754529574903],[19.917601260239174,67.25831041837355],[19.98704098041111,67.00396287848058],[20.035382789374534,66.95353945026856],[19.316530302797602,66.91511088019837],[19.189230719195848,67.00273320185765],[18.83830721484665,67.40644504603561]]]},{"type":"Polygon","coordinates":[[[16.896779579866312,67.8182173192052],[17.059698945164325,67.91181521056242],[18.286909134943922,67.72165580289108],[18.006385380630086,67.6301792039697],[16.896779579866312,67.8182173192052]]]},{"type":"Polygon","coordinates":[[[16.576173526251342,68.49222861373649],[16.81684451630952,68.24231678400615],[17.02346547971584,68.1316063287451],[16.992158102573516,68.0696892532432],[16.688433290922443,68.01657185892523],[15.915848615116293,68.20700246579355],[15.402644258286582,68.424446969053],[15.70057702856516,68.51706617203796],[16.576173526251342,68.49222861373649]]]},{"type":"Polygon","coordinates":[[[15.59754827171592,70.15688490817385],[16.13105685342956,70.27710542627689],[16.666153854751627,70.07028389455117],[16.345928168375973,69.81186396601937],[16.459793866106295,69.41781820416332],[16.238401715948104,69.32564749382561],[15.662683465346475,69.21740184904382],[15.678127973907014,69.01041479877357],[15.458460723205068,68.93661429238828],[15.282485650865416,68.97452263848109],[14.442472980371988,69.23526731359355],[14.05116714391389,69.36268175902002],[13.728462369665067,69.53111457358136],[13.308605920099739,69.93011109973452],[13.412398476920117,69.97829053747775],[14.616370324409115,70.09008992833326],[15.59754827171592,70.15688490817385]]]},{"type":"Polygon","coordinates":[[[154.1946726491761,-70.94178213066267],[154.02339153430123,-71.31076456840636],[151.58610754560814,-73.04428119238185],[145.6605929467392,-74.42757673997131],[138.2272560862147,-74.82296813062266],[137.2447333970287,-74.76978679019727],[138.97456940118266,-74.32397655090342],[140.73981835165338,-73.58474435185944],[143.98866886404815,-72.34408195705538],[144.5082804352495,-71.8507276508418],[146.57904664971176,-71.44026335119285],[148.74615157663456,-71.07045874583319],[151.33483977531333,-70.8587930185294],[154.1946726491761,-70.94178213066267]]]},{"type":"Polygon","coordinates":[[[125.109087380578,-65.94948926541399],[127.31865140370522,-65.15224759887629],[127.88577602981961,-64.67937858876046],[128.1351731266071,-64.63103401052791],[128.0473615529787,-65.09962805041121],[128.91321326448573,-67.36812728246952],[128.3891458122319,-67.64180846069664],[128.01029628991276,-67.23732660176057],[125.74697907420315,-67.19169973584614],[124.41137076560558,-67.50365295887569],[122.97367005581259,-67.46271189471945],[123.46742105110606,-66.94898534592662],[124.04214709102295,-66.50567680917146],[125.109087380578,-65.94948926541399]]]},{"type":"Polygon","coordinates":[[[142.42133741943294,-67.81864229862502],[140.778737346884,-68.02680249832959],[139.37713223259573,-68.41200246436038],[138.3673976213335,-68.11100529285814],[136.9634890861948,-67.88156001561318],[135.96201230793804,-67.75277723289749],[135.69946820534875,-67.65324345005422],[135.90447478803603,-67.60464906954394],[141.51194847761693,-65.26234296117364],[143.77035491421978,-63.88196529593268],[145.47477749519746,-62.19605291556082],[146.19052237178042,-60.79195830348947],[146.24457521732214,-60.54831216925427],[147.70300617320353,-60.07434244472358],[149.18793349705987,-60.30664670724287],[150.98914935730417,-60.3892700963257],[151.61001429239207,-60.882070770626626],[152.50203130068175,-61.56017222609908],[152.38965906989853,-62.14193750030341],[151.51207012961774,-62.93305218040568],[151.2010210497149,-63.782099576399055],[150.4973499627827,-64.43816934065275],[149.25863082018958,-64.9550578934051],[148.19087486362605,-64.85986009252674],[147.73857620831114,-65.13234189280632],[145.80757265319284,-65.48544457175184],[144.70586922624432,-65.94100354112035],[144.4140441105715,-66.44922052077077],[143.78249463215863,-67.0556513625112],[142.42133741943294,-67.81864229862502]]]},{"type":"Polygon","coordinates":[[[179.9999994529453,-61.93678845395875],[179.1149385800707,-61.70071835689759],[175.58006044038208,-61.490609043223685],[175.99150428335014,-61.17049896180945],[177.28701745558297,-60.70659306535679],[177.64901070803532,-60.57081937260354],[178.43302674826765,-60.077757019868876],[178.93939821969633,-59.57052824550009],[179.90776990622385,-58.859757395211716],[179.99999939197193,-58.8089313878445],[179.9999994529453,-61.93678845395875]]]},{"type":"Polygon","coordinates":[[[151.27294726615105,-29.559723133199753],[152.10517544188772,-30.243605866947835],[151.66996393855558,-30.62177023417205],[151.243189350392,-30.833719799707303],[151.03302575798136,-30.940857913254842],[150.96784728361766,-30.41482858869658],[150.59647812197878,-29.870022796768595],[150.74300922143252,-29.72700144565831],[151.27294726615105,-29.559723133199753]]]},{"type":"Polygon","coordinates":[[[92.07147501440595,-15.485637248641474],[92.3168294575851,-15.39136089692868],[92.55747159543405,-15.28664962869944],[92.79292177507675,-15.171717934921634],[93.02271361210761,-15.04680066820556],[93.24639503049715,-14.912152414912018],[93.46352923069843,-14.76804682393157],[93.67369558358985,-14.614775895939536],[93.87649044871898,-14.452649236998255],[94.07152791611855,-14.281993280397373],[94.25844047173963,-14.103150480596897],[94.28604232817213,-14.074275120728027],[94.43957093728056,-14.101815187382769],[96.03500050732282,-14.106890760083486],[96.08720642473818,-15.207410189173554],[95.24266020781816,-16.067791303531234],[94.42223228262549,-17.36701317596583],[93.79626821896085,-17.807149096338364],[92.95382227348387,-18.577870392920154],[92.16956306815062,-19.084798088054498],[90.69146004632469,-19.856686142893068],[89.80417284686544,-20.73614932458099],[88.88271534574721,-21.02634011916806],[88.04158335396909,-21.38727895082664],[87.34877520566032,-22.278867737223],[86.41085575159651,-22.782868294943228],[85.78001850513998,-23.519015683896445],[84.53505047733941,-24.52041739430107],[83.97187473077184,-24.586556800177704],[84.04634377230344,-23.947973239363826],[84.32352261652126,-22.415658538621496],[85.40960588407357,-21.56782590439317],[86.15860190989477,-20.81460076751063],[86.61579628188024,-20.273476080324397],[87.77493538558029,-19.345055229808068],[87.80488075267104,-18.329428016450144],[88.53343683396055,-17.496345733903475],[89.41323081500492,-16.922322832773837],[89.89115684094627,-16.161576330102847],[90.74275969982114,-16.561039259335647],[91.10182737036106,-15.98640605406329],[91.11860611205631,-15.741969751601694],[91.31210968286928,-15.704029160907806],[91.56860745029967,-15.642132481564415],[91.82190007873669,-15.569285135386858],[92.07147501440595,-15.485637248641474]]]},{"type":"Polygon","coordinates":[[[98.39255131347002,-8.388449658502369],[98.23197828267331,-9.31856464390647],[97.87267622482067,-10.47490306842358],[97.79099667798918,-11.204630034161928],[97.93000570950417,-11.613200086903783],[97.56294515618826,-13.432348553550176],[97.12621548765459,-13.617357911481731],[97.07885524468892,-14.527698884877163],[96.07373203513464,-13.873088384621484],[96.10405162012125,-12.665124849108368],[96.48462077211947,-11.853762226415189],[96.55272018852038,-11.439930859626234],[96.91220842991672,-11.295967155077106],[96.97126392093014,-9.39208130715197],[96.54945301937953,-9.18114960683181],[96.98639826787213,-7.40063654021748],[97.2409244821521,-7.3727756324261335],[97.649555495982,-7.3099078888056],[98.05494222703702,-7.229296219113739],[98.4353775914534,-7.1362197571541595],[98.44628327476354,-7.360519460044189],[98.39255131347002,-8.388449658502369]]]},{"type":"Polygon","coordinates":[[[172.1700107915377,-21.596657524410507],[171.81040703087578,-21.447364406387837],[171.39549095596504,-21.5453449617856],[171.17306912929408,-21.84145430797008],[170.72254969969765,-21.961254356331015],[170.30890125655327,-22.004661138704215],[169.83996778360364,-21.974524597378654],[169.43831960488146,-21.879332730406237],[169.12120314699501,-21.663043342656238],[168.80660670269805,-21.396556769424286],[168.64325537474886,-20.999289471679102],[168.83232988537685,-20.604167730207518],[168.6874569833046,-20.14307233469075],[168.61910624141888,-19.787091519289195],[168.266797299214,-19.447299617165815],[168.1941647225229,-19.079508714073302],[168.07673301090614,-18.680320967757666],[167.7962839244326,-18.430925080896106],[167.41709695624797,-18.419481996663897],[166.88275034101474,-18.561890890777207],[166.71443690056066,-18.174333999472346],[166.4801410315439,-17.854170747438726],[166.26553159762895,-17.54074745241204],[166.0199846424436,-17.245738050597005],[165.72152922268108,-17.00188861812679],[166.20055711127455,-16.0227317556894],[166.38739190940535,-15.841559455391454],[166.7295105520223,-15.53121163923008],[167.16253067857832,-15.555346003704942],[167.6225443731821,-15.440835362674319],[167.84453900260988,-15.109427455245457],[167.53919930149394,-14.886447709562692],[167.83821239286868,-14.618110963220287],[168.2155920312514,-14.439380112279416],[168.60420821142162,-14.216973087649173],[168.62378474993315,-13.825067103896453],[168.41401117302001,-13.520740368786546],[168.02208300932713,-13.416173963926818],[167.6197882093862,-13.588292708038905],[167.27807849211368,-13.787075153731362],[166.92310595037588,-13.89113248684686],[166.55998730107507,-13.957414780804333],[166.2414043161382,-14.147442993277068],[165.75140980385706,-14.363656752454155],[165.5237056534667,-14.276276753179737],[165.21717136092556,-14.016121680039896],[164.88784541337154,-13.83722319583229],[164.52560490222544,-13.67144210331124],[164.10230350493322,-13.792078231971608],[163.73772477189578,-13.948774192026642],[163.2769459067371,-13.989400470183236],[162.83874962357217,-13.861943349006879],[162.48097931618545,-13.72986642533905],[162.0779627614017,-13.761747926285128],[161.79930577192877,-13.689394258289884],[161.5010998943682,-13.552027029249366],[161.3590870998753,-13.17836749443741],[161.07745290970894,-12.942541619056891],[160.76543770522002,-12.685895759030233],[160.58740119539593,-12.29209797448073],[160.19810821674125,-12.189220772748445],[159.50412396772438,-12.347740356234727],[159.67264756008382,-12.082359412298665],[159.9989733526032,-11.690286243251988],[160.0132908368909,-11.308178198186315],[159.906604469275,-10.942635444300254],[159.62807867788797,-10.664015397716069],[159.52336481789072,-10.274224750787507],[159.38449350658257,-9.935977098734035],[159.1921380256369,-9.754677242486586],[159.1137571755714,-9.431388352852963],[159.19863048002355,-9.075723067445228],[158.93761834019764,-8.80548356727707],[158.78545644171967,-8.416993238083693],[158.530672156699,-8.129381245654523],[158.5270892985815,-7.704097897119301],[158.12533419315625,-7.563758309825948],[157.74330168883654,-7.474823544699224],[157.39703330987115,-7.294827364628469],[156.53203259035948,-7.013735493718069],[156.59384497851883,-6.720209137569235],[156.7804442142027,-6.347875026529406],[157.05819610112633,-6.000512497527219],[157.53531855656067,-5.369261149825178],[157.47256058841964,-4.990363200430971],[157.4009725191049,-4.637153489920593],[157.20784779312913,-4.242905167350039],[157.00200793904006,-3.8464236775699807],[156.68123361711173,-3.5638840435646904],[156.35166647531085,-3.3310331006160854],[156.25715077536032,-2.8871692575769563],[156.0099392014537,-2.6092475669716846],[156.17464706849515,-2.2730165034091816],[156.46967644351267,-2.041708581563364],[156.76111230957105,-1.7380315023248334],[156.69521902274107,-1.3071046707417933],[156.93687497171672,-1.0251331796087801],[157.17640802977607,-0.5511164632320512],[157.26817611457074,-0.06456154188353842],[157.1920620184883,0.33765933628907696],[156.88480189426195,0.6496445794925527],[156.57980052704454,0.9227049966978901],[156.5173913028313,1.2847306916644488],[156.67547327809694,1.6345461150897074],[156.80374991703167,2.037181677923802],[156.68116338695214,2.4225481994227622],[156.71875375224616,2.778953485228552],[156.85786441101112,3.114658239949986],[157.00379128944533,3.4622801922168978],[156.88191013946718,3.8412501429281307],[156.7972883999948,4.290553615439744],[156.8321819471553,4.698607272952297],[156.92214467993801,5.144712065869096],[156.90508964911578,5.5265712374881595],[156.91131474038508,5.897734538162774],[156.45914308905878,6.121894811333563],[156.06098475306544,6.235480760931515],[156.39232227028683,6.421535650523316],[156.8496583619921,6.378953731344587],[157.2844447951983,6.40395296103125],[157.65093217648052,6.4746474828843645],[157.91218298201892,6.745284218239762],[157.98408651518517,7.188653854100502],[158.12416153979484,7.6850795535572605],[158.1834574847277,8.039344801934437],[158.36091819492339,8.525163572211838],[158.47621670885675,8.877975952969656],[158.70896471118127,9.342262357531075],[158.95675824135566,9.714584634185568],[159.3608537878763,9.837729561927667],[159.67359770313388,9.615762688690227],[159.76092447017825,9.639124009847606],[159.89493633416913,9.311191434242817],[160.26628232426467,8.54931943929827],[160.68615321133154,7.800846838240164],[161.145092952948,7.071664105571439],[161.63310485990692,6.366899139374146],[162.1399343123622,5.690776767525761],[162.65536208838736,5.046513966287301],[163.1694997747069,4.436256247283716],[163.67307772893886,3.8610588486710467],[164.1577153441771,3.3209141155782613],[164.6161631293489,2.814823952307986],[165.04250650477852,2.3409136893055975],[165.43232228170996,1.8965813498300468],[165.78278051775445,1.4786743158967892],[166.0926867090149,1.0836839233854922],[166.36246192978044,0.7079476470291168],[166.59406136988775,0.34784829507284026],[166.7908345537364,2.2455206147220376e-14],[166.9573331765671,-0.3385882915743332],[167.09907481547992,-0.6703797430183009],[167.22227265256717,-0.9972131283361726],[167.3335427103586,-1.3202470651988614],[167.439600907134,-1.6399469897594732],[167.54696248770895,-1.956114712264369],[167.66165610037882,-2.2679583061827224],[167.78896402215503,-2.574198174279251],[167.93319884513733,-2.8732034744829065],[168.0975253930833,-3.1631517248530625],[168.2838348005392,-3.4422033677123443],[168.49267561084173,-3.7086823711159864],[168.72324448223148,-3.961253588719094],[168.97343668463768,-4.199087596193854],[169.23995408856715,-4.422004088153399],[169.518465879769,-4.630585670698768],[169.8038148920336,-4.826255031255657],[170.0902603678107,-5.011310000838558],[170.37174626890518,-5.188912906262204],[170.64218308858804,-5.3630327674927205],[170.89573054857883,-5.538341220631244],[171.1270686380639,-5.720065407697967],[171.3316451541707,-5.913803328584633],[171.50588917583315,-6.125309163300642],[171.64738165512048,-6.360257729545209],[171.75497643312497,-6.623998455786307],[171.82886736507746,-6.921309967582712],[171.87059975188822,-7.256166576032083],[171.88302679915023,-7.631527615626221],[171.87021423034318,-8.04915971765974],[171.83729833565903,-8.509500757837044],[171.79030451536713,-9.011572439171168],[171.73593467529437,-9.552946346742026],[171.6813325959304,-10.129765949841204],[171.63383663312655,-10.73682456230094],[171.6007288936133,-11.367696846971784],[171.58898949715268,-12.014919203214527],[171.60506385430168,-12.670212421177764],[171.65465021090122,-13.32473839980887],[171.74251414300684,-13.969381538267521],[171.87233624986146,-14.595044611798563],[172.04659890874714,-15.192948492595434],[172.26651745581557,-15.754924922760956],[172.53202032096843,-16.27369165000554],[172.8417812595534,-16.743099585211095],[173.19330475277846,-17.15834225834228],[173.58306289461768,-17.516118789937103],[174.00667882142235,-17.81474292619745],[174.45914831336165,-18.054192457656143],[174.93508805711105,-18.236095561080553],[175.42899667794316,-18.36365321245309],[175.93551340900146,-18.44149968481268],[176.4496593705037,-18.475506079075604],[176.9670478636764,-18.472534619160943],[177.48405261528725,-18.440153861173485],[177.99792616454738,-18.386326845599243],[178.50686413651326,-18.319085448337066],[179.01001460282586,-18.2462047160645],[179.5074348005811,-18.174890820129654],[179.99999990760594,-18.11149550388876],[179.99999989027634,-20.057229071740363],[179.9884627438634,-20.067057265164156],[179.6416583040803,-20.240341623560166],[179.26236861057052,-20.328546651041524],[178.9644694310374,-20.590816083165357],[178.72234925784747,-21.127525146754703],[178.47712123926954,-21.445953409200175],[178.08529505244846,-21.258655839986044],[177.97046592198484,-20.89403732378272],[177.6708540290643,-20.627473543169987],[177.26974156021012,-20.659445013556926],[177.05971363287043,-20.275357226554373],[176.82889093254596,-19.98392236627386],[176.41499728117145,-20.155644336549148],[176.20060634775234,-20.556851658976253],[175.8259882609539,-20.667183642030675],[175.35741858579743,-20.912928878307586],[174.9501429543758,-20.963697955769536],[174.44826919356893,-21.044794129973408],[174.08529656543965,-21.174165723494717],[173.6958516514014,-21.312116355505104],[173.32227969180664,-21.429307596653228],[172.99756992184808,-21.205693765060253],[172.52393508416748,-21.425124121644135],[172.1700107915377,-21.596657524410507]]]},{"type":"Polygon","coordinates":[[[124.75594633450756,-1.227774445373105],[125.08074438999823,-1.616461659455941],[125.05547509196785,-2.2144300578480327],[125.07185329565094,-2.7631737299995858],[124.46657523172922,-3.659342627198036],[124.29704621077697,-4.111765110824017],[123.72226717687239,-4.121415561349451],[123.56708085397729,-3.7142637655241546],[123.33317422098015,-3.582360130897216],[122.97477839066295,-3.6266484233520178],[122.27452941817296,-3.551517248597365],[121.68492772397776,-3.6698315308872775],[120.6913174195582,-4.163854567335659],[120.12557442977734,-4.329964158391043],[119.55323538588638,-4.317281081552525],[118.91629745329695,-4.693219449946939],[118.62277896965003,-4.728787846003458],[118.24160629594459,-5.136802998359812],[117.46126043255232,-5.28459627684394],[116.69216345271572,-5.8324919909581645],[116.27025039713718,-5.9783355770724675],[116.68459381501815,-5.563390910929858],[115.76828061739177,-5.911675167946556],[116.03778052324199,-5.451637997574759],[116.41410310699302,-5.168520086608933],[115.90100599313386,-5.206222652056957],[115.13122468240739,-5.68848244001562],[114.81908282473698,-5.790079842114981],[114.52862083767816,-6.0148532873083465],[113.94301552624778,-5.942991905421271],[113.68735406141202,-5.766565073613141],[113.17966545968315,-5.662962695373636],[112.59691019431861,-5.786005829277412],[111.85907378532151,-5.432238015616942],[112.62079814960344,-5.333116614414868],[111.91607368443144,-4.967450231778934],[111.55662823009227,-4.223485561250224],[111.11685163952514,-3.781301529780787],[110.73292280280985,-3.0758543235555447],[110.6467186298974,-2.6519514776275606],[110.76583481222167,-2.392450535419458],[110.38313859413492,-1.6596481142282997],[110.26715217212107,-1.0918721172882668],[110.04708167211936,-0.950876889737527],[109.95450617878305,-0.7026333583716613],[109.97661274168262,-0.1830558414145552],[109.68573691694931,0.8061848564280466],[109.24507702922892,1.3216572735267311],[108.71258197312991,1.5676920085798132],[108.21066578571318,2.1294952720545663],[107.81189084860753,2.1771249072865815],[107.26819788630927,2.208631357415523],[106.42667983359438,2.8898212876245055],[107.29776478858092,3.2788338934500225],[107.1788584259655,3.5326582059374814],[107.55829944241214,3.3082260268038763],[112.05754325397496,1.7743628617051523],[114.52529187033451,1.2605008867876357],[117.41949631392707,1.1883018951769695],[119.77454252822864,1.5504138639427674],[123.94552873505523,2.6332192333475635],[123.94641647108911,2.332507274587765],[124.02269082077972,1.809632924439738],[123.82784817279091,1.0793132192855457],[123.9315375809895,0.4814566324327751],[123.97611106514347,-0.08815556267568327],[124.51136877469091,-0.5777258415457037],[124.46816156868867,-0.8184148644126455],[124.75594633450756,-1.227774445373105]]]},{"type":"Polygon","coordinates":[[[107.01745340605824,3.628126220123506],[106.62586371135666,3.3571262354861275],[106.14527122749618,3.666945986171808],[106.33988793873344,4.028893369024419],[107.01745340605824,3.628126220123506]]]},{"type":"Polygon","coordinates":[[[106.18952808324309,4.11782837752174],[105.61043138282639,4.218768200476938],[105.12843364718319,4.7562254360846],[105.02918205308318,4.817677225289596],[104.9089662019295,5.181866237633702],[104.76348004168254,5.565564978963088],[104.69856403448986,5.71653390815794],[105.60163521745703,4.465555879943769],[106.18952808324309,4.11782837752174]]]},{"type":"Polygon","coordinates":[[[104.16790452836366,6.7751296933748035],[104.0256517534742,7.013732141864719],[104.11097802633944,7.137133605121603],[104.16790452836366,6.7751296933748035]]]},{"type":"Polygon","coordinates":[[[88.17327092304362,7.596694035776918],[87.80441585872663,7.9266282246424336],[88.35545607594833,8.000901955776833],[88.4416990056525,8.591428285664689],[88.85447241436859,8.686538805681124],[89.2900441180823,8.661571908908073],[89.26493023745537,8.63729213395481],[88.98149053393013,8.337930355194036],[88.71176815213819,8.026596359695306],[88.45623771157176,7.7039009250330555],[88.34777428001011,7.5537745223880375],[88.17327092304362,7.596694035776918]]]},{"type":"Polygon","coordinates":[[[90.71064926683444,11.866650927528122],[90.3783351339959,12.379854831759115],[90.80404191457605,13.984225108254854],[91.1878648524362,14.140450434685361],[92.82633288768402,14.400218580801244],[93.32371031055395,12.626176199929834],[92.88334981499786,11.975063887579653],[92.52573551504825,13.054585438164372],[92.5532443444762,13.766871630077295],[92.2792881117216,13.685783488497089],[92.26387267101367,12.223113291728993],[91.65227389573747,11.831439486333773],[91.45904056916918,10.939377548815768],[90.953747313034,10.518133265129231],[90.71064926683444,11.866650927528122]]]},{"type":"Polygon","coordinates":[[[101.51174929350466,11.59333293725055],[101.38563909725879,12.121302037635932],[101.66844892393516,12.759398330042591],[102.11418287378959,13.259860753685768],[102.42065398543149,14.06972611076796],[102.33192868890453,14.35409679374119],[102.68427470657787,14.942022453181202],[102.42259159412984,15.528983392852101],[102.5357175232552,15.890586799604696],[102.35067354861309,16.130853556740778],[102.89464568869855,16.5477894338903],[103.43353887912473,16.253029026896343],[103.82725064884637,15.856974409583012],[103.83866368448332,15.521081912027945],[104.2605510517367,15.606691804811256],[104.75742653077631,15.287920604622594],[105.0072369940834,15.092779976604785],[104.81834052887801,14.502233614239497],[104.40470278051548,12.403257049117197],[104.05250668798168,9.459717042572807],[103.81626768239627,9.607938353469699],[103.56976721548482,10.056812495843316],[103.30990278313182,9.915469453293678],[102.74769929631698,10.36181728050757],[102.41390120498525,10.967527126740752],[102.55683657381434,11.461913609788455],[102.40268120443979,12.290841034485315],[101.87937837030275,12.296542925653892],[101.51174929350466,11.59333293725055]]]},{"type":"Polygon","coordinates":[[[133.4474205459478,18.500101370325062],[133.68970463536624,18.948254088065404],[134.27230302224237,19.538848117731654],[134.27039369287402,19.971629612938198],[134.27758415580624,20.592169549830277],[134.50481653381178,20.99872772978559],[135.71996561891888,20.649673437111478],[135.974248903484,20.29426817589401],[136.7528159012611,19.949982612918657],[136.38701833800326,19.802280878355525],[136.9058009036394,19.093936296574977],[136.80000511939363,18.970022775534314],[136.6168449021578,18.558394905813103],[135.61120784197846,18.398985480594607],[134.91583313813268,18.503551906988946],[133.90425379131838,18.349039669712052],[133.4474205459478,18.500101370325062]]]},{"type":"Polygon","coordinates":[[[129.34192378718998,24.676679155721903],[129.74832020986906,24.217928681250555],[130.45072002404638,23.781927783499036],[131.12441773408867,23.459123628778926],[131.46439322815598,23.39331318739561],[131.658729664599,22.850035620421664],[131.3897958688548,22.00041663259301],[131.56736635766018,21.18210123117687],[131.84544366969362,20.721378783414007],[132.13184813193826,20.143630267372174],[131.4822875514041,19.65495799419399],[131.1599708872958,19.2443625942576],[130.66467954458804,19.505701027426166],[130.7328164373283,19.03969762094283],[131.27562489215495,18.185231631235705],[130.81700654344843,17.603296132317016],[130.54050424770716,17.212628020327145],[130.3545052812157,16.794826183593827],[129.8769364806659,16.12169098764887],[129.13425781115708,15.759080888032358],[128.55358070703704,15.771329834459078],[128.11871349753525,16.543895282360154],[127.02429615505957,18.188374228128442],[126.02703122967141,19.432205319517056],[124.1207242141535,21.533421757423174],[123.41065577454422,22.8306687538356],[123.20854851005058,24.592734178664603],[123.61088139895509,26.213796018576566],[124.63731890571584,28.26378685377007],[124.94249970694298,28.090919358240402],[125.56515186840953,27.926903436231033],[126.27148593978002,27.537573471200815],[127.10395428026143,26.89014087631771],[127.40015550783993,26.142455576440632],[128.10740410003442,25.605744638231435],[128.52752746701802,25.18548263868291],[129.34192378718998,24.676679155721903]]]},{"type":"Polygon","coordinates":[[[104.15084993040936,21.0689809704932],[104.18935268926705,21.379990143804495],[104.21349870815804,21.692256709712957],[104.22315163527466,22.005201749536432],[104.21819850200188,22.318241409718915],[104.19855056618619,22.63078779700159],[104.16810670410109,22.906379307520435],[104.57315708149054,22.91748052819977],[104.96155839388145,22.846265071682065],[105.84953669383187,23.10967895729356],[105.51621047902591,23.76926382493593],[106.01609504807514,24.03988409736815],[106.50186827975371,24.454067658295426],[106.97136989762008,24.301093453161847],[107.93368406122765,24.3943188289018],[108.49858088447161,24.47114704602265],[108.66817497641208,24.692985590746716],[109.05005740296646,24.745338307699335],[109.06624990596858,24.311127703896474],[108.6751288586026,22.49706010738323],[107.97643799067244,21.024502679953113],[107.5529639866025,20.3505434753583],[107.51633281176325,20.370397414380093],[106.94820442660091,20.548054176237006],[106.13491194706157,20.922632369774124],[105.60549009294763,20.837872721103555],[105.30292548220635,20.93594293416896],[104.68162053211071,20.878676759941115],[104.14116383168184,21.012155509134658],[104.15084993040936,21.0689809704932]]]},{"type":"Polygon","coordinates":[[[102.25763039819196,29.942733156226947],[102.16437580557647,30.15472917357007],[102.25777427985084,30.113856341421002],[102.25763039819196,29.942733156226947]]]},{"type":"Polygon","coordinates":[[[96.39640609960969,29.145971569273474],[96.34094541045327,29.694027963007766],[95.79847716256211,29.86915574397047],[95.77828452995301,30.01318027745449],[96.39666330178251,30.08147475495614],[96.34537708137056,30.65281487875714],[95.96568155986388,30.952259362258324],[95.58322107232367,31.526310965823473],[94.88685986721372,31.444918387019584],[94.89611580099692,32.042522340737676],[95.1008492685913,32.23607518136107],[95.75442107499637,32.1880562575576],[96.45075889409323,31.819534278203538],[96.51077238746018,31.294312715475193],[96.82697274044195,31.12070464732946],[97.06997891968471,30.562624223793282],[97.30292837611644,30.03855102890089],[97.26297252244704,29.511681649473804],[97.03681226783986,29.04769554925916],[96.82543995131392,29.060555757468553],[96.46735967491439,29.067806824963004],[96.37648623660466,29.065966652582492],[96.39640609960969,29.145971569273474]]]},{"type":"Polygon","coordinates":[[[93.55439667538597,31.335254259749885],[93.18621542884843,30.62318069802626],[92.91408836564538,30.907282034713166],[93.25878768081408,31.438705082500057],[93.52934810817614,31.77130524588684],[93.82898579079553,32.18224438611835],[94.34396043006095,32.565199234719316],[94.74348223423497,32.93023609080682],[95.36946407919001,33.02479877300575],[95.66680597048332,32.69955459264164],[94.95565549853839,32.5412929148083],[94.48613943295601,32.326532333758],[94.07838056257565,31.888039401785278],[93.55439667538597,31.335254259749885]]]},{"type":"Polygon","coordinates":[[[145.83932451048005,37.65669370027304],[146.41875362161244,37.53371681947036],[146.8088931578662,37.24904504811298],[147.00018226057213,36.73170986143795],[147.2708687730494,35.87912962663146],[147.32913871397963,35.33258089324869],[147.98491276973087,35.20577643001146],[147.539181168042,34.785897238126715],[147.3866055932852,34.075747989255746],[147.8275897665443,33.50081011252722],[148.42151059526063,32.53382257408717],[148.3996651678632,31.829929609981527],[148.39325711256427,31.38328580087129],[147.90134452067946,30.910862204358466],[147.2760908690595,30.770908991898867],[147.006383420129,30.52449490167881],[146.85437323459453,31.232475485652646],[146.0903010228118,32.7280276008841],[145.73277803796904,33.08966322172225],[145.75656978258758,33.53521987841585],[145.74533548869425,34.34963855443845],[145.60354419991148,35.02030043365906],[145.16304199936474,35.75190052420175],[145.14963154246053,36.13152510965059],[144.70942014873629,36.577053198385116],[144.69888005661653,37.28133379774961],[145.24090120417458,37.13098206841702],[145.7711375549078,36.98716672762673],[145.83932451048005,37.65669370027304]]]},{"type":"Polygon","coordinates":[[[97.97814529773301,34.90504813310265],[97.16776434973808,34.51901273573204],[96.22901620690017,34.355885549812065],[96.12222054205101,34.49937565954561],[96.49088287330353,34.58760182314365],[96.79053894110758,34.873485523795445],[97.60586231933843,35.30858763521691],[98.06750923853359,35.74933982809343],[98.39654299171069,35.58730701797122],[98.489563511458,35.301731726010864],[97.97814529773301,34.90504813310265]]]},{"type":"Polygon","coordinates":[[[98.94862587497047,36.56570081667381],[98.39466209752351,36.196747539204296],[98.19432739854354,36.26198093861792],[98.78319791944455,36.81523296900912],[99.23677185645988,37.17775879597093],[99.28360872961197,36.97577550774881],[98.94862587497047,36.56570081667381]]]},{"type":"Polygon","coordinates":[[[100.36856821777475,39.17729198837123],[100.81092118116578,39.37102132479804],[101.07558975656637,39.38815513255623],[100.41504144461062,38.668494616088296],[99.8826592002461,38.16922738439673],[99.41332033662434,37.83422642023757],[99.30372442495188,37.99133556130946],[99.66718429317075,38.420401241346475],[100.36856821777475,39.17729198837123]]]},{"type":"Polygon","coordinates":[[[102.43865523034982,38.97294904119039],[101.94299226049287,39.08799377705815],[102.25842053466117,39.71212354631467],[102.58758368537029,40.000726967383834],[102.95776153843734,40.122448978190555],[102.91348607158257,39.73944833500454],[102.67208697071827,39.155974347555876],[102.43865523034982,38.97294904119039]]]},{"type":"Polygon","coordinates":[[[138.5860783581232,40.90323905458873],[138.74533278472296,41.19522208585533],[139.69299380244186,41.213534561965425],[140.49002243686726,41.551937293133776],[141.60251870409732,41.16578071110831],[143.1646343263569,40.92518566664847],[142.49427392811998,41.38550064487952],[143.0857661127167,41.479215177458265],[143.94243501191184,41.0646544689359],[144.83370807492489,41.31267090201208],[145.40108968475315,41.6439623169585],[145.45583508454007,42.23382155576876],[145.94847323567708,42.438184752401405],[146.6102297853925,41.67498214921525],[146.93339001210936,41.09374924122206],[146.36184403485873,40.68849949504879],[146.45763375885778,40.32824377858634],[146.92511908472918,40.077810429825874],[146.9944434795855,39.86686374952999],[147.23019256723398,39.28354955439018],[147.52147475076075,38.53675035758039],[147.37339144685546,37.843515366712964],[147.02038908176158,37.931530849850894],[146.61600581236286,37.801952045644136],[146.22860743281225,38.68184670731736],[145.49233124730281,38.87146024247324],[144.4039411784684,38.519596563226095],[144.07182149899054,38.7734073018787],[144.2089253744305,39.42607217645798],[143.56924151549362,40.03283057390279],[142.89693488930328,40.42792276359447],[141.9491490330797,40.61324600156132],[141.78856918708522,40.74250739978615],[141.04519487829117,40.705751574341775],[139.60602625268857,40.75054427910671],[138.5860783581232,40.90323905458873]]]},{"type":"Polygon","coordinates":[[[101.70839184226516,40.19334838737263],[100.89887542926807,40.065483402110566],[100.95340312440356,40.39935043530569],[102.05814272747641,40.647192094791805],[102.76003163955538,40.969506980451776],[102.97212987426254,40.795449111574165],[101.70839184226516,40.19334838737263]]]},{"type":"Polygon","coordinates":[[[104.35810616843456,40.79875330560863],[103.47880682668166,40.52776682621994],[103.91659012590108,41.0703058035042],[104.0063449301524,41.26017353645097],[104.51858126141927,41.47424201995439],[104.35810616843456,40.79875330560863]]]},{"type":"Polygon","coordinates":[[[117.17024697535385,41.122231559137234],[117.82563505524017,41.50853815804143],[118.43889012598972,41.782692034164626],[118.92977422628654,41.967355225477185],[120.07864611776368,42.460674357778856],[120.90174818873727,42.738487418767896],[121.0242075467561,42.32246139950827],[120.43127765168384,41.949528813914036],[119.54950895352935,41.491328314864006],[118.61224542540158,41.11058441683151],[117.4612233053833,40.75871493818276],[116.98233197501635,40.743598938344924],[117.17024697535385,41.122231559137234]]]},{"type":"Polygon","coordinates":[[[112.55612389587027,44.992611279972685],[112.28404473919704,44.77917036488749],[112.27930203019099,44.57164898877305],[111.85369308356299,44.514364753643086],[110.80836388273332,44.69770195328427],[111.3985779806086,45.063402988388106],[112.55612389587027,44.992611279972685]]]},{"type":"Polygon","coordinates":[[[112.74142603325372,44.90056159472235],[113.76900215000913,45.31029923633232],[113.81331211296892,44.96939240207499],[113.08961505164099,44.79006480159764],[112.74142603325372,44.90056159472235]]]},{"type":"Polygon","coordinates":[[[120.77077618192929,54.36925454350511],[121.46539809515787,54.536943075987026],[122.14390861544422,54.16145372391428],[121.9015549726251,53.57379956207373],[121.32714265529191,53.159165271823284],[120.59903007009643,53.26691087093611],[120.34136641932342,53.74632904832113],[120.84836907508992,54.084412385224745],[120.77077618192929,54.36925454350511]]]},{"type":"Polygon","coordinates":[[[120.73250472905588,56.11156256163707],[120.64819297333172,55.45631658994503],[120.51315115842597,54.81419875336453],[119.83684335217454,54.86343954231146],[119.86914814700222,55.38429227591415],[120.01188854952262,55.68246289453239],[119.94313319226886,56.32506670913868],[120.02336439295439,56.52412473754129],[120.70942349028874,56.20624685690727],[120.73250472905588,56.11156256163707]]]}]}}]}
