{"type":"FeatureCollection","features":[{"type":"Feature","properties":{"role":"candidate land","status":"authorial trial"},"geometry":{"type":"MultiPolygon","coordinates":[[[[-23.205314115370943,-44.51310507818072],[-22.7415483897672,-44.770604838147385],[-22.063016888000917,-44.693661010183355],[-22.003673409093345,-45.535230987786456],[-23.090512847269792,-46.627359722984046],[-23.4840170185942,-46.393329155238135],[-24.128585925938193,-46.513874815009],[-24.287496815245273,-46.13335941003247],[-23.41748086333714,-45.09116359043898],[-23.205314115370943,-44.51310507818072]]],[[[-22.676710269020145,-32.905078929041935],[-23.88347260625915,-32.44721408960709],[-24.003761743760094,-32.10661388460179],[-24.740994892554458,-32.19052750197181],[-25.17577778624883,-31.714962127011407],[-25.86919787403727,-31.69490124507267],[-26.00262938383743,-31.31625099607654],[-24.372447165385292,-31.162187242030164],[-23.711397603079863,-31.36306826196527],[-24.44371422953667,-30.596236846380613],[-24.287152552364798,-30.183035246695695],[-23.49243710290189,-30.373351797942163],[-23.376011411117062,-29.74822682457533],[-22.784656618131898,-29.327164783590376],[-22.068590534298654,-29.96438676864604],[-21.570670645023032,-29.567128881182384],[-21.47301262068045,-28.82590277648385],[-21.958080522192713,-28.241492731898145],[-21.876845411134276,-27.94676496653509],[-21.371372310484272,-27.73998064662075],[-21.330788573527496,-27.409748883284283],[-21.938585921627375,-27.569886375186286],[-21.257069781238908,-26.81976327453491],[-21.11859699343064,-26.25204517830651],[-20.202678961862812,-25.597252237835278],[-19.279195197699455,-25.237263684714048],[-18.976088598909822,-25.560479468791492],[-18.368088641953413,-25.880353675011722],[-19.605742614609138,-26.385426317980876],[-19.031787660530444,-26.614759661028952],[-18.51139790395175,-26.97153966556933],[-19.186251051333056,-27.54059790190788],[-20.249095229156126,-27.947517844360668],[-19.773442487094698,-28.351867572767016],[-20.148151120769306,-29.711744843995067],[-19.887743252248455,-30.075726596728494],[-20.317825082430407,-31.212715897203875],[-20.423135295713813,-31.63367159802678],[-19.842374512539358,-32.20724558066226],[-20.34183329441225,-32.69391537975568],[-20.84721198738343,-32.755512581766794],[-20.958687746763694,-33.32168894195982],[-21.874320950281355,-33.41964274231833],[-22.676710269020145,-32.905078929041935]]],[[[-23.733949804854582,-26.98198970186338],[-23.019401625564665,-26.943775716454574],[-22.59266912098698,-27.23842762204953],[-22.53910478853795,-28.11050916486185],[-23.324142488727272,-28.41405385538808],[-23.788764737493892,-29.00897681413073],[-24.868850169464153,-29.352483441422716],[-26.235892477126914,-29.00969758379728],[-26.80343255585841,-28.272934327765448],[-25.56030802403903,-27.908352535456444],[-24.98567879318731,-26.975214170340642],[-23.733949804854582,-26.98198970186338]]],[[[-42.10344008168398,-3.868759932748698],[-43.02281989658919,-3.1416098314402303],[-43.0104843645253,-2.7326232060731535],[-42.51393262682262,-3.18594620447154],[-42.306343028267186,-2.525537450410051],[-42.39609196383913,-1.804184295020768],[-42.39431108801879,-0.4948886597078144],[-42.099083276316065,-0.38918698879531866],[-41.74219591474641,-0.801274305029249],[-41.47425490299961,-0.5088994896990233],[-40.8632502873214,-1.0523290891604875],[-39.25188213750586,-1.6719484244870944],[-38.66724847853351,-2.0390221774154083],[-38.2954596657398,-2.56155597708579],[-38.322039516506976,-2.8518064103735195],[-38.60045055834661,-2.7482597198981176],[-39.2490239678213,-2.4481928059877966],[-40.14350911725597,-2.0669677890509877],[-39.78598602489864,-2.4703139543309507],[-39.975960997407356,-2.9129739616759442],[-40.33764467688641,-2.7069074507059185],[-40.576212133657506,-3.2994379864511236],[-40.31158322584072,-3.581612773575128],[-40.56690827291432,-4.253030643028897],[-41.31573622721538,-4.111612099013174],[-41.10494348616681,-4.558005927150363],[-41.62736017378542,-4.690635685696814],[-42.228976221833484,-4.9560774051364005],[-43.1347860227793,-4.751064177440579],[-43.198508470608715,-4.444804414524457],[-43.045148199424965,-3.9806203368735655],[-42.21612502534874,-4.065446203785539],[-42.10344008168398,-3.868759932748698]]],[[[-178.6574623971011,14.736280928584774],[-178.5382241282344,14.390309411496926],[-178.1208147501929,14.540428211674367],[-177.78213744707136,14.75138938872029],[-177.40322822636003,14.710656173624209],[-177.0294080813157,14.741262583098376],[-176.62088280138363,14.896222063180478],[-176.2813334863468,15.039132807700591],[-175.89774649249614,15.164818807158966],[-175.70332512469327,15.050895241862419],[-175.54336538188042,14.923407986448337],[-175.10487624648744,14.93279344574841],[-174.81411920490635,14.649108941645787],[-174.4516191246847,14.539212905609448],[-174.06033186834293,14.53519023388522],[-173.7546933035803,14.3016936180368],[-173.4232346292088,14.046416032448967],[-173.06157096207076,13.917996912042224],[-172.71711238355527,13.721216304184708],[-172.36940317643698,13.510861360424782],[-172.02442378282632,13.358491834919086],[-171.6249540082942,13.463573383891967],[-171.250391243147,13.414323298531325],[-171.0836121638674,13.043518828673331],[-170.70586512617996,12.998176068044726],[-170.24368609149312,13.10303667387778],[-170.2932517694961,12.744992235415046],[-170.43790345015395,12.4078472218373],[-170.51154588142137,12.039785895592336],[-170.1026426425847,12.092652956241539],[-170.10209638093116,11.603623349206153],[-169.91236114664355,11.281206941282031],[-169.87970161257473,10.877313023061726],[-169.57403874611097,10.66798953796016],[-169.211624092151,10.55732143300101],[-168.96885473524273,10.245093348232347],[-168.83737760052645,9.893674176449872],[-168.74369267124803,9.512919563926829],[-168.31828564645315,9.681480406770243],[-168.16701678008934,10.02472362384741],[-167.97833298064705,10.352383753582732],[-168.152683238003,10.67089325783408],[-167.9761264268588,11.036003307750766],[-167.73583811622578,11.330595326186915],[-167.24373254141844,11.907352888265342],[-167.1925850637266,11.646637579760243],[-166.97807677241232,11.314821181866444],[-166.68303679257207,11.057793001478485],[-166.58841496096989,10.688696938687526],[-166.6425958476774,10.274411230281913],[-166.85490171256117,9.964748481572412],[-166.67618673677183,9.620876691606775],[-166.35110247537986,9.397215760083816],[-165.96729982618726,9.176598676975157],[-165.67555948797443,8.936525042769093],[-165.72793725752078,8.564489526436446],[-165.46817240990524,8.272048438130623],[-164.6676575526817,8.415366509014579],[-164.95895678453337,7.995303922740973],[-164.9648493404076,7.615892272385909],[-164.71704439050356,7.330494172594801],[-164.97655329985608,6.951990545844345],[-164.8621945390606,6.594851911371632],[-164.83979640198635,6.2326573258538795],[-164.91979596587552,5.842825268335097],[-164.49201352661385,5.76531855769491],[-164.12009996449595,5.778258324832642],[-164.3984696763783,5.379507105915426],[-164.18450959635237,5.03839752761539],[-164.30816545976606,4.699774642621555],[-164.57679245691102,4.424432376356235],[-164.38635405236684,4.093394493632585],[-164.10700743289323,3.8630705130872802],[-163.79393062710844,3.637976455068815],[-163.5884828853357,3.3248445604273686],[-163.39857834611945,2.9455154977901383],[-163.20393495659783,2.601528947671763],[-162.9498416803279,2.346751376721228],[-162.61628082312572,2.212771247496093],[-162.17939170216908,2.193565178093179],[-161.77487146906248,2.278917855810308],[-161.39778660126328,2.425855776342193],[-161.0233139449327,2.589381636963986],[-160.64828010204727,2.744240739401293],[-160.31022385279803,2.8776455152751517],[-159.9244380936102,2.952197834642934],[-159.5310833096409,2.9725711093972738],[-159.1392218108183,2.8564466404436946],[-158.71256994521644,2.7675709549913097],[-158.31612613594683,2.7578255981673174],[-157.89666881540305,2.883234143612847],[-157.51281947152572,2.9762907303353834],[-157.04189448162552,2.8413926490501344],[-156.72523243875534,2.658943342784122],[-156.3281257665724,2.4394246121596797],[-155.99024625827258,2.1909076716887737],[-155.67101577878006,1.8853344182970835],[-155.2294356006479,1.752470677746781],[-154.9412053194308,1.5383842134623704],[-154.67273230069432,1.2849210284582036],[-154.5976537023502,0.8761287915776383],[-154.27686370111385,0.6142124812866133],[-154.0758030404355,0.31034829241508066],[-153.9565538459155,-0.04949477419021802],[-153.70417596563922,-0.37100106309952935],[-153.3951278571749,-0.6295074661760994],[-153.28745666169752,-0.9843053179515969],[-153.55227017521656,-1.23734087987271],[-153.878483916667,-1.0590445996443452],[-154.15904330983722,-0.6041553243134217],[-154.37111319275263,-0.41307574441830347],[-154.21137493273497,-0.09164741275017338],[-154.31047832718215,0.2652754237729767],[-154.55003030889705,0.5576068321588863],[-154.8128416500738,0.8608509692986048],[-155.11406014378537,1.0575394128918312],[-155.50805846505213,1.0987727134886007],[-155.87907040370106,1.0590925681496068],[-156.20481261873425,0.8557118256903994],[-156.45068373886085,1.1216846231541258],[-156.5486123892928,1.492465084353498],[-156.89519537404584,1.6877422263284592],[-157.224887374292,1.8936735418119484],[-157.67495140873797,2.0979661415798896],[-158.05131179025125,2.123426819780598],[-158.4497320037401,1.956241227707683],[-158.74653953764465,1.7375770945936935],[-158.9599421462988,1.4240942475008953],[-159.25713673500925,1.133431259132254],[-159.64152890286462,0.9698851646819723],[-160.01028491162606,0.8792557656864319],[-160.39796564016652,0.7641677113234525],[-160.72564619856865,0.596540389189881],[-161.09516877801877,0.49027943222517123],[-162.01492588826818,0.4248813252616938],[-162.38529773252156,0.3274571661040745],[-162.7767512750985,0.2972074040322857],[-163.16733143195742,0.1998953895795973],[-163.69685183960019,0.23227285275222437],[-164.11109206071148,0.3767263444029454],[-164.44854054425178,0.5265781254542881],[-164.6012857983967,0.8758871877510427],[-164.9604730550429,0.9732451168631571],[-165.30351251442082,1.1063006887508837],[-165.70713081430887,1.4517086665698808],[-165.8992450615955,1.7610797224916572],[-166.15334505947484,2.0353136607641305],[-166.4164401400645,2.3225471685035064],[-166.85461717951753,2.4372650218782432],[-166.96455919914501,2.793495338280774],[-167.01620227379686,3.198991823765427],[-167.18324484385528,3.5337204452540103],[-167.29005589706,3.90587015298221],[-167.64594159459577,3.7254801925786514],[-167.72360358891538,3.3516790410604003],[-167.92863430263742,3.0475489080516276],[-168.2402950102761,2.83483387545158],[-168.60059831753063,2.9835151470831716],[-168.59943171725547,3.350101111391739],[-168.9283010180117,3.5547638363072482],[-169.32475264273626,3.441280365177964],[-169.70105664755485,3.3292883599527086],[-169.95565974578528,3.0235047145234923],[-170.30216261694625,2.880931215519734],[-170.60115335608603,2.568547026371162],[-170.66671314330304,2.1860482383611024],[-170.87252914035264,1.839105311128889],[-171.1389862888126,1.5579215342285064],[-171.40492777272038,1.2324641393155369],[-171.51605942116547,0.8442951781057496],[-171.76189363519876,0.46703991400052197],[-172.04557396874492,0.21482918484355487],[-172.37595938774137,-0.04094098834003968],[-172.8478940983344,-0.16037247015131853],[-173.22166718320358,-0.20986349210933286],[-172.87531551002897,-0.37141268566567476],[-172.59579987558783,-0.5988622442980603],[-172.3056083585516,-0.8577281335171328],[-172.08935125459854,-1.172198116930458],[-171.8590970792168,-1.4651876101781973],[-171.91051580979914,-1.8202357988422395],[-172.12737901565183,-2.1274607315861114],[-172.43148759784262,-2.333540244961073],[-172.0469405145086,-2.5493703309719162],[-171.83237975744476,-2.8368739027766146],[-171.94590085528006,-3.200197488287763],[-171.8620523261659,-3.5613454875256396],[-171.7869839567092,-3.917827963211391],[-171.81093811742397,-4.274909837842166],[-171.82685024428534,-4.674000062408102],[-171.73610530273058,-5.023825888291099],[-171.36989667621293,-5.100468049687289],[-171.0251996351144,-5.21158027527008],[-170.70105331349967,-5.397099544913558],[-170.56036043857895,-5.0624629797692995],[-170.5281758400109,-4.653539051119418],[-170.37645421861046,-4.328640075116983],[-170.01426275985335,-4.432458199871394],[-169.34129925633826,-4.7567817277100755],[-169.18112156207653,-4.928383658422524],[-169.09262164348107,-5.296870619599945],[-169.04061000704795,-5.720966832009741],[-168.90255134513302,-6.090473619579632],[-168.7749853670327,-6.4680259150926895],[-168.53634524861863,-6.841243342162365],[-168.5497528630934,-7.20465964532068],[-168.60443698296442,-7.545890592300607],[-168.6285510769274,-7.72434493309383],[-168.80613196433742,-8.049313640902373],[-168.90252536440528,-8.413909059968175],[-168.92787866480384,-8.769967360961639],[-168.92951349203372,-9.149579947155239],[-168.92284252914087,-9.510241242832048],[-168.91655004080974,-9.982514966239139],[-168.81997375713456,-10.375284853296007],[-168.77256519385327,-10.757625401346514],[-168.53796877921425,-11.084447919807175],[-168.16012017214135,-11.031017201669197],[-167.9193270326087,-11.382256748689972],[-167.8183569782469,-11.736013351299453],[-167.88790539542208,-12.090079891701162],[-167.95086721055372,-12.485426809659494],[-167.95155042600464,-12.923000733558055],[-167.85449718636468,-13.372374341236004],[-167.64189055782177,-13.821742473728523],[-167.62852456385556,-14.180220027354782],[-167.96585653220947,-14.388541346669651],[-168.31068988268444,-14.235325241549559],[-168.6356618905127,-14.443838844930797],[-168.40423379938068,-14.741471820994931],[-168.28397531948656,-15.150399818051522],[-168.63347814587564,-15.288594250558],[-168.93419531567105,-15.041395717339816],[-169.28754416769118,-15.21979425608856],[-169.53255844767494,-15.601581702113297],[-169.81257496087034,-15.923987446453625],[-170.16632329723194,-16.071940979869197],[-170.51308431665973,-15.794504773991234],[-170.64535952201055,-16.259556612300145],[-170.84973890218373,-16.57612882084237],[-171.1177242912332,-16.874261823887696],[-171.38873928769547,-17.165487657657643],[-171.59286584404475,-17.526349544378565],[-171.87396201100188,-17.828253882124002],[-172.05678824613756,-18.144746062758244],[-172.10600760684991,-18.551038185570903],[-172.45812282134347,-18.416719967931034],[-172.74881151143035,-18.677387744308945],[-173.16935004299773,-18.327914775023334],[-173.48501886942594,-18.063630277527196],[-173.78731420384418,-18.374122936928362],[-173.80440074860525,-18.79368276240561],[-174.06256120513598,-19.162106264125946],[-174.53533740372407,-19.236239357250362],[-174.77859789640817,-18.914753560405572],[-174.9586320211818,-19.347422367307992],[-175.30679394675732,-19.552730910807085],[-175.7149081850402,-19.68285576803637],[-176.09719903798967,-19.739207303729053],[-176.51993639993393,-19.695606717920686],[-176.91544927216862,-19.699309873438285],[-177.13633910746805,-19.39453178896049],[-177.4064938333635,-19.134379132246085],[-177.76536063749583,-19.35553262228658],[-178.1744558920204,-19.436115878802003],[-178.57550426847104,-19.468330604013996],[-178.9692213561127,-19.51179651328673],[-179.31813632069625,-19.663795321606226],[-179.69420443617915,-19.790442579857917],[-179.9999997578173,-20.0572287717038],[-179.99999993377182,-20.05722892172323],[-180.0,-3.508354649251692e-15],[-180.0,0.0],[-179.99999990823682,4.581874219212305],[-179.8873713192929,4.389520346557991],[-179.66339134607745,4.672816396508017],[-179.4034057773312,4.923321238922655],[-179.3261921835658,5.387655341145027],[-179.69657855897037,5.460327577637922],[-179.99999985877872,5.699434883143529],[-179.99999997739957,8.769607432523609],[-179.8212838998073,8.954858055457512],[-179.54362668908666,9.317884495170743],[-179.39053588501525,9.643002803270745],[-179.42656084060184,10.05739455168595],[-179.64637605660252,10.341933040835096],[-179.9120451958238,10.641435860036355],[-179.9999998476135,10.655180817821089],[-179.99999998720398,12.817283649695774],[-179.70899288036557,13.087977124033344],[-179.43032843685492,13.412390848220587],[-179.06395681418354,13.490406119159754],[-179.04681570587047,13.862477606458812],[-179.1096507341433,14.239612432012478],[-179.01021285046485,14.586773872505317],[-178.6574623971011,14.736280928584774]]],[[[-168.65373942942415,-2.127516930938434],[-168.27382084346516,-2.333832059905166],[-168.27382163646288,-2.3338319044586657],[-168.2946435172816,-2.437223024682082],[-168.15026485126455,-2.78708651871502],[-168.43511601186563,-3.04171277335449],[-168.9174639080888,-3.171321080888394],[-169.52539733150908,-3.084468835864348],[-169.9458738830661,-2.9844448144551325],[-170.4372309082793,-2.84729788296409],[-170.6680607110686,-2.5086145756552622],[-170.8495458265371,-2.185404104357464],[-171.0141327109979,-1.8385605075719622],[-171.14701496060522,-1.4780967266460523],[-171.03574780651277,-1.1194624731874558],[-170.68121578889807,-0.9481607570857491],[-170.27477751762564,-1.0192044589384244],[-170.04713783398986,-1.4173649184624106],[-169.73999305647143,-1.6175084268250564],[-169.33255158090822,-1.8000077264932421],[-168.97985128331928,-1.9473697172925866],[-168.65373942942415,-2.127516930938434]]],[[[-82.86513414134075,12.919700039721164],[-83.02759351702545,12.164203323613405],[-82.590036887108,11.348020928216837],[-82.40026004588466,10.947147163977041],[-81.95798931575915,10.430414344047541],[-82.05291787078778,10.091648387756173],[-82.34279552578066,9.860534230544937],[-82.665770583552,10.080412267951159],[-82.90215465150762,10.129489557997072],[-82.96710272103617,10.713033666868025],[-83.4563805582482,10.435517288527786],[-83.98506365324727,10.493814127028822],[-84.5351740523726,10.977208142856025],[-85.37247007969599,10.67305249467527],[-85.3425248825617,10.24352596105598],[-84.62964019930573,9.962601756972711],[-84.247211226565,10.236950086793689],[-83.47631790234135,10.22021722931951],[-83.17354886304923,8.967736235869156],[-82.6861406140103,9.062352678668237],[-82.39831990667994,8.693267401083721],[-83.13642374204805,8.40299997301063],[-83.20979815180311,7.719324384773751],[-83.82137396211266,7.127996733397058],[-84.15693648344704,7.115052646960703],[-84.23235753350426,6.235484274190527],[-84.2050504396083,5.180619612772493],[-84.69226683868962,4.649630153824241],[-84.86600415990162,3.906586574222889],[-84.58912419532756,3.3356045711861193],[-84.3381567415289,3.308384960399976],[-84.35319849150643,2.08970405533165],[-84.40729737138521,0.9133700620204015],[-84.65459114322886,1.763664163992652],[-85.14541074152146,1.4552695132124376],[-85.26457098700057,0.6728386826289381],[-85.79573379245781,-0.04724486680653054],[-86.60382576727375,-0.1625353173682717],[-86.60773882579124,-0.6782853820644502],[-86.86270600593711,-1.0534542368792847],[-87.26202489444324,-1.684580489081598],[-87.94257933186626,-2.265999416818262],[-88.45855402504337,-2.2693672262187454],[-88.50001605325566,-2.641931216230034],[-89.01268341973676,-3.151119235368164],[-89.3791949420491,-3.5271946099409095],[-89.63335236848708,-4.708836527128774],[-89.45736000313768,-4.823544259789187],[-89.4194712180823,-5.630077119691174],[-89.73406810180431,-6.687568661856493],[-89.85860532604336,-7.0207521578677206],[-90.12654529188265,-7.743598847114043],[-91.02132167772511,-8.763763818368973],[-91.44232040186651,-8.911961372130333],[-91.40868871330267,-9.253401963993884],[-91.97901005423999,-9.477097258586944],[-93.77700054043989,-9.959087995762456],[-93.9699939219691,-10.485259684214997],[-94.67239553594199,-10.478811521688147],[-95.46873993417401,-9.68588575803451],[-95.79082365652653,-9.980745331404375],[-96.04656382580085,-11.737539294877944],[-97.07077902350791,-11.717757204111795],[-96.44456509493777,-12.513019570684536],[-96.88587002932476,-13.748938610813509],[-97.61750063453411,-15.37029017464876],[-98.25654902582025,-15.820313510181382],[-98.81920026881478,-15.620380823517522],[-98.57999889955286,-16.800169029302197],[-99.27561875752315,-18.702817121762635],[-99.34978349838784,-20.19380272589701],[-100.35564340230803,-21.600958213315923],[-101.68015355812426,-22.772680552970613],[-102.07072914969898,-23.509683116627944],[-102.20462261524489,-24.3534759576715],[-102.5891012535298,-24.68106232267826],[-104.02325134931955,-24.880582263990018],[-104.70685541238086,-24.974646698388664],[-106.45864911202754,-24.37915601314851],[-107.09564006493073,-23.79596280083112],[-108.39058915434823,-22.234412534887248],[-109.50296635821536,-21.45888429831612],[-110.31158395781026,-20.61993197532765],[-110.29497415999494,-20.37609560579736],[-111.02876269350499,-20.00090521502362],[-113.00913554948089,-19.783493083286007],[-114.5770372217937,-19.270009939034093],[-115.24720942845826,-19.05972600474367],[-115.60439674970787,-18.696669216666024],[-116.96248408374909,-18.300745877308742],[-118.13585941132075,-17.134761732522445],[-119.16901763696406,-16.795260456806055],[-119.47425529721853,-15.980440201273009],[-120.04782191816402,-15.661758653133168],[-119.86577940479981,-14.677018733068163],[-120.01156450493005,-13.187210608780402],[-120.35785451351548,-12.479719404731952],[-120.49398472823796,-11.423585474658678],[-121.13772790969871,-10.248317523216324],[-122.02549354988702,-9.352041774279487],[-122.75633285755003,-9.119167531877538],[-123.3312138426386,-9.188335140278884],[-124.319715656888,-8.880404148697552],[-124.77949183801847,-8.613122673653939],[-125.24348066906761,-7.930413379315082],[-126.87096557023017,-6.741663333645408],[-127.56535340487945,-5.895190515080835],[-127.96064029255184,-5.265695354567829],[-128.86332665370662,-4.7722116743959555],[-129.3699357621921,-4.158892582786785],[-129.95679549906947,-3.7337999619983484],[-130.4153196345554,-2.7529877292037326],[-130.15959372991875,-2.168458386364685],[-130.2277744250836,-1.7164673119477822],[-129.7392536473327,-0.9924059026518387],[-129.73126146038692,-0.43234781890694896],[-129.14658900339134,0.03451544304860596],[-129.6641295527349,0.12326250081886238],[-130.58926702909744,-0.8581146886146975],[-131.26869080464428,-0.6967317847812788],[-131.74158222590088,-1.1662936604153664],[-132.22531279049952,-1.0869929675183776],[-133.44771874145502,-0.23205989957555465],[-133.91200842874164,0.9597185018544149],[-134.05430501882321,2.5295828488377565],[-133.93199493500694,3.3819043910418634],[-134.53250964344303,3.230893336528322],[-135.2791118320277,3.4026269508398546],[-135.78677096684615,3.2715747274429234],[-136.13201072666345,3.730752290664204],[-136.26566802117173,4.503809729851126],[-135.90379789309878,5.231517864311985],[-136.1702896296152,5.519697404624907],[-137.16683753137121,5.400407611446854],[-137.46334459233796,4.89691222936655],[-137.1452666717448,4.492673026681556],[-137.66633511535633,4.272661449120537],[-137.98016811573314,4.948017447627612],[-138.61311222511668,5.524413450269801],[-139.6259232334105,5.6083258816467785],[-140.1681916253538,5.7625327287658195],[-140.19323979108364,6.429629746790929],[-140.73313806192473,6.95782071023807],[-141.49813304238353,7.11768173620167],[-142.2008794544535,6.407351944600579],[-142.37921140175052,5.749800012336957],[-143.28874009135183,5.949830731058166],[-143.89218981543675,6.706732348790055],[-145.09662630693933,7.059298377284629],[-145.5361029820035,7.614999881258062],[-146.02869187661645,7.8362595160701],[-147.05573485133647,7.546936136422249],[-147.60462647543235,7.092977435139041],[-147.5741803210378,7.353739163263437],[-147.6147338158696,7.896511073032846],[-147.8909051482247,8.164762734940657],[-148.31354908738618,8.669234725683692],[-149.2632419993088,8.65551978003513],[-149.31746759427276,8.900672261179341],[-149.08106337005825,9.605894308487406],[-148.484533985863,10.387092472017539],[-148.03454097058128,11.226445473424123],[-147.4316656357615,11.525082063504419],[-146.8118605072537,11.44976430554426],[-146.19730351505126,11.875887735850078],[-144.49356874292545,12.245477293662566],[-143.47564997020882,12.121358508881771],[-142.58606337710557,11.528610214805195],[-142.45066664747708,12.599731288381395],[-141.45438584480948,12.082161624455356],[-139.73807763734962,12.073722628248166],[-139.99111887828127,11.239747642205751],[-137.8491747108662,11.099119678271936],[-137.63598569729766,11.622387773808567],[-138.92937781974823,11.70207743369954],[-138.84588656702738,12.175168580597855],[-137.36479651947016,12.124856539004274],[-135.45231943700435,12.082786097418648],[-134.71912396066725,11.803301880001401],[-133.75040990345636,12.12627954596873],[-132.61024128710622,12.304254288724708],[-132.54402457360177,11.973085786431186],[-130.8562079832313,11.622424850726768],[-129.18530291178988,11.1762140585974],[-127.64681619770516,10.918772752753211],[-126.13444928749227,11.201968870718428],[-125.2808652773056,10.989712306724899],[-124.03000600572919,11.155465388245206],[-122.76469083602167,10.694344969379948],[-120.79171999172442,10.601986637687073],[-118.67225644497361,10.36642161469506],[-116.3955763257447,10.117422881542305],[-114.73345662488856,10.2039551697455],[-113.30328044788325,10.410491112417938],[-112.72560218820817,11.367844138905355],[-112.30764846252059,11.454025999429835],[-111.30123381042588,13.362355098284693],[-110.20177275239581,15.105183251083782],[-109.57639558303063,15.861600956146392],[-108.7240785260498,16.277353445417543],[-108.42147855110557,16.12219813311987],[-107.06329625077602,16.964020926386787],[-105.13664790322267,17.944245782341564],[-103.03765543576755,18.875438393833722],[-102.55284483399454,19.277605332871694],[-101.76901349665425,19.583043391378947],[-101.06500847311086,20.34664907869367],[-100.62172678380679,21.049144877277776],[-100.14973560309808,20.719905830700633],[-99.11785057512355,21.182511595984796],[-98.37660602409497,20.853861481622726],[-97.7293780888764,20.03909131867146],[-96.95625003084649,19.480869360688576],[-96.48387797891237,19.67935207077598],[-96.96126866512553,20.079352886336586],[-96.46894002956319,20.660056943112213],[-96.17720289704349,20.445686836427242],[-95.20092134198127,20.572932746475285],[-95.05864383816602,20.215742078290422],[-94.4061790939593,19.999925592328754],[-93.74488952685819,19.586359774571722],[-93.3081539214851,19.632093743332803],[-93.11635152883122,19.072423888328228],[-92.7417472210544,18.361797803729075],[-92.40619424467545,18.477344125948207],[-92.35255414338461,18.100325287809603],[-91.82374359988704,18.11139299987149],[-91.46046386121778,17.85284388544854],[-91.4263256870106,17.353834829975497],[-90.80151554194828,16.88998760552013],[-90.28446080633401,16.470748264218496],[-90.00791849324705,16.81956007237691],[-89.41896031541869,16.58715292051021],[-88.44817684272263,16.736788071209563],[-88.27161712632216,16.573697912558497],[-88.27697911218867,16.604296335407714],[-88.29007437734883,16.65024309128812],[-88.31158378474326,16.70505987191699],[-88.33909302528087,16.769381985791878],[-88.36605141194458,16.82279641716389],[-88.39409512542468,16.864925431711395],[-88.42529628709129,16.906258596731302],[-88.45873419255541,16.947025876792196],[-88.49339844100288,16.987480292333167],[-88.52824899056613,17.02788299626831],[-88.56227771383728,17.068487844709043],[-88.59501412727425,17.11119020121342],[-88.63104004981265,17.178884901443492],[-88.65986143422273,17.247382910089843],[-88.67996175075153,17.29211806797998],[-88.69640255177228,17.337526808196404],[-88.70928545506496,17.383591159808827],[-88.71893629940583,17.430251480738075],[-88.72587608851299,17.47741183961611],[-88.73077935095168,17.524947776863403],[-88.73442271291336,17.572715894850518],[-88.73965304041879,17.631211382367763],[-88.7461225215044,17.704665397244256],[-88.74963798319384,17.767418406608748],[-88.75279502569025,17.814989637026432],[-88.75810108275302,17.862298990262506],[-88.76578405451957,17.90931867148695],[-88.77584681653204,17.95604812376021],[-88.78806441475466,18.002514402989437],[-88.8019970239641,18.04877068329326],[-88.81701784288026,18.09489297415175],[-88.83393864633109,18.15402792069943],[-88.8496332864102,18.225961070534968],[-88.86085898353232,18.285290819387264],[-88.8688385810336,18.332462271997112],[-88.87367358567501,18.37983223515345],[-88.8747110762048,18.427442460332973],[-88.87148889131217,18.4753223553291],[-88.863771381828,18.52348659504403],[-88.85157092305698,18.571933718965443],[-88.8351537090471,18.620645830677503],[-88.81548184157299,18.677056404776813],[-88.79226704624352,18.747640417173265],[-88.76435028769964,18.809879996765016],[-88.73517094613237,18.85769429619141],[-88.70604395607677,18.905502753855426],[-88.67807263917535,18.953296938757976],[-88.65229925231095,19.001069585265345],[-88.62964481458364,19.048814878844674],[-88.61085673378612,19.0965285942657],[-88.59646759456712,19.14420811727219],[-88.58676774118085,19.191852390744103],[-88.58150888779691,19.25889652283426],[-88.57618553892996,19.329773456062465],[-88.5751559854156,19.38148363547799],[-88.57787710731309,19.429411092798354],[-88.58323303462504,19.47753027352284],[-88.59034894214548,19.525776576924635],[-88.59831958718935,19.574083403591597],[-88.60627172630986,19.62238680067067],[-88.61342368501136,19.67062981349099],[-88.61913814047662,19.718766266606195],[-88.62229456541395,19.77404605038575],[-88.61962824254435,19.84831815297261],[-88.61190751133267,19.914881971865498],[-88.60535061682731,19.96209143173286],[-88.59734253344352,20.009078730444497],[-88.58849369232222,20.05593716038199],[-88.57954788262587,20.102780330708423],[-88.5713284818364,20.14973397207453],[-88.56467878650537,20.196926803791964],[-88.56040041728065,20.244481064108985],[-88.55919390145772,20.292503342264762],[-88.55854255792828,20.357169525088718],[-88.5562937896464,20.43316566063322],[-88.55966735209188,20.494141626166194],[-88.56965645033331,20.54547983043697],[-88.58317270210794,20.597630398475893],[-88.5996253216616,20.65045457818389],[-88.6182278864981,20.703768731317332],[-88.63804152887549,20.75735466398893],[-88.65802834710476,20.81097223507823],[-88.6771116324045,20.864373398760684],[-88.69423904723276,20.917316756501606],[-88.70094031897818,20.996063151822188],[-88.69671471001998,21.0834620499548],[-88.6953115800121,21.14337144519175],[-88.69247600408362,21.192616714650832],[-88.6848129654826,21.240372690007476],[-88.67242151531838,21.28667098417894],[-88.65564076436952,21.331616655401078],[-88.6350249842319,21.375380610767706],[-88.61130529117823,21.418187971919046],[-88.58534046563312,21.46030313467647],[-88.55806016902476,21.50201246796958],[-88.5226239918063,21.56443968470496],[-88.47981041914619,21.63824552949403],[-88.44512051411394,21.691027180932878],[-88.41784036434385,21.73201341540538],[-88.39285361716033,21.773889520833787],[-88.37037146350528,21.816737746604172],[-88.35038443495903,21.86055467293092],[-88.33266826928704,21.9052534518499],[-88.31680438424918,21.950671779942382],[-88.30221357554606,21.99658504479482],[-88.28820068800796,22.042723737032574],[-88.27171293179688,22.093808431736434],[-88.24130601877805,22.16973298756904],[-88.20796937870342,22.238648524423684],[-88.1856127442174,22.28150401848456],[-88.16062224243365,22.323135563722463],[-88.13274534584635,22.36342524100172],[-88.1019392125538,22.402352502525957],[-88.06838073529222,22.439998915600945],[-88.03246184119,22.476546131139763],[-87.99477028427619,22.51226716353726],[-87.95605714309455,22.547511496937307],[-87.9171931219263,22.58268493338354],[-87.87460807343501,22.62631345943776],[-87.82315711248107,22.686247752396387],[-87.77679207348288,22.737797465733408],[-87.74381009061094,22.775090260832613],[-87.71476346257575,22.81453193585786],[-87.69008683887765,22.85636046584926],[-87.6700006850807,22.900696435411902],[-87.65449715423287,22.947535194911815],[-87.64334011801431,22.99674691294166],[-87.63607936430095,23.048084525506994],[-87.63207806562951,23.10119905117558],[-87.6305517743231,23.155661248770674],[-87.62986047653308,23.21215576981211],[-87.61338171336322,23.293215416245147],[-87.59315934678975,23.372452469305088],[-87.58889716672387,23.42725550644549],[-87.58285519857793,23.480953657331163],[-87.57447844530361,23.53320371708012],[-87.56339566661552,23.58377677193084],[-87.54943740575187,23.632569077333002],[-87.53264043470953,23.67960458571856],[-87.51323837071654,23.72502900543119],[-87.49163914644011,23.76909581688083],[-87.46839089870345,23.812145190207016],[-87.44413861297637,23.854577209368347],[-87.41641074102213,23.901054366984145],[-87.38032557279593,23.958385143543453],[-87.34723893801497,24.0115564506133],[-87.32408751321239,24.054984775432246],[-87.30280041738861,24.099654117717897],[-87.283574462559,24.145694610430297],[-87.26641520089281,24.19310950738878],[-87.25113165590379,24.241771762601157],[-87.23734445625556,24.291429565121952],[-87.22450690142647,24.341720486603432],[-87.21193764719266,24.392193320254],[-87.19886293538357,24.442336176340344],[-87.18446565457805,24.491608985808202],[-87.1655841785647,24.54241024050451],[-87.13257945643807,24.604585650954217],[-87.09710240306957,24.6608613889854],[-87.06887139971535,24.70115146807313],[-87.03645383541134,24.738505463776413],[-86.99977153187632,24.772866982062514],[-86.95896022801027,24.80432922888006],[-86.9143643035563,24.83313157330209],[-86.86651825410821,24.85964695964799],[-86.81611612461113,24.884360939152586],[-86.76397090977004,24.907843630927477],[-86.71096658779162,24.93071638263975],[-86.65800592472944,24.953615253519178],[-86.60595744187874,24.977153661342737],[-86.54710050893945,25.011656203302685],[-86.4867862189425,25.050271697573493],[-86.43763771099216,25.080939160796355],[-86.39467362273105,25.110482260621495],[-86.35487153753289,25.142398242251595],[-86.31812633127575,25.176610614501413],[-86.28414788215733,25.21290364059981],[-86.25248615549643,25.25094110459658],[-86.22256646086736,25.290292815822436],[-86.19373254937695,25.330467048656143],[-86.16529470486059,25.37094672775668],[-86.13657964627471,25.41122693104099],[-86.10697892521544,25.45085120778068],[-86.07599258616465,25.489444299507134],[-86.03276272148445,25.537986128609774],[-85.9856839291974,25.584996279427653],[-85.9473053008636,25.619334130006102],[-85.90801142730461,25.651519217388177],[-85.86736500933912,25.682638562075155],[-85.82586373156411,25.713085735320558],[-85.7841183577406,25.743344507857156],[-85.74281105950382,25.773955998535747],[-85.70264847766369,25.80548150513398],[-85.66431263464581,25.838463465879176],[-85.62841294377854,25.87338713939025],[-85.59544247482414,25.91064555961817],[-85.56574134653937,25.950510120151733],[-85.5394696492761,25.99310878007669],[-85.5082563315317,26.046802655357233],[-85.47640116575273,26.105209792330196],[-85.45531493547998,26.15742356683453],[-85.43901708638474,26.20878308048885],[-85.42409767623828,26.261302922287943],[-85.40975084734454,26.31430966435807],[-85.39512422323403,26.367091699005226],[-85.37936840762659,26.418940606282863],[-85.36168648561352,26.469192330512122],[-85.3413803230776,26.51726552156128],[-85.3178906443728,26.562694591399246],[-85.29082825941794,26.605155387268734],[-85.25999438769414,26.64448186526889],[-85.22538875088122,26.68067273049702],[-85.1844025179101,26.716561777151473],[-85.12984016569395,26.75912260781027],[-85.0747189403632,26.79593205108881],[-85.02786852912995,26.821527524094712],[-84.97968722775181,26.845959606846684],[-84.9308749863617,26.869840684050263],[-84.88210283764435,26.893759001984936],[-84.83396812489039,26.918239321178508],[-84.78695527636829,26.943708240911164],[-84.74140467105443,26.97046649277088],[-84.69749159665474,26.998670040903498],[-84.65521663649453,27.02832124136762],[-84.61440807907239,27.05927064140581],[-84.57473616743818,27.091229287460376],[-84.53573824060489,27.12379070753045],[-84.49354870194955,27.159424461388923],[-84.4423042106439,27.201688911888887],[-84.392611868461,27.239348742274654],[-84.34959755492021,27.268210432499714],[-84.30438895341499,27.29505424304828],[-84.25660047274725,27.319521265636215],[-84.20599526952046,27.3413889464669],[-84.15250702918618,27.360591447689337],[-84.09625054382435,27.3772298540262],[-84.03752032109784,27.391571495238153],[-83.97677726974055,27.404038359700408],[-83.9146243136159,27.415185282428173],[-83.85177252971451,27.425669258211027],[-83.78900003237514,27.436211814799982],[-83.72710629411483,27.447556844272345],[-83.66686487413742,27.460426601352257],[-83.6007347123682,27.482382686896337],[-83.5367400723989,27.506236100272254],[-83.48436072666325,27.526440206991833],[-83.43586595196983,27.549867592022913],[-83.39101919168118,27.576856329934124],[-83.34971355641933,27.60730705084296],[-83.3116651313606,27.640946631580313],[-83.27643265423416,27.6773472950752],[-83.24344686002601,27.715955328105352],[-83.21204761214703,27.75612751123156],[-83.18152643562561,27.797172852754894],[-83.15117170772918,27.83839687904189],[-83.12031357205882,27.87914557764149],[-83.08836564139364,27.918846125526443],[-83.05486074869336,27.957041757928717],[-83.01743351347812,27.995050265455298],[-82.97120480281697,28.036080859228036],[-82.9244040400194,28.072923411004425],[-82.88242128590647,28.10282705071486],[-82.8389558539327,28.131231154388193],[-82.79444433883867,28.15857908195387],[-82.74940725717296,28.185400521653285],[-82.70440919059256,28.21227109831393],[-82.66001598095227,28.23976879762989],[-82.61675185730972,28.268430123117056],[-82.57505935922741,28.298708929045052],[-82.53526471894443,28.330940704323005],[-82.49755099543646,28.3653147283343],[-82.46194074334942,28.401856002309874],[-82.42828938290792,28.440418212962765],[-82.39628975090706,28.480688252231708],[-82.3605670578373,28.525904328989206],[-82.32071116867286,28.574539256221673],[-82.2852966562688,28.61920268723024],[-82.25336065088409,28.660030035727765],[-82.21999158442296,28.69934749957892],[-82.18453244338792,28.73645280720751],[-82.14640814724375,28.770730219141054],[-82.10516240302594,28.801689647964896],[-82.06048730555469,28.82899814557836],[-82.01224369033923,28.852501711119558],[-81.9604708603788,28.872235997763692],[-81.90538502400575,28.888425211766098],[-81.84736654618696,28.901469257481036],[-81.78693687300371,28.91191993994037],[-81.72472668184376,28.92044774423952],[-81.66143738787639,28.927801323395595],[-81.5905267105363,28.93991186140887],[-81.51877099412827,28.952039423592584],[-81.45531444368059,28.960033568629235],[-81.39441237041049,28.96905091076843],[-81.33547219595216,28.980265156871944],[-81.27876866336092,28.99399159577749],[-81.22441777662898,29.01036709425994],[-81.1723749401388,29.029347212641042],[-81.12244363111832,29.050715359331054],[-81.0742939827978,29.074103325098108],[-81.02749002486979,29.099021783834655],[-80.98152377140762,29.124898688158307],[-80.9358538986653,29.151122969292278],[-80.8899464459842,29.1770906052671],[-80.84331482583646,29.20224997135732],[-80.79407848624041,29.22713841976224],[-80.7381786810073,29.253630528930547],[-80.6818055155338,29.27661149423778],[-80.62907270243817,29.294432145490692],[-80.5749688624089,29.310629798896123],[-80.51978685003272,29.325548484694732],[-80.46394425564688,29.339681377674143],[-80.407957281227,29.353640421367533],[-80.35240766787439,29.36811750252242],[-80.2979048774407,29.383839700973464],[-80.24504603077794,29.40152154113801],[-80.1943762340129,29.421817382064855],[-80.14635187928936,29.44527708781392],[-80.10130929658087,29.47230791688074],[-80.05944077712485,29.503145170352553],[-80.02077951265511,29.5378335689646],[-79.98199879517762,29.57824053656157],[-79.9430250721893,29.623122308863348],[-79.90912678651759,29.668621412662333],[-79.87937898635127,29.71485767733853],[-79.85075120191354,29.762522430999507],[-79.8225691710929,29.81077398435126],[-79.7941483791839,29.858757495173098],[-79.764834004636,29.90565489018631],[-79.73403890525451,29.950732225499827],[-79.7012771728954,29.993381444193844],[-79.66619105892136,30.033153861192748],[-79.62856950231972,30.0697832492355],[-79.58835705060248,30.103197079597177],[-79.54565261183309,30.13351524319271],[-79.50069816705138,30.16103639230971],[-79.45385825432845,30.18621284848041],[-79.39813748521625,30.21403823879383],[-79.34051095132834,30.2401112875887],[-79.29000216840737,30.26131868377157],[-79.24010600137004,30.282476327438047],[-79.19082110310679,30.304449121888233],[-79.14252119367995,30.32773031297513],[-79.09547020632513,30.352669866033892],[-79.04980400020595,30.37944981500844],[-79.00552095261179,30.408071285215144],[-78.9624820299104,30.438354060999657],[-78.92042032676588,30.46994873532606],[-78.87895945450376,30.502360641361374],[-78.83763958687638,30.534983982532403],[-78.79594946864634,30.567143899676196],[-78.75336229093993,30.598143686664788],[-78.70688752405708,30.6287120420998],[-78.65257547593522,30.659801603840364],[-78.59815400083127,30.685957612006],[-78.54718832905634,30.70569149212521],[-78.49376289588474,30.722024259460436],[-78.43792630384081,30.73501498260478],[-78.37987242212454,30.74492418101655],[-78.31993196785953,30.75220318965005],[-78.25855515560333,30.75747116952726],[-78.19628656148352,30.761481194727768],[-78.13373386469735,30.765077562404986],[-78.07153252359743,30.769147050940738],[-78.01030869166738,30.77456725385448],[-77.95064276835564,30.782155316228728],[-77.89303591114901,30.792620381865827],[-77.83788161928004,30.8065228230899],[-77.78163910638204,30.826243068074],[-77.72585897288657,30.850406753993678],[-77.676437578952,30.8763013037648],[-77.6316066932579,30.904952151863146],[-77.58904393145409,30.936975196598745],[-77.54835861678745,30.97179957800985],[-77.5090836224926,31.00873991071301],[-77.47070709730691,31.04704317676078],[-77.43270670255173,31.085939406871113],[-77.39458412689072,31.124692805043964],[-77.35589761230601,31.162649951381294],[-77.31629034181718,31.199281918611174],[-77.27551280325048,31.234217545388642],[-77.23343763992676,31.267265696625678],[-77.19006600321835,31.29842506924091],[-77.14552499847254,31.327880923348463],[-77.08382704283201,31.363847885210927],[-77.01979528192732,31.39703342608929],[-76.97200048785307,31.422386540112303],[-76.92466149784163,31.448070327419998],[-76.87798073893894,31.47487051922764],[-76.83234884329039,31.50343582248575],[-76.78810071888405,31.534324441156784],[-76.74548952207063,31.567960442234675],[-76.70466593046714,31.60459876510531],[-76.66566408041463,31.644301249190722],[-76.62839510349227,31.68692533135701],[-76.59264871286886,31.732126230783994],[-76.55810278036371,31.77937255018605],[-76.52434033755755,31.827974337469296],[-76.49087295774095,31.877121829828653],[-76.43457514100811,31.935599604183246],[-76.37273839284403,31.991933589108463],[-76.3323376253998,32.03673523484696],[-76.29243935767026,32.07774858286081],[-76.25058009235295,32.11513017648033],[-76.20650277309403,32.148388417746126],[-76.16006027166847,32.17723655716014],[-76.1112237293882,32.20160900454694],[-76.06008339759866,32.2216638119109],[-76.00684193583254,32.237771177974366],[-75.95180063975798,32.25048873348912],[-75.8953395484176,32.26052522666808],[-75.8378927859658,32.268694983021476],[-75.7799207987433,32.27586611403933],[-75.70986885243589,32.287434877789266],[-75.62295135930565,32.304540184346294],[-75.548430363007,32.316955088201446],[-75.4919146573748,32.325576515659684],[-75.43647294095341,32.3365803541559],[-75.38218509942205,32.350153305714066],[-75.32903622155212,32.3662723177352],[-75.27692067249694,32.384712289721804],[-75.22565220466153,32.405067390984335],[-75.17497941423497,32.42678452510495],[-75.12460550815476,32.44920667569508],[-75.07421106521345,32.471623216338465],[-75.02347827463105,32.493323808371706],[-74.9721150305814,32.51365227343289],[-74.9060024386952,32.53647990688706],[-74.8204553691272,32.560998287360135],[-74.7472510135389,32.57699552141094],[-74.6910491939799,32.58534970762696],[-74.63394366782462,32.591273009521174],[-74.5760864393336,32.59516450149509],[-74.51769714442734,32.59760909872289],[-74.45904998834982,32.599343836196276],[-74.40045692231597,32.60121354614684],[-74.34224818120433,32.604118801683704],[-74.28475146909852,32.60895950956886],[-74.22827115555508,32.61657782820607],[-74.17306883100886,32.62770413880362],[-74.11934646906738,32.64290960482231],[-74.03715421314492,32.67018109986433],[-73.95341498884476,32.69922501092225],[-73.90122147532406,32.725854265422065],[-73.851667406811,32.75645615108775],[-73.80315273471498,32.79079997936495],[-73.75546532660984,32.82816292398658],[-73.70835380081614,32.86767907075811],[-73.66154253185644,32.90839114667073],[-73.61474807370466,32.94930770417924],[-73.56769594470877,32.98946206164758],[-73.5201366901905,33.02796918899865],[-73.47186018203557,33.064076865207625],[-73.42270722817906,33.09720781269094],[-73.3306508453437,33.1351161174047],[-73.23185410659737,33.16656430812415],[-73.17437034258008,33.18720478510681],[-73.11998312663472,33.20409258110014],[-73.06503731259919,33.21827653773836],[-73.00966247814394,33.230382618680835],[-72.95400655165375,33.24113657692118],[-72.898224614908,33.25130907025303],[-72.84246740125535,33.2616581850368],[-72.78687025901127,33.27287321139103],[-72.73154331024433,33.285523425616006],[-72.6765634487923,33.3000153011948],[-72.60725830389175,33.31865506647572],[-72.50022462229146,33.34287383329525],[-72.40706296975934,33.36400615497226],[-72.35183351777002,33.38282251334489],[-72.29667201945757,33.40246336930534],[-72.2414949479674,33.4221817730573],[-72.18621046892063,33.441137482548456],[-72.13072476176136,33.45845250615556],[-72.07494848157619,33.473269917376534],[-72.01880292971387,33.48481206599464],[-71.96222552590486,33.49243434033709],[-71.90517422590382,33.495670918576316],[-71.84763060287763,33.494269465389415],[-71.73061751540486,33.49230657776931],[-71.61379405673239,33.48077960337444],[-71.55601738347976,33.46287724851633],[-71.49853138068961,33.44164303941049],[-71.44102706805666,33.41792621417513],[-71.38352416610337,33.3926924364963],[-71.32604129646961,33.36697595488492],[-71.26859492150632,33.34181935783837],[-71.21119845132819,33.318212930625556],[-71.15386157323093,33.29703751817794],[-71.09658984666837,33.279014565700734],[-71.03938459118123,33.264666536037964],[-70.98224307475377,33.25429022181432],[-70.92515898701096,33.24794462568565],[-70.86812315744486,33.24545412893167],[-70.8111244562845,33.2464266693545],[-70.7541507978316,33.25028566919102],[-70.69719015593063,33.25631355646914],[-70.64023150066947,33.26370396755961],[-70.58326557497352,33.271619154089805],[-70.52810063830016,33.27900572748471],[-70.50106255272166,33.67163326316961],[-70.76652995318703,34.502120654032446],[-70.76903391326518,34.997187069556226],[-70.28583687906318,35.6102556440181],[-69.87093128140945,36.27523105070163],[-69.06873423486361,37.05044409851566],[-68.69053051100393,37.71776980502604],[-67.78622585061912,38.65787300151882],[-66.93075357693122,39.30862536772018],[-66.5156026964469,39.47021191455327],[-66.25448414342209,39.9668298727326],[-65.49983993462375,40.81222915114575],[-64.76983989908244,41.05750832126293],[-63.63548244500256,41.85197742980065],[-62.62842565364104,42.09649754514264],[-61.90866966151501,42.14551200876432],[-61.92636135763186,41.818311927213266],[-61.52252706083134,41.81265437193075],[-61.29397192867288,41.52240475090789],[-60.86268285126731,41.39931774254638],[-60.154614447249436,41.53536193653676],[-59.61867288139824,41.470779087938105],[-58.83992699379139,41.57358839285023],[-57.192614120874964,41.93924859648806],[-55.72572284772728,42.45961954774412],[-54.70542086530567,42.5942333262058],[-53.7396703989987,43.110829065935484],[-53.338628329137755,43.14862358960487],[-52.67293728492419,42.74464261037118],[-52.10198396330036,43.040151195221114],[-51.1725566421496,43.271631471156475],[-50.18929582821343,43.12320336511911],[-49.766329675887334,43.49452066777511],[-48.78041965616289,43.66571166518786],[-47.90929072501285,43.76109418602676],[-47.515456277470854,43.62714201601081],[-46.29005865960351,43.61073209772497],[-45.17824723547992,43.43763115661398],[-44.75309458849892,43.20941830666239],[-43.81837836597883,43.48613335126005],[-43.63737916765823,43.74235868791104],[-42.93031397277498,43.970368158171176],[-43.27082202086501,44.32240133448714],[-43.92945739112749,44.492361828272514],[-44.85600808753102,44.862383030518046],[-45.572781948467835,44.85544044348397],[-46.886670596739826,44.7047764581578],[-47.27495600259157,44.71297028179681],[-47.46112026960234,44.63987028073599],[-47.95596096389584,44.72743574828054],[-48.056856350586095,44.58786664708015],[-48.95869956326659,44.77821610676309],[-49.46131331540648,44.680316880505394],[-50.02531535108911,44.698882695143354],[-51.03769251536992,44.468508971961015],[-52.382288997791356,44.658778226608476],[-53.10274907916837,44.62902890724897],[-53.84997416301522,44.62206920590819],[-54.54369903016477,44.81616576939236],[-54.860287550128994,44.437285114675085],[-55.65583491690174,44.30606454807306],[-56.417476457903774,44.19524078775248],[-56.63125107401014,44.29047359952278],[-56.872589693221784,44.79588119943158],[-56.769922354328784,44.94210863399699],[-55.847199314293924,44.902522800123805],[-54.74949692112444,45.18980519717194],[-53.710157357346574,45.55431289084755],[-53.076487715215414,45.84560287089581],[-52.17820734253612,45.4685590924248],[-51.40995703748415,45.32291504635059],[-50.72307342446989,45.53899125795258],[-49.723810829416685,45.838862856294355],[-49.79388403027994,46.00658741869307],[-49.30434860854614,46.06221829448231],[-48.58530113465589,46.39850962769187],[-47.464463108205884,46.51953630370407],[-47.42506174893395,46.423938936961186],[-47.7840888460309,46.15103551132716],[-47.592511897209185,45.67221111901901],[-47.080350884419765,45.39696129570633],[-45.69885514224704,45.553535055902046],[-44.95285213440907,45.81100978833567],[-43.95957853637334,45.700904364918316],[-42.93597161979361,45.561050682773356],[-41.69052046055065,45.38009698716691],[-40.39179009002214,45.078222964599526],[-39.71027645622311,44.85759319520477],[-38.59681774778724,44.8902169298023],[-38.10475894904982,45.10006478322733],[-37.717811942819694,44.97424612848451],[-37.21820057054619,45.28147296532498],[-36.64993378131589,45.31070609022361],[-35.78504793094904,45.79083206031504],[-35.40813194429223,45.825016800457426],[-34.75656082585417,45.50356160310526],[-32.95784993949674,45.31270262822747],[-30.95023861901999,44.71065990248182],[-30.769421622853965,44.516053362136226],[-30.098216889827885,44.48645238626443],[-28.703622910196437,44.21389301490436],[-27.89251595305195,43.635161119880145],[-26.989533207339733,43.44455518267345],[-26.498885256071674,42.679043873663986],[-25.787021130589945,42.00131592215091],[-24.933871302354493,41.513542225170106],[-24.525310368790127,40.57858093725855],[-23.36381435839946,38.9887157250887],[-22.27191487308394,37.9477449909459],[-21.452346729976718,37.35030819633914],[-20.931389503929644,37.06487192502854],[-20.885507647121393,36.85690824781026],[-22.122783657516436,36.6103989256123],[-23.16536148540299,37.18055953877183],[-23.145361083501964,36.868116271266665],[-22.44744647159676,36.26004189111889],[-21.643536015908044,35.71244362728737],[-21.552012743489385,35.759702711091464],[-19.59589849921174,35.61406106202549],[-18.840880662805432,35.47868591136204],[-17.359950392522723,35.68039910294706],[-16.476712898062043,35.05886565407298],[-16.229658451114783,34.47296767152434],[-15.15483530012136,34.437637310342566],[-14.622859480647575,33.754271230983264],[-13.484730649090816,33.38655661650858],[-13.226335730930918,32.9190855572946],[-12.705924160510873,32.69617110346578],[-12.011803263970554,32.58923638343547],[-11.463040775568402,31.83409504155781],[-10.35710264829456,31.319006765745396],[-9.68150638862548,30.519797617891857],[-9.09877041825841,30.61505358770451],[-8.156454943853557,30.829980551167075],[-7.3787109384950655,30.710241252228244],[-5.907265922510798,29.937949672168358],[-5.317246631209977,29.845578630180203],[-4.252808383668407,29.639430319011357],[-3.4772474062138765,29.817126768764698],[-2.3059437610612448,29.459282890809988],[-1.6060246047310958,29.07484164448372],[-0.9973102710829829,29.31144848021814],[-1.1449267164252703,30.001923039252713],[-0.8278576141391586,30.075367508145696],[-0.15903339292482202,30.29393373234692],[0.36014058606810084,30.629802331938954],[1.0246546842816653,30.828767767861383],[1.0842480092884492,30.237287618204185],[0.790135760495335,29.26438782911349],[0.1920345314361179,28.965727210432803],[0.3402468626485178,28.713670952975352],[1.0623777289617085,29.255126898854034],[1.4840537204325925,29.90489477164989],[2.3782818378457105,30.566258859010247],[1.9840138824978262,31.078374982716483],[2.6254965030407833,31.756480832084666],[3.3430520481184742,32.11710111716551],[4.016036757123631,32.35568978320238],[4.243743917276267,32.77672538087761],[5.346499748007279,33.156683363541646],[5.650679497747975,33.58897388191359],[6.52456385432414,33.88462921830559],[6.961757858941269,33.728745218392625],[7.657065540598267,33.88186904206947],[8.434850349558786,34.06985104011762],[9.09975587397237,34.26558297513453],[10.352531472755848,34.24886405112312],[10.394107171190646,34.060910725887766],[9.500450618943237,33.80415232529122],[8.752301054065672,33.66287543482414],[7.886899522898976,33.28831951906404],[7.047022868795041,33.339592084309096],[6.622219687893935,32.99778935591795],[5.596679757756569,32.55797861236456],[5.413334899788981,32.382351043713754],[4.879995392131507,32.10029123599228],[4.634401336880491,31.365728293764494],[4.226293098245729,30.82096378357985],[4.969421339564378,31.027890436979085],[5.1279435645660305,30.8299969681853],[5.527210401551196,31.13750113747433],[5.8032295458786125,30.57505929366638],[6.045742590875658,30.898885936387988],[6.147186334584599,30.37134418362398],[6.834086892699492,30.648881880334955],[7.194334048069031,30.573151293499524],[7.078160606130217,29.98477276325763],[6.874222853109247,29.650548675735266],[7.135770337084126,29.226685342224012],[7.914584122209197,29.2413465971643],[8.226083161523013,28.672369384147586],[8.513285563246255,28.343431483489635],[8.323032749996452,27.802468550358856],[8.573550573063676,27.283455326996062],[8.179243595072977,26.792850446658008],[7.590740234193864,26.371556469062657],[7.254977190682919,25.92532442450853],[6.842240133243252,25.95437719504503],[6.554816060736242,26.188960590364676],[6.032822889926332,25.80959318594328],[5.704186532549455,25.967544592033995],[5.262583502631174,25.737353261494846],[5.245146657842825,25.2736267497419],[5.464074247250967,25.045622544484452],[5.031358572177474,24.73638520357622],[5.315553570844637,24.692156853025168],[5.856892889693988,24.800937028411116],[6.056136931429701,24.9836457203886],[6.3580604845774795,24.6850170988009],[7.036318183051118,24.627873464842665],[7.617683824825763,24.21226355908033],[7.664863790795705,23.77449103158255],[8.000489116633814,23.05281142492452],[7.263150031671418,22.843892980271523],[6.180163003810811,22.6377014041687],[5.838459293177441,22.723773523507237],[6.035478677611576,23.192304517536286],[5.121552669461014,23.359824321712086],[5.312045358433546,22.68283494282976],[5.716554357612821,22.195204860167316],[5.860040728942473,21.641189834381173],[6.1070642863370175,21.131148918183435],[6.528514494439232,20.67811874086145],[6.15151672704136,20.24030866824623],[5.488396948525165,20.389105520077894],[4.901803614830018,20.062769494674093],[4.691939372458363,19.609917469453844],[4.21796864818008,19.22655499590529],[3.854103765253101,19.1832738774109],[3.115512172132668,18.86194794713513],[2.811948146219354,18.975670897029545],[2.2140898269989164,18.514782436884282],[1.72758924752881,18.775653575571717],[1.519795522630761,19.245881242348453],[1.3499680341775748,19.06395945226788],[0.7680739278706294,19.1551066811433],[0.7991347780185517,19.384069429884686],[0.26305133445339063,19.568186538328696],[-0.09899760662102239,19.46966774533062],[-0.8582951687388459,19.768009137307807],[-1.5566334637198007,19.821303766525634],[-1.8469050753648022,19.927950840794978],[-2.30788009604627,19.718211372874237],[-2.896851430977612,19.9473030532237],[-3.3148204024090817,20.026537976180418],[-4.042773994342937,20.143726027959918],[-4.734582146627358,20.493015435087777],[-5.14643116162654,20.49256842627286],[-5.354870899831018,20.009132594479315],[-5.69767327923922,19.59212240410799],[-6.261675350332024,19.554005374073746],[-6.631024559372926,18.97028809693929],[-7.090551018222643,18.541351685643363],[-7.48318759285011,18.83915400149762],[-7.638914195754055,18.52517449883918],[-7.518487519289513,18.062064960299605],[-7.786465858902884,18.067819492797984],[-8.736954480539374,18.639284016030093],[-8.85398391880103,17.828129906487657],[-9.26145422682258,18.48237286986238],[-9.581806109706744,18.13623884242465],[-9.555583053865032,17.817360440936238],[-9.967176600156987,17.662187698197602],[-10.674037334096557,17.748545277439767],[-11.615298074778194,17.60381921103387],[-12.142719887234026,17.459746905749856],[-12.401593637476081,17.199541702967423],[-13.132423539542248,17.30432863755914],[-13.012666512994274,18.01659738532132],[-13.718334102560938,17.76835107886151],[-14.459281438588228,17.020908130548236],[-14.58716507562563,16.676822058854828],[-15.322762700624532,16.841653927382136],[-15.267946437775866,16.190077521484234],[-14.676172569151078,16.147752304040328],[-14.60934210649689,15.736544109120498],[-14.903653946784026,15.39357604825562],[-15.040513604680992,15.116736918464463],[-15.42936836024159,15.069662720695954],[-16.103892650244596,15.16521079114692],[-16.32917644788178,14.800308171531698],[-17.12916348054264,14.5826225628761],[-17.378859700045524,14.023301954645778],[-17.740538943590295,13.597642213782308],[-17.199503802445,13.262789809177782],[-17.251898287207993,12.89646867143782],[-17.871672645552025,12.623015321462898],[-18.674526927416025,13.154420917863217],[-18.13202566900541,12.510954256811727],[-18.322888331001288,12.273976921589885],[-17.54797598336803,11.593616805475904],[-16.8103195934669,11.574068141124794],[-16.238737070929062,11.678917705106292],[-15.329350456931358,11.025651409808804],[-14.934917404454017,10.307273401383352],[-15.29992743964135,10.051112891003717],[-15.852424019635741,10.013364203244182],[-17.06918263249403,10.204593965962694],[-17.34364757403009,10.715484217646118],[-17.850298305180143,10.253930194489847],[-18.760431102354577,10.748762346238335],[-18.28974725332108,9.953926766406187],[-19.069851493275173,9.863066880668994],[-19.694360706811647,10.292192322460656],[-20.475366787786246,10.255864101270392],[-19.981990587651588,9.588790211288218],[-19.297561266859166,8.988058022463356],[-18.291773915699586,8.522307626182416],[-18.55980755832516,8.103594570655826],[-18.891636857149685,7.684256160090143],[-19.528008618501758,7.417828866784692],[-20.006106450562736,7.566790551745613],[-20.415680259167,8.007991767540949],[-21.015442188856788,7.9429933308234455],[-21.460831683808614,8.153919532260918],[-21.845955980840618,9.123766728887853],[-21.776751948428384,9.698974573278928],[-21.32974251670142,9.95941805912451],[-21.746144864981137,10.273003092564302],[-22.35938798372984,10.984166862243018],[-22.710508474437155,11.280518147782876],[-23.113584986310503,12.023676342420458],[-22.886557423712226,12.612865100878887],[-23.10427365999766,13.117556986831834],[-23.679760260847505,13.448666579028355],[-23.53298322123922,13.974274431540223],[-23.973315770862282,14.866159509196246],[-24.709298431471506,15.882397232450993],[-25.312318034535277,16.450343629927165],[-26.33931513616643,17.06886738630595],[-26.88649906663419,16.49385719483032],[-27.861265623500504,16.73952343502756],[-28.68362411166916,16.877324446959754],[-28.863734263222998,16.11297888920992],[-29.725960313643455,15.392352119299298],[-30.320030659172613,15.049346389871186],[-30.932980735752892,14.87372946077966],[-31.474765816570898,14.330316347124251],[-32.105579753108515,13.926546585293508],[-32.496347375742474,13.064113760751312],[-32.79778380930826,12.50888422791731],[-33.608563513515634,12.873959250209962],[-34.64706609716891,13.014835562608123],[-35.877986425713864,12.935515222497118],[-37.07906699583664,12.32029396135523],[-36.88966598833689,11.770242640250652],[-35.96501649932318,11.181363099408141],[-34.32865827632939,11.064471045046497],[-33.69744414334293,11.313604166356818],[-33.492683864772154,10.300453227715737],[-32.969739744487235,9.501560868397643],[-32.36112711230812,9.032726339744801],[-31.693612753262737,8.914347035710067],[-30.769003834872077,9.054532709580299],[-29.862825155402028,9.467905616891185],[-29.0038934378481,8.606979601099075],[-28.06331277494456,8.575409717447597],[-26.5006452284192,8.300993701379673],[-26.36528706913233,7.92803488170607],[-26.834605064537893,7.229663748639777],[-27.042705519123295,6.786669228784275],[-26.86963071634444,6.353504057346013],[-27.2928648695256,5.999255147102364],[-27.975377896153113,5.537403254102802],[-28.385064049184944,5.462556226464924],[-28.5982794782098,4.623883925386793],[-29.430145344359588,4.760991408560045],[-30.709687986574227,4.774132362364551],[-30.927439051883972,4.326768974894063],[-31.559017052867933,4.021061693576089],[-31.083824631576395,3.2111253312621875],[-30.025005021225596,2.6300789032701117],[-29.585443858226228,2.266624602425909],[-30.501997022937523,1.9332486185647015],[-31.808395922455887,1.3195613886628847],[-33.02469292843934,0.7611905414633807],[-33.64749799614789,0.9967896303008229],[-34.22359651546303,0.26350293232416006],[-34.795140817909875,-0.24561962946983024],[-35.03767937945875,-1.162851381700688],[-35.34417292790296,-1.5434550438460293],[-36.180684713415616,-1.809379933079462],[-36.29096031117266,-2.2761941602172393],[-36.65412514415489,-2.5364094441172647],[-37.77443534912006,-2.6473496420355738],[-38.174589201607,-2.221138613068721],[-38.54519488240397,-1.7912431214845836],[-38.92932579121842,-0.7699516874315582],[-39.75707538283852,0.021156458646383724],[-39.90673439075276,1.1059361790685158],[-39.64489974700195,2.4665888607939315],[-39.57822115806883,3.423050284829686],[-39.59515530096158,4.088539084354448],[-40.26241143228411,4.691275940060707],[-40.617720732222665,5.564366180158622],[-41.8229640186042,6.674609383932898],[-42.638291641817936,7.573030153008281],[-42.5539435646882,6.975770148561278],[-41.374558748461105,5.742019320397947],[-40.68117555593952,4.281925015093136],[-40.656644135467744,3.299174140712666],[-41.182190151336336,2.7491817622117507],[-41.815425988484925,3.4156983455113576],[-42.90656598723538,3.2709588342429297],[-43.67420803572458,3.091527350884512],[-44.21698097962222,2.214136040121845],[-44.106002351874274,1.0585108135013697],[-42.99095796599442,0.3533074128266413],[-43.716407911396544,0.3100318276150215],[-44.07935920774739,-0.13718645049731534],[-44.729962613507716,0.7318131896357003],[-45.28346869993855,2.3140101134090085],[-45.65576232406735,3.0396752997980725],[-46.32912936900788,3.8853424355149833],[-46.217535046246304,4.4289993355656625],[-45.3689533407525,4.393285678083955],[-44.62235153500996,3.1117241506314377],[-44.58199699032297,4.237747513801136],[-44.63964161483804,5.028209988501834],[-44.97813994022159,4.934986530610089],[-45.39228152472879,5.737078930628286],[-45.66039480531198,6.506241178524689],[-45.867387248422425,7.297304855723111],[-46.4692755374327,7.793091548633944],[-46.622413901759984,7.904889153704934],[-47.152371718415246,7.980309628015473],[-47.714149345304804,7.803572274540517],[-47.776703632719645,7.499424776815699],[-47.40180823251241,7.533628053223806],[-47.65075410298441,7.338411713470532],[-47.930055463686394,7.430868189659225],[-48.03132080655218,7.951724177270288],[-47.965966015447655,8.306187838907874],[-48.06598696975924,8.879257423061912],[-48.069896211227515,9.209867073024654],[-48.05488113362037,9.649562732579952],[-48.24758131259064,10.314962626531893],[-48.22670276982969,9.191160867418764],[-48.44815314264689,8.996250858338028],[-48.593280924069624,10.088567322262211],[-48.518460964699614,10.56644434579062],[-48.39907366226659,10.52457933278683],[-48.63944449880613,10.797398639817036],[-48.72216761775491,10.583735556395448],[-49.41718937546844,10.861343614863115],[-50.09845390375928,11.541591521434285],[-49.8300396432864,11.555934194582866],[-49.74850789108824,11.71490052421496],[-49.45239610179875,11.921805643721711],[-50.022711245605244,11.855574065587547],[-50.23435035384215,11.704106998742889],[-50.617807247741574,11.74593251582469],[-50.966726590638636,12.058890406800455],[-51.69555045516852,12.632977412295634],[-51.64267894485458,12.697567284887906],[-50.998914885356406,12.339870035288081],[-50.54175566647642,12.669011865794468],[-49.68734915295216,12.609480473721028],[-50.095134575057365,12.83576118832691],[-50.76599160069391,12.785575810313299],[-50.52254335361327,13.246106164735616],[-50.93670244695789,12.793389891085047],[-51.903854276556885,12.92625036725815],[-52.014024438665125,12.71211464201236],[-52.377941625825535,12.688249441142167],[-53.40890088565818,12.740542494731262],[-54.07342681530039,13.374402906646102],[-54.225182541641246,14.26331031459209],[-54.72240363347769,14.902020604720477],[-54.70984135842346,15.32136051483376],[-55.003284653974006,15.803508786544041],[-55.32278435681144,15.983610751127845],[-55.803573857710816,17.013073260023564],[-56.194191478188486,17.57398121312058],[-56.72073402011976,18.084733666004635],[-57.4261709264398,18.355066604745183],[-58.17521234802461,18.340607748235062],[-59.117421905133604,18.216177629260233],[-59.92373542250928,17.960475717147094],[-60.37188546415156,18.031081451649545],[-61.64789450854372,17.81189803012985],[-62.342528605272136,17.948389595829465],[-62.73964686972534,18.04858969208209],[-63.337249246613766,18.366826019688776],[-63.423848126081715,18.65397673487955],[-63.22191571588044,19.07427999334165],[-62.73903418754858,19.142692500608973],[-62.43756809061482,19.441181448812507],[-61.45017668313792,19.75750440720988],[-60.569154445226616,20.022586540386666],[-60.133332644968384,20.07820231653082],[-59.478152169276775,19.771672916175838],[-58.85333872440304,19.9028715051488],[-57.83150268343469,20.392640799903088],[-57.59345319503518,20.689460456443662],[-57.859335972900105,21.643336332449795],[-57.76916463352869,21.783495752398586],[-57.17476260191625,22.08446797927096],[-56.77486811492425,22.55089274077332],[-56.64323348084866,23.526935134532657],[-56.30956734496889,24.238219833661653],[-56.18875264883584,24.890785540812093],[-56.226708311930885,25.281672709256025],[-56.57660070626408,25.199272542796656],[-57.00431525111494,25.322028536771423],[-57.26936438020585,25.196138363804703],[-57.36082760166685,25.391294044966575],[-57.107508822748734,25.663947152236013],[-57.211751498422835,26.030641207808994],[-56.98323453558039,26.631240466619108],[-56.207296362016,27.103494405010643],[-56.0888973528107,27.86489944874356],[-55.62052738753408,28.396295242763525],[-55.504226430152,28.931224449970234],[-55.49043047133912,29.699303342325386],[-56.0038281869019,30.69190614913136],[-56.14425383472935,31.658241907646918],[-56.48596093897504,32.27144448039578],[-56.90854378972419,32.613212455189746],[-57.67993276361148,32.84795136685348],[-58.238423318900566,32.960102046017056],[-58.68765988523679,32.90610777498009],[-58.68998823039314,32.905249898944675],[-58.691198901473335,32.90859348327397],[-59.553917899207086,33.512085461322116],[-60.31931567603157,33.88347579435649],[-61.84090208026485,34.34398462752061],[-62.377397647482006,34.569270648290136],[-63.06807321990721,34.56835746137864],[-63.73265328879017,34.424215205939596],[-64.6993497191683,34.448778519710736],[-65.7604237891942,34.03321275148298],[-66.49201113658928,33.956815665994654],[-67.17179871658564,33.711258392261485],[-67.74819264998948,32.78937494232233],[-67.82004265949291,32.75319106324532],[-67.81717734828283,32.75090413912165],[-67.74932017555041,32.68463783457384],[-67.68976946213479,32.61302836586658],[-67.6390857113125,32.536775325268614],[-67.5977392477232,32.456621525056],[-67.56610642968387,32.373345522290684],[-67.54446691645856,32.28775387521115],[-67.53300197800037,32.20067321439321],[-67.53179382130851,32.112942209956806],[-67.54082589632705,32.02540351336083],[-67.55998413530313,31.9388957489329],[-67.58905907266276,31.85424562641031],[-67.62774878761232,31.772260241583396],[-67.67566260862615,31.69371962777682],[-67.73232551748555,31.61936961648854],[-67.79718319031352,31.54991506111786],[-67.86960761382268,31.486013473408768],[-67.94890321648177,31.42826911804589],[-68.03431345625393,31.377227606776863],[-68.12502780873885,31.333371029488273],[-68.22018910176143,31.29711365581146],[-68.23863731564514,31.291821810085946],[-68.26916492583683,30.893652678333112],[-68.22820856561424,30.162469667440423],[-68.168564104246,29.54462358107734],[-67.84311537759595,28.875905485495757],[-67.24056393051444,28.542080159720296],[-66.32222748167659,28.298649298120395],[-66.0349287810054,28.080833380736244],[-65.89036866493142,27.409031580735988],[-65.85471976288007,26.39789346181132],[-66.06861529720186,25.595863347322773],[-66.09297163051042,25.025683699260046],[-66.36782587719611,24.84487185699567],[-66.88394124379114,24.96219411649167],[-67.4324165148708,25.562626640258244],[-68.05464062118293,25.889104047461448],[-68.27822736060239,25.747968475280967],[-68.72515902450982,25.960521449832846],[-69.53844035996534,26.324044454261415],[-69.21124285412539,26.518738897152033],[-69.19228464409133,26.717289766697245],[-69.35502505356374,26.738502100296216],[-69.39357876316143,26.561897498035414],[-69.69066662720334,26.622248223451795],[-70.1404401719779,26.844452743619737],[-70.32658238816782,26.786970111696615],[-70.70492984827142,26.942194223890418],[-70.82143906578787,26.897532884265008],[-71.36252191145692,27.084788162381926],[-70.8857086353351,26.919882451161463],[-70.50974332621588,27.589145601049434],[-70.59634018861128,29.541641688326543],[-70.7565057980651,31.010419980520684],[-70.78073649473616,31.007129687935613],[-70.83629090520633,30.99854397348684],[-70.89183709502417,30.99015066809623],[-70.94739726301925,30.98313908049846],[-71.00299368378958,30.97855914432736],[-71.05864655783762,30.977234297796713],[-71.11437192347546,30.979692137591428],[-71.17017983943335,30.986118217372148],[-71.22607302452924,30.996336582068704],[-71.28204609620335,31.00981857496661],[-71.3380854903376,31.02571928253725],[-71.3941700794886,31.042938857964717],[-71.45027244412587,31.06020405069525],[-71.50636069836422,31.076163712538182],[-71.56217329705909,31.089497022158422],[-71.57790296643999,31.100654337202023],[-71.59410982126481,31.104869074072123],[-71.64965817882788,31.100751573713183],[-71.7045726864974,31.090809663145503],[-71.75884715011978,31.075076745100827],[-71.81251626246929,31.053960419957537],[-71.86565359807831,31.028214348206873],[-71.91836665467308,30.998884152445928],[-71.9707892855437,30.967231489274276],[-72.02307207424099,30.934642093241052],[-72.0753713710735,30.902524819460194],[-72.12783782540797,30.872209395233625],[-72.14789301907886,30.848155740112674],[-72.1540237776305,30.82829552645076],[-72.19310602632433,30.808151029625133],[-72.24609630993771,30.790740449593866],[-72.29993573446461,30.77780396237092],[-72.35453749815039,30.768856758743894],[-72.409755593099,30.763115190113417],[-72.46539720924865,30.759564601606545],[-72.52123881941368,30.757044852218982],[-72.57704472501241,30.75434689793667],[-72.63258664277029,30.75031296400397],[-72.68766281886411,30.743932556344102],[-72.73861396460276,30.734965608164902],[-72.74878203992469,30.728974969494814],[-72.7607304843883,30.71712406107146],[-72.81144846436426,30.69402103538811],[-72.86133927523379,30.667992764960726],[-72.91063584252886,30.63989867670157],[-72.95963952824361,30.61083932148379],[-73.00869820853278,30.582075295138214],[-73.0581805632692,30.554933268750524],[-73.10844855176944,30.530706321398984],[-73.15983018144202,30.510556208108135],[-73.21259464551107,30.49542504974798],[-73.26693171915237,30.485963211602343],[-73.32096096515532,30.482901855774962],[-73.33502032527059,30.495162413316145],[-73.35339141631381,30.51063977483812],[-73.41475402590265,30.520265915321477],[-73.47742807988314,30.53353206788406],[-73.54098617157099,30.549217751012243],[-73.60495826928808,30.56599174435249],[-73.66886601305112,30.582509404389562],[-73.73225765403974,30.597510478710323],[-73.7947409628922,30.609909950293762],[-73.85601155697378,30.61887498346419],[-73.91587442569154,30.623882114991236],[-73.97425694706156,30.624750354864588],[-74.0312123500243,30.621647714520687],[-74.06971983145186,30.619886555424983],[-74.09372151861498,30.618320002567888],[-74.13389332575055,30.60906441088434],[-74.18700397036382,30.595029153289165],[-74.24035627788452,30.581568643390174],[-74.29442161574063,30.569763441248355],[-74.34960855537572,30.56054449158526],[-74.40622824054567,30.55461444904478],[-74.46446725668804,30.552386795610513],[-74.52437007807534,30.55394747493459],[-74.58583245077831,30.5590420356985],[-74.64860625736026,30.567089313056847],[-74.71231555802066,30.577220634848974],[-74.77648266833121,30.58834157495774],[-74.82773488844569,30.60355629047485],[-74.87006570474323,30.61893612731148],[-74.92401436666272,30.62598737726484],[-74.98459926964699,30.62596100383482],[-75.04277343937136,30.62121399311527],[-75.09821913654649,30.611144911735728],[-75.15078516624317,30.595477790712117],[-75.20049872153726,30.57428302820408],[-75.24756370192351,30.547972353914968],[-75.29234561648062,30.51726824418602],[-75.33534425416408,30.483150128693996],[-75.37715627255017,30.446781502343374],[-75.41843063888793,30.40942351438504],[-75.45982039157919,30.372341639517533],[-75.50029839396123,30.33735075468255],[-75.52331640992428,30.312187167589947],[-75.54829499682958,30.28829934051609],[-75.59371747846917,30.260146433727897],[-75.64129487647098,30.23570466634586],[-75.69091554519619,30.214774805374713],[-75.74229010482865,30.19685474200276],[-75.79497702904453,30.18118459596633],[-75.84842001622502,30.166811757913973],[-75.90199432795144,30.152670805815685],[-75.95505857510649,30.13767209180228],[-76.00700797835681,30.12079213604988],[-76.05732497073372,30.10115883371152],[-76.10562317094,30.078124887532375],[-76.15168123731664,30.05132378950661],[-76.19523239708637,30.020807421334315],[-76.21850234225333,29.995060137607016],[-76.23857771807204,29.9651460013632],[-76.27520844995647,29.924504101219263],[-76.31113998917378,29.882838028056614],[-76.34713813096225,29.841313000088633],[-76.38399822699137,29.801137339890722],[-76.42248642463791,29.76347298799241],[-76.46328291435361,29.729349050578985],[-76.50693147381003,29.69958500200089],[-76.55379908724937,29.674729429869494],[-76.60404864273845,29.655019021841447],[-76.65762673074583,29.640360939451497],[-76.71426745435194,29.630339925654514],[-76.77351198816737,29.624249589172436],[-76.83474246500131,29.621145449067814],[-76.8942111088394,29.621442034160573],[-76.94869725843563,29.624856445203452],[-77.00586657378336,29.625534755894005],[-77.06736534981759,29.6217731782924],[-77.12712376124993,29.61550139605181],[-77.18466174552363,29.606039699893707],[-77.23969582577494,29.592991601318047],[-77.29215766469929,29.576268768675092],[-77.34219571645819,29.556091980026114],[-77.39015984811485,29.53296807865487],[-77.43657016106994,29.50764475193088],[-77.48207249593443,29.481046650310166],[-77.52738414376743,29.454197792716055],[-77.57323402911675,29.42813625860388],[-77.62030202363376,29.403827764104882],[-77.669162074564,29.382084811904043],[-77.71536641347805,29.36613265418995],[-77.76173277334343,29.3541665619029],[-77.8153760235104,29.34269522840735],[-77.87338790937298,29.33321975404313],[-77.93329432874214,29.326300684451965],[-77.99448114691565,29.32110056255489],[-78.0561900925463,29.3165904133181],[-78.1175729848303,29.31162407168222],[-78.17775338013978,29.305021866505395],[-78.23589097801816,29.295657257886518],[-78.29124385217153,29.28253980997347],[-78.34322367766244,29.264888173914574],[-78.39143961952593,29.242187529721136],[-78.43572740447904,29.21422712922872],[-78.47616125393914,29.18111510246539],[-78.51276038374742,29.143433599182522],[-78.54143259684294,29.104481384108393],[-78.567082406995,29.061773716391354],[-78.59594607367968,29.01421055352464],[-78.62410041339535,28.965768422312387],[-78.65242135717087,28.917570808726342],[-78.6817114009261,28.8706465194954],[-78.71264069388513,28.825854071488813],[-78.74569875887987,28.783819655364834],[-78.78116043947337,28.744893422056574],[-78.81906858136594,28.709127427668506],[-78.85923470131023,28.67627689774137],[-78.90125756119242,28.645824666746265],[-78.94455823553308,28.617026855341646],[-78.98842902475158,28.58897620772236],[-79.03209250894552,28.560678152796843],[-79.07181821414214,28.532928692002027],[-79.10545185446693,28.505256396741988],[-79.13923556243573,28.472490590968114],[-79.17426162834714,28.433743727581856],[-79.2062444965952,28.391303717622826],[-79.23520152309517,28.34519383756883],[-79.26139407125588,28.29573451666619],[-79.28531234948215,28.24352486813654],[-79.30764238040089,28.18940264182444],[-79.32921769050381,28.134385610969385],[-79.35095949510118,28.079598828225215],[-79.37381001931813,28.026193276110636],[-79.39866408040099,27.97526210998774],[-79.4263041357939,27.927760892580633],[-79.45734368593779,27.884437928229737],[-79.49218325003666,27.8457800407367],[-79.52314467690299,27.817052278824395],[-79.55527488086952,27.794009496609178],[-79.5986839895932,27.769931982985714],[-79.64737678982563,27.74795760458987],[-79.69838546749057,27.72869373665095],[-79.75084098835127,27.711121490210566],[-79.80381808503658,27.69415894785664],[-79.85640522973006,27.676743129813843],[-79.90777330249345,27.657909875555152],[-79.95723766475389,27.636865534061723],[-80.00430881091539,27.61304500493089],[-80.04872762919103,27.586151733229574],[-80.0904824955326,27.55617664985137],[-80.12980685697647,27.523394660216624],[-80.16715751129115,27.488338996913484],[-80.20203200519956,27.452533466709184],[-80.22815902648318,27.421595063485643],[-80.25502434227108,27.389725602467767],[-80.29105599351836,27.35350441841656],[-80.3290117876482,27.319440384808154],[-80.36953622806874,27.28824760709836],[-80.41308055295096,27.260423992493916],[-80.45986295461559,27.23620717674137],[-80.50984656369887,27.215550511226844],[-80.56273689222768,27.19812100726889],[-80.61799898740094,27.18331943132004],[-80.67489308584021,27.17032102675597],[-80.73252617284528,27.15813374200135],[-80.78991563758065,27.14566949720823],[-80.84606026247003,27.131823027304293],[-80.90001317178375,27.115552272632414],[-80.9474489213245,27.098485496504008],[-80.98686765212179,27.080070924548792],[-81.02533639625756,27.054273338468438],[-81.063600855293,27.020857048634824],[-81.09767314813229,26.983024742083312],[-81.1279418726619,26.941189911417823],[-81.15502911858124,26.896011422636736],[-81.17974163841248,26.848342280785463],[-81.20300833354185,26.799164052408965],[-81.22580896373138,26.74951195059797],[-81.249099624364,26.700396309550495],[-81.2737407267981,26.652726463690534],[-81.3004329653085,26.607242874152448],[-81.3296660950936,26.56446272059102],[-81.36168434219546,26.52464314273267],[-81.39647099881287,26.487764951790176],[-81.42667499836497,26.458956759872443],[-81.45616256194845,26.433513317378416],[-81.49384472037862,26.403800180584607],[-81.53421350342876,26.37285569558391],[-81.5741629540685,26.341497925208877],[-81.61279687033982,26.30882023079748],[-81.64930425080598,26.274003240601825],[-81.68302749916099,26.236383394323394],[-81.71351900725892,26.195509607416078],[-81.74058163523938,26.151183699426003],[-81.764289856643,26.10348147371738],[-81.78498986011218,26.052752807950057],[-81.80327856877338,25.99960070667765],[-81.81996320907214,25.944840863178563],[-81.83600458833308,25.88944476065969],[-81.85202051190012,25.834813385147694],[-81.85814246687634,25.790826043657688],[-81.8660854091581,25.748727023131817],[-81.88860915000339,25.700651721468343],[-81.9151821666118,25.656519290804503],[-81.94622429867833,25.61673637338134],[-81.9818772300564,25.58143846194833],[-82.02199681181779,25.550482518921914],[-82.06616663352112,25.523460601729187],[-82.11373181396374,25.49973340692982],[-82.16385048296623,25.478481101275708],[-82.21555909653219,25.45876747558947],[-82.26784666452035,25.43961244218608],[-82.31973225651913,25.420067275587932],[-82.37033985289648,25.399286812944446],[-82.41896476223683,25.37659309256468],[-82.45686622061383,25.358576996389502],[-82.48840068865591,25.340268265921456],[-82.52525154363191,25.31213073419058],[-82.56297677177716,25.278956525239852],[-82.59890585872398,25.244137955745245],[-82.63380637410734,25.208382914286556],[-82.66857856738606,25.172520684710992],[-82.70418135272266,25.137433789559402],[-82.74155358509738,25.10398543104316],[-82.78153671538475,25.07294813618891],[-82.82480476094632,25.044939140021878],[-82.87180693344311,25.020367537882116],[-82.92272728422351,24.999397338807487],[-82.97746443942663,24.981929323477278],[-83.03563299652119,24.9676031485531],[-83.08818874455832,24.963423043740253],[-83.14030995060304,24.96208156484112],[-83.20161632339372,24.95356389083448],[-83.26492205293972,24.94275971617092],[-83.32686936020211,24.93075583708346],[-83.38639183835558,24.916626904640037],[-83.44257510895964,24.89958232778547],[-83.49472232711358,24.87902223554207],[-83.542403343301,24.854579081256116],[-83.58548367319868,24.826141786793176],[-83.62413100574292,24.79386064953392],[-83.6587987543026,24.758132685202472],[-83.69018797387598,24.719568550755085],[-83.7191906719415,24.67894357883045],[-83.74467384311302,24.63918501600919],[-83.76267601951389,24.605725564610644],[-83.78271103718089,24.570402721425584],[-83.81118662559548,24.52966296178037],[-83.842005511585,24.49086648305107],[-83.8756437129994,24.45440516083491],[-83.9122962129326,24.420438422399222],[-83.95186399436827,24.388882686929726],[-83.9939640360462,24.359419963640946],[-84.0379614976101,24.33152491089301],[-84.08302165579762,24.30450821894262],[-84.12817765513985,24.277572912942002],[-84.1724089144265,24.249879182047227],[-84.21472417910351,24.22061270052068],[-84.25364158441607,24.189660069358368],[-84.28088559907496,24.164130493919057],[-84.3038709693839,24.134146052887367],[-84.33064318087267,24.092450591270822],[-84.35333908753361,24.047587403675376],[-84.37240084112243,23.999900720758706],[-84.38854819157284,23.949950609478023],[-84.40272910814595,23.898474962170592],[-84.41605286248097,23.846337823244607],[-84.42971076174838,23.794467932778165],[-84.44489063900136,23.743792130307984],[-84.4626916373196,23.695168681166358],[-84.48404574597966,23.649325622357523],[-84.50965198295805,23.606808863971406],[-84.53702143688261,23.571084789149033],[-84.56098509266563,23.547616467687117],[-84.59183895799993,23.52388357217411],[-84.63468400886002,23.494415179215295],[-84.68093828392801,23.467459003224604],[-84.72963911261095,23.442303182632436],[-84.77970318588477,23.41814821902249],[-84.83001125670813,23.394169763850304],[-84.8794951689551,23.369582758370658],[-84.92722052645021,23.343701992205748],[-84.97245860665306,23.31599445492846],[-85.01474192265167,23.286119510343237],[-85.05389909029533,23.25395386869553],[-85.09006626992048,23.219599493856794],[-85.11609430951266,23.1922129663247],[-85.1377559310664,23.164832045415807],[-85.16567125295657,23.127697476722215],[-85.19524911233106,23.088622730362182],[-85.22596238669526,23.05033702211396],[-85.25886140733704,23.013564281730538],[-85.29486935403396,22.97894007869304],[-85.33470586758948,22.946958725400755],[-85.37882596276295,22.917931032265432],[-85.42737889147223,22.891956035378694],[-85.48019009655458,22.8689089322481],[-85.53676766614359,22.848446191562452],[-85.59633286904449,22.83002745379903],[-85.65240642546088,22.819788778810334],[-85.70697375895229,22.811446418217017],[-85.76630139713254,22.795405705374286],[-85.82584228319043,22.7756477127637],[-85.88245573539986,22.754000174276285],[-85.93514849246657,22.72983022916061],[-85.98318147426508,22.702668885993933],[-86.02612059352708,22.6722426679518],[-86.06386437825878,22.63849053286066],[-86.09664627293789,22.601564851566067],[-86.1250114769996,22.56181641732071],[-86.14977018176542,22.519764647229515],[-86.17193091319663,22.47605524323165],[-86.18263194755217,22.445135342662656],[-86.19016469136494,22.413983465138923],[-86.20792351744754,22.369251444014285],[-86.22792919309028,22.324815400339286],[-86.25046315922476,22.281801862423485],[-86.27598402583745,22.24046806296008],[-86.3046270208641,22.200889482997272],[-86.3361945726664,22.16295458897866],[-86.37017298221241,22.12637437205945],[-86.40577390698039,22.090705923589493],[-86.44199750040808,22.055388176602015],[-86.4777123974919,22.01978699737895],[-86.50507868521305,21.993718778540394],[-86.52507776372046,21.970133036546454],[-86.54675836134945,21.93350010932574],[-86.56667037068179,21.88947072762684],[-86.5814161571205,21.842960343804048],[-86.59086062946595,21.793903036363226],[-86.5952278336574,21.74240475132212],[-86.59509046046189,21.688738573930376],[-86.59133269976972,21.63332740223534],[-86.58508931162939,21.576715273674353],[-86.57766562611324,21.519529446748514],[-86.57044464072962,21.46243605048794],[-86.55389271520859,21.426323622141293],[-86.53533590556299,21.39633069930737],[-86.53038652587401,21.347482955717684],[-86.53218868832478,21.296337733877976],[-86.53920407932698,21.247296810935588],[-86.55151161422417,21.200393699514247],[-86.5688237506253,21.155513176343593],[-86.59051476571209,21.11240272665679],[-86.61567441379636,21.070694447226632],[-86.64318284461315,21.029935643001373],[-86.67180104599805,20.98962567732533],[-86.69526245018483,20.960256337134666],[-86.70891653979854,20.94757579472965],[-86.72341180555298,20.922101022725993],[-86.74167168550177,20.87763571219895],[-86.75629925308859,20.831995885078022],[-86.76719672666958,20.785149735994214],[-86.77463040647253,20.73718296664705],[-86.77920934028657,20.68829203193308],[-86.7818369475225,20.638768742181966],[-86.78363938234227,20.58897735646931],[-86.78587621181482,20.539325869238752],[-86.78666660508188,20.4989220570494],[-86.78099291064248,20.48504082328731],[-86.78032267485888,20.463383140264057],[-86.79224606435622,20.417103238729393],[-86.80958941840484,20.372147661758593],[-86.83247312285691,20.32854531329595],[-86.86062991718899,20.286229756812286],[-86.89341864731206,20.245042812889803],[-86.9298663337202,20.204745249853055],[-86.96873540592716,20.165033691599202],[-87.00861103669689,20.12556237122942],[-87.04473341236871,20.098127868092046],[-87.07355614423942,20.0875255445179],[-87.10040942683419,20.062582396379195],[-87.12650160606741,20.018517830006168],[-87.14733942911955,19.973597465281294],[-87.16248205998193,19.92775086950644],[-87.17188045826312,19.880970679073442],[-87.17587398614805,19.833311959645705],[-87.17515753442416,19.784886996495363],[-87.1707217786177,19.735855884772995],[-87.16377124454944,19.68641358029106],[-87.15176635184125,19.659533940570526],[-87.1364193767723,19.642332848975244],[-87.12449751349774,19.602601744750366],[-87.11593125342836,19.55411154774789],[-87.11058203367024,19.505885658199645],[-87.1088833956912,19.457960722693834],[-87.11089435264871,19.410342189524155],[-87.11629468054468,19.363003808369196],[-87.12441003529828,19.31588973144237],[-87.13426495585189,19.268919024136572],[-87.14411861780745,19.22788696488886],[-87.15076762777389,19.21489738028065],[-87.15328311500957,19.19553537950636],[-87.15304686364789,19.147939546878245],[-87.14829519779731,19.10033350416315],[-87.13821384342239,19.052714884957275],[-87.12233174434814,19.005081355886002],[-87.1005633334517,18.957430691535905],[-87.07322167849608,18.90976100104192],[-87.0410014592205,18.862071096305613],[-87.00493304679262,18.814360934710606],[-86.96637343247717,18.785378863841427],[-86.92556664632578,18.767654121162412],[-86.88392682980245,18.73189254337328],[-86.84375728320238,18.68625978235882],[-86.8068813481898,18.640450577778008],[-86.77440585860901,18.59441177394044],[-86.7471201401451,18.54810664884991],[-86.72544405432754,18.50151694391482],[-86.70940424334142,18.45464359003417],[-86.69864032142281,18.40750612723271],[-86.69350605638209,18.378022292399297],[-86.69249433758844,18.367681974161066],[-86.69122033662597,18.339307203537093],[-86.68891297593704,18.291648994873956],[-86.68634011090631,18.244018759228414],[-86.6823012571543,18.196546300904345],[-86.67579864235383,18.14933946277556],[-86.66611766829979,18.102475314787345],[-86.65288492109353,18.05599379317966],[-86.63609927564822,18.00989433581228],[-86.61905723453548,17.98742061756121],[-86.60094854137054,17.98274828298114],[-86.57698962687782,17.955651039478443],[-86.54985176603115,17.911917805233962],[-86.5238237654581,17.867992393602854],[-86.50025065529697,17.823646605162054],[-86.48038533924417,17.778668419632286],[-86.46528930577718,17.732878554159104],[-86.45574741315912,17.686144557233654],[-86.45220333453935,17.638391431227607],[-86.46297682091742,17.630870118535352],[-86.47826723817857,17.624565802441968],[-86.48867427702305,17.576058178483706],[-86.5023171168621,17.52376440169437],[-86.51866704365779,17.470822701540165],[-86.53630913591644,17.417568632942753],[-86.55377084619941,17.364352453134014],[-86.56962742245634,17.31151408171109],[-86.58260338311484,17.259358751389613],[-86.59658611426993,17.226610479793653],[-86.61022233464905,17.213648605320653],[-86.61213976709783,17.183622324959515],[-86.60304797079411,17.136405102210365],[-86.58942677823232,17.09060029973314],[-86.57197486784662,17.045989907196088],[-86.5516565833235,17.002272872659614],[-86.52962120740797,16.959090539896305],[-86.50710843758208,16.916056337158743],[-86.48797876628221,16.880549769865],[-86.4811855679293,16.87480878267272],[-86.47271086724342,16.86112935640393],[-86.46772239219041,16.84809313478823],[-85.26188460808618,16.2558113613393],[-85.34358226733292,15.77110791356734],[-84.69818993210349,14.965201456796725],[-84.62984338893644,14.550569045238378],[-84.290751873526,14.508310542026004],[-83.44170318471441,14.242943644469882],[-83.02525651344465,13.63531795370525],[-83.06990145561632,13.018079378711377],[-82.86513414134075,12.919700039721164]]],[[[-85.1280367172265,0.8441857578890675],[-85.02831278986238,1.0161510366015591],[-84.76953135540417,0.715949330894937],[-84.37401732812808,0.7138131388720349],[-84.27484498438453,0.14282431124536257],[-84.32071937791115,-0.06126268918762754],[-85.06261217289828,0.017269236403422875],[-85.1280367172265,0.8441857578890675]]],[[[-170.94930945523757,0.7074306948418156],[-170.6352040466078,0.9373389692538096],[-170.59621935142962,0.9412052953055912],[-170.3133180543277,1.0625127861685677],[-170.3185755174097,0.6801114759701463],[-170.39796284943623,0.31424255485573593],[-169.98331031875858,0.1981331045276963],[-169.62925454439502,0.10983579519361507],[-170.04045092351927,-0.07400878086278552],[-170.54968210725625,-0.022026541949035673],[-171.0003612050002,0.024974727309875887],[-170.8701363016654,0.3580496754298725],[-170.94930945523757,0.7074306948418156]]],[[[-146.98645769842832,2.840544452413802],[-146.40811125796924,2.0770621278411188],[-146.68106982421364,1.557844996496471],[-146.301549242492,1.1618954868753595],[-146.78214295622982,0.6912541492306864],[-147.11911407165744,0.8998325676416714],[-147.3732683103778,1.7452128703991712],[-147.01164675298438,2.0070110096757596],[-147.4442581492431,2.5441988055540485],[-146.98645769842832,2.840544452413802]]],[[[-40.5437321597322,2.3348838264190546],[-40.03906842779863,2.910731209663586],[-39.967915143352315,2.6834901926435863],[-40.25841139488726,1.8480226647593916],[-40.696910831974904,1.1971424342840145],[-40.880847695228525,1.1824290809737519],[-40.89011305786663,1.5015975967873259],[-40.5437321597322,2.3348838264190546]]],[[[-43.391445943676416,2.519248124023262],[-43.5464638778547,2.0259424997191386],[-43.53921429146606,1.3863225110015343],[-43.93926342557787,1.7380253662168914],[-43.995777453794894,1.997392036651035],[-43.532491239428,2.8560341990962788],[-43.188417721877364,3.009434370805073],[-42.89378341193556,2.735081888282904],[-43.391445943676416,2.519248124023262]]],[[[-161.05912894573606,3.8729170043727263],[-160.68917634497888,3.925293337351755],[-159.89998179698622,4.0856991263100255],[-159.39922719700655,3.9757740018200636],[-159.18693308631165,3.677523162827712],[-159.52424972322558,3.430656059331638],[-159.8796790957194,3.290847062222248],[-160.30330398636227,3.075828812058581],[-160.71403235191826,2.901903807229882],[-161.14794620905414,2.748714830792464],[-161.5895321931213,2.6488423946221746],[-161.98579878711342,2.649415800775867],[-162.3668415750941,2.6800428347878467],[-162.55821876343518,3.0128718693479515],[-162.8103610794618,3.3110178130685863],[-162.867945387757,3.702023475545099],[-162.45325617686436,3.634793316356955],[-162.662160368955,3.958751650006127],[-162.87278915344393,4.258614609455645],[-162.6428391822337,4.555663015415957],[-162.24725982565744,4.67481002520756],[-161.78228676275128,4.429250104484583],[-161.78228597430297,4.42925028893818],[-161.61801404680998,4.240207293719615],[-161.57871499903823,3.8672547933306882],[-161.05912894573606,3.8729170043727263]]],[[[-22.06556565151667,6.094372862639663],[-21.999310009328646,6.528044293957305],[-21.499088471058837,6.486768782045776],[-21.000508608685138,6.1798956365871405],[-20.955899324871478,5.815337085625248],[-21.298153077289676,5.602971627031165],[-21.716766667312807,5.7027509845491355],[-21.840571272377538,5.777999522298545],[-22.06556565151667,6.094372862639663]]],[[[-71.6906338217304,5.309614842923025],[-71.93617279437812,5.560819723376239],[-71.9060099958213,6.276228005038576],[-71.92064659455596,6.832902389644964],[-71.4877984968807,6.871354962129357],[-71.3461257274377,6.731182902762347],[-71.3810668187249,5.956058537348403],[-71.48582897983151,5.474473541440604],[-71.6906338217304,5.309614842923025]]],[[[-149.5126630255811,8.68575722468911],[-149.01613431599412,8.43716382665825],[-148.30681971476923,8.319528190840261],[-147.83566988596755,7.805150160040802],[-147.91586434941016,7.364063069710773],[-147.91598031953882,7.363992724772875],[-148.36289177894173,7.095442593565392],[-149.09342540017144,6.741725666158861],[-149.64632881285124,5.943190793187634],[-149.85954954117685,5.121029197852484],[-150.37163456410127,5.359230746582914],[-150.44932595208212,5.897845000614521],[-150.11264496600592,6.2107005166674],[-150.53135226281495,6.372696973034017],[-150.88035122579552,6.833938834792962],[-150.82293406131032,7.4544313607322366],[-150.56405279554883,7.895951866197533],[-150.48860390707875,8.507592573447917],[-150.02403527501366,9.30014187346958],[-149.57267482074872,9.969056445698829],[-148.5820832814642,10.958943474554395],[-148.71072298026291,10.434617333933863],[-149.255439894735,9.507490191337023],[-149.5126630255811,8.68575722468911]]],[[[-26.47963761522327,9.396489545522554],[-26.4200150755489,9.354168891136364],[-26.187050645114535,9.090587161655243],[-26.266359525340963,8.916303451703778],[-26.500115457094466,8.864333501980564],[-26.95259781937174,9.196898556068666],[-26.8060535339969,9.370965381077657],[-26.47963761522327,9.396489545522554]]],[[[-23.574192045036913,11.20627985186793],[-22.864631671828093,10.83550763906266],[-22.071996580609344,10.333445899620306],[-22.268483151685796,10.093302601959369],[-22.710249615022597,10.19448974824784],[-22.649534158378287,9.937647674582164],[-22.989231049295178,9.811119759056645],[-23.484473740992627,9.503897617022634],[-23.952970286565723,9.150934057348994],[-24.41984692321833,9.274315309654623],[-24.452817306337234,8.944186422990471],[-24.8719356824754,8.751602524279141],[-25.04674012334951,9.22628992326061],[-24.58042290248443,9.798435574835322],[-24.064337656775056,9.87060547335972],[-24.405456891090918,10.471963046039908],[-24.643852180027743,11.260161511635008],[-24.034055143979256,11.170619435245174],[-23.87228096718381,11.760059877495044],[-23.574192045036913,11.20627985186793]]],[[[-25.168007636629145,10.35465295931199],[-25.397470611434947,9.77133097417335],[-25.57933890274072,9.84568761779861],[-25.915925097178743,10.544089057622626],[-25.773985118283267,10.843625746886298],[-25.47976198378467,10.839621566670802],[-25.168007636629145,10.35465295931199]]],[[[-71.52593270907768,9.986355669569551],[-71.27137682448449,10.116342110318957],[-71.39782327617377,10.438238884525582],[-72.0697106348007,10.860011249148767],[-71.89260036851469,11.095005839490012],[-71.59716125869534,11.124867990406848],[-71.38148525754957,11.743422171676642],[-71.42029427423346,12.19553800426153],[-71.3032779353112,12.76842729367422],[-71.46008077771002,13.225941089294418],[-71.09953819847448,13.708693062735135],[-70.77589379922244,13.599209481945117],[-70.98859621552924,12.740518165495228],[-71.12434361542616,12.032674819186838],[-70.92201112763628,11.676501579146183],[-70.4487027050887,12.076391737064894],[-70.05975603523103,12.040727303081278],[-69.85332336834777,12.621317749013524],[-69.58869403225606,12.388026451546072],[-69.6792810324928,11.819476088570095],[-69.89959395975707,11.016979443494842],[-69.73474830742319,10.887726101926248],[-69.7895941526007,10.155627357370063],[-70.08577602530163,9.615337228520227],[-70.07536891136544,9.366056889209624],[-70.4442481875561,9.21567936627463],[-70.4529455024024,8.698999735858099],[-70.7523797408083,8.745280737748036],[-70.81084066146066,8.327008835779605],[-71.20375972493684,7.880077081661418],[-71.59764125697758,8.25124978460213],[-71.35549579816191,8.691515832754991],[-71.37488995065125,9.128679540415767],[-71.30953426647297,9.437749980001433],[-71.48453732995385,9.618775285899432],[-71.52593270907768,9.986355669569551]]],[[[-165.74265237925061,10.217861644503314],[-165.81617100957172,10.45558518891883],[-166.0685712524592,10.727370821259337],[-166.2673691462654,11.046227349860553],[-166.5738713773219,11.326753711534604],[-166.62223069437985,11.688604542782658],[-166.4114436749326,12.080015918161456],[-166.41144305067246,12.080016446681318],[-166.14430193440415,12.046027273017078],[-165.99305712035394,11.652029984804441],[-165.771071083847,11.249942795261262],[-165.67463450528527,10.896795084937894],[-165.37527745395172,10.691672287587703],[-165.74265237925061,10.217861644503314]]],[[[-172.32048334906605,14.469063479922626],[-172.10066822093586,14.73268326546416],[-171.88204959359834,14.412281612903984],[-171.63907915955093,14.091919845403039],[-171.24714637252785,14.064158252925564],[-171.579582117689,13.849959654785442],[-171.94428539729654,13.766871511144661],[-172.24468224497804,14.025971498537583],[-172.32048353861836,14.46906266145073],[-172.32048334906605,14.469063479922626]]],[[[-172.91721742291645,14.569062862549844],[-173.20986258416548,14.813533212166092],[-173.45838707947206,15.22277681033973],[-173.45838696285713,15.222777642284786],[-173.17096935543458,15.335361663610724],[-173.0045515953576,15.001796874811653],[-172.78438316900125,14.460905442858705],[-172.91721742291645,14.569062862549844]]],[[[-61.92541410611773,15.805942961512725],[-61.8070464514691,15.791145298254786],[-62.3717575518477,15.156013122390686],[-63.08031824967276,15.405079895351893],[-62.9254247917065,15.551636996731958],[-62.390228381483745,15.465481538922548],[-61.92541410611773,15.805942961512725]]],[[[-64.61382909830569,16.390653464662325],[-64.2666267000401,16.689384526866352],[-63.63925718120186,16.40637606338531],[-63.719786821622755,16.14223143530237],[-64.61963017258981,15.937246650824314],[-65.21888346568409,16.006525928183034],[-65.24053943246464,16.235615997275914],[-64.61382909830569,16.390653464662325]]],[[[-62.29225031995765,16.87197904050575],[-61.90015330513764,16.87762344259048],[-61.88389118368549,16.450942034273616],[-62.00474989779096,15.87289870362086],[-62.27626840791565,15.883588270262237],[-62.29225031995765,16.87197904050575]]],[[[-70.6704172815643,16.63541848450035],[-70.8283727897882,16.00882248001833],[-71.12574412908832,15.52898100914949],[-71.42342384843745,15.396699295552672],[-71.37955402811357,16.06458770588918],[-71.52473779816282,16.368179530986474],[-71.30475786683259,16.88330550855205],[-70.86825116053144,17.387535152547695],[-70.64244672640675,17.250620933533277],[-70.61270193675247,16.846912870685752],[-70.6704172815643,16.63541848450035]]],[[[-68.72684891553692,15.982394906718666],[-68.41487145603087,16.333563594401728],[-68.27450500253583,16.925157510380156],[-67.93505507197601,17.211949061884386],[-67.31494275396906,17.361988559667882],[-67.2861896197248,17.88824113866592],[-66.88613068190624,18.711856814194558],[-66.62621413748164,18.958750827326252],[-66.27860341877395,20.13127388778994],[-66.02092151051895,20.420976353622443],[-65.81415332540672,20.040462773866796],[-65.60945778192594,20.92655847174747],[-66.04522121208012,21.665709739222116],[-65.99250423794312,22.046564974962365],[-66.22869960457437,22.217792733565755],[-66.26299947627342,22.68887277385537],[-66.08866324366628,23.06425566722226],[-65.84880005627744,22.52956910901827],[-65.50100442415729,22.27085245833171],[-65.34071445976393,21.822076988857],[-65.21848970585073,21.325651086863548],[-65.23897137966874,20.622604840603415],[-65.16118740422888,20.385111185596774],[-65.36771014914281,19.61176201719756],[-65.49365633230354,18.89889168729979],[-65.9783906884526,18.090840655940127],[-66.41168272956236,17.77594569054794],[-66.41103714242837,16.905360130110473],[-66.69696386874998,16.609616024545915],[-67.4338646645149,15.902548463334602],[-67.9655442698548,15.376086768864363],[-67.98497262320328,15.069454733243713],[-68.25355392457234,14.536837780757663],[-68.53604708402472,14.632495531681649],[-68.64689596046895,13.95016063011335],[-69.13223248055753,13.282067020713985],[-69.3620963917771,13.413407226082027],[-69.43509140679461,14.04711250683838],[-69.42557144444906,14.681890341033142],[-69.2789487932683,15.318931728997233],[-69.23438021984924,16.668059008108315],[-68.72684891553692,15.982394906718666]]],[[[-81.60653421083877,20.158046854560254],[-81.59207893468917,20.17809753657666],[-81.57515495585976,20.19693044738183],[-81.56054497630797,20.213739077874514],[-81.55268520190776,20.22838184675559],[-81.55473117595187,20.2413696556419],[-81.56789619567076,20.253680339370145],[-81.59121687022744,20.26646089044433],[-81.62179719081348,20.280706125697424],[-81.6554669974982,20.297004225138433],[-81.68769214070275,20.315416228725898],[-81.71451628303832,20.335515647179488],[-81.73331181151546,20.356567413827573],[-81.74316970327158,20.37778517426122],[-81.74485187805342,20.39858333379174],[-81.74034072938902,20.418741965671074],[-81.73212075199737,20.438428860788637],[-81.7223907966163,20.458066843393755],[-81.71241647758302,20.47808349611643],[-81.70218873470128,20.498620002149647],[-81.69046908980825,20.51929372244585],[-81.67519801136093,20.539099466983213],[-81.65414742954911,20.556499272139188],[-81.62563622567771,20.569699108309003],[-81.58911386407578,20.577057005420926],[-81.54545507012766,20.57752516756265],[-81.49688714395872,20.571010632640117],[-81.44656988973003,20.558551096462704],[-81.39793959576399,20.54224318233708],[-81.35398830414131,20.524920324644306],[-81.31666211718276,20.509641290034256],[-81.2865254404911,20.49910109547778],[-81.26276357593792,20.495099716959814],[-81.24350543184283,20.498193730250993],[-81.22636603694018,20.50761413801451],[-81.20905629174072,20.521470578878105],[-81.18989762988859,20.537193622401805],[-81.16811333834836,20.552109926345246],[-81.14383611483946,20.564013818806234],[-81.11785397973186,20.571601250260635],[-81.0911907101091,20.5746675875706],[-81.064661502249,20.574030483752427],[-81.0385469410793,20.571207795915086],[-81.01248823198284,20.5679406153235],[-80.98563617579147,20.565687671506012],[-80.95700639417122,20.56522084445663],[-80.92592715536892,20.566422000712645],[-80.89243301109285,20.56832699273802],[-80.85746733973276,20.569397727812696],[-80.82280803456956,20.567944560243987],[-80.79070972361288,20.562584017071323],[-80.76334143354133,20.55261049550853],[-80.74216606366105,20.538186236330297],[-80.7274370053617,20.520304065721913],[-80.71796759266353,20.500538102239044],[-80.71126435599577,20.480652475434074],[-80.70402173944262,20.462172986825603],[-80.69287868507408,20.44603328888125],[-80.67526222451534,20.432384783299955],[-80.65011033933358,20.42061447781209],[-80.61828567499641,20.409559391861514],[-80.58256006363295,20.397854376504807],[-80.54715156500536,20.38431625169181],[-80.51690601221767,20.368260302212644],[-80.49630564912408,20.349667245152418],[-80.48853421135081,20.32916312445431],[-80.4948175510168,20.307827892499965],[-80.51419354728233,20.286895033687518],[-80.54376123271382,20.267431495429953],[-80.57934343725435,20.25008791590111],[-80.61639902440523,20.23498489653766],[-80.65096416570067,20.221759624984763],[-80.68040047474676,20.209750223555666],[-80.70378091018272,20.19825546593239],[-80.72183840549349,20.18678578271057],[-80.7365132283137,20.175224130184915],[-80.75023474276348,20.163842282897296],[-80.76513604853085,20.15316236502705],[-80.78241016986365,20.143702354475593],[-80.8019724416049,20.13568329701152],[-80.82250823816567,20.128793047639448],[-80.84188149672474,20.12209086127002],[-80.85778487905172,20.11410141119179],[-80.86845105285254,20.103095227980685],[-80.87323159568085,20.08749885238609],[-80.87288803351099,20.066336664269087],[-80.86951796693526,20.039589079391654],[-80.86613691389125,20.008364538037547],[-80.86602698981876,19.97482375143611],[-80.87202246450462,19.94185453858188],[-80.88591424533512,19.91255904958071],[-80.90811854093155,19.889665303353425],[-80.93768103474271,19.874998004582125],[-80.9725981153275,19.86913295382882],[-81.01035551483162,19.87131738139873],[-81.04853310878471,19.879675679391976],[-81.08531512466695,19.891651923363415],[-81.10524852634033,19.899132924520334],[-81.1309523864009,19.94249569502692],[-81.15567641412026,20.15989036491269],[-81.37179918999503,20.267877688156624],[-81.59755262127871,20.101724683557787],[-81.60140172649605,20.104013110965752],[-81.61292709430379,20.1196483604114],[-81.6143793352874,20.138075349602598],[-81.60653421083877,20.158046854560254]]],[[[-79.07980679279707,22.902778673767596],[-79.1135181995252,22.91306645465967],[-79.14379460768437,22.927540262356395],[-79.16962516018299,22.94600699110653],[-79.19089412138712,22.967245940248958],[-79.20862751791648,22.9893422975064],[-79.22489433100768,23.010200289004253],[-79.24235560012856,23.028096262959288],[-79.2635608780467,23.042125124872985],[-79.29017496293758,23.052425423156954],[-79.32235327914016,23.060129634598226],[-79.35845909298402,23.067059631985526],[-79.39523459080226,23.075253090188532],[-79.42842153244204,23.086447883773076],[-79.45370653929469,23.101658756040937],[-79.46777311732794,23.120953058261897],[-79.4692021562346,23.143477952460913],[-79.45898677183703,23.167724298530427],[-79.44051213305255,23.191949965501447],[-79.41897727146063,23.21464429841262],[-79.40037325549143,23.234907497102],[-79.39024541546169,23.252646139649237],[-79.39252605558411,23.26854079338632],[-79.40871143389568,23.283806979064376],[-79.43757500983254,23.299827191185596],[-79.47547908235533,23.3177633906496],[-79.5172025316429,23.33825889766156],[-79.55707996023052,23.361308048230914],[-79.59017706865698,23.38632119220565],[-79.61322505552434,23.412355804634803],[-79.62510282635488,23.438436722093087],[-79.62677293998277,23.46386262368842],[-79.62071590487555,23.488399545356845],[-79.61003227666849,23.51229555552838],[-79.59746088422025,23.536105236250293],[-79.58457442878982,23.560372805437307],[-79.57135850201911,23.58527048647203],[-79.55627283744074,23.610309200637747],[-79.53676367593795,23.634224991799123],[-79.51007768051728,23.655099945906812],[-79.47415102861565,23.67071256331893],[-79.42833107399322,23.679046515254907],[-79.37373573586602,23.67883615808817],[-79.3131545526889,23.670006357106093],[-79.25051854903978,23.653880389726353],[-79.19008015256796,23.633080907091593],[-79.13551817277317,23.61112335266954],[-79.0891968073506,23.59177981559957],[-79.05175977233891,23.57835285386982],[-79.02214644669662,23.57302631482716],[-78.99800378966168,23.57644576790251],[-78.9763665430121,23.587628266099593],[-78.95441479475089,23.604223111564533],[-78.930107434026,23.623061566388987],[-78.90253363167821,23.640864667159086],[-78.87190963179594,23.654941447583088],[-78.83925120430439,23.6637142355595],[-78.80584415295668,23.666952396589323],[-78.77268994506532,23.665669749773002],[-78.7401050383025,23.66172498060335],[-78.70760075485585,23.65723708331476],[-78.67408134546932,23.653970732831215],[-78.63829771466375,23.652849153602514],[-78.5994123235732,23.653714707884866],[-78.55749068316084,23.655390380353975],[-78.51374862802635,23.656016194898214],[-78.47044970512296,23.65356386123248],[-78.4304468383302,23.646388898809512],[-78.39646979864882,23.63367338615154],[-78.37034413890173,23.61564533277016],[-78.352362436332,23.593522772965486],[-78.34100239223454,23.56920452070888],[-78.33310359573431,23.544795073125346],[-78.32449692949649,23.522091620968197],[-78.31095898447536,23.502167163763172],[-78.2892707716416,23.48515505054315],[-78.25812038135544,23.470285012116612],[-78.21861470713404,23.456153337864546],[-78.1742517008982,23.44114785077065],[-78.13033234013163,23.42390845530824],[-78.09292958391957,23.403697563182916],[-78.06764470969604,23.380583635468636],[-78.05843911256765,23.355396739690473],[-78.0668154104255,23.32948045822341],[-78.09153835339538,23.304320142738362],[-78.12895513883704,23.281157786782167],[-78.17383014900847,23.26070164751695],[-78.220487384344,23.243006792183564],[-78.26398466629892,23.22755120103165],[-78.30104308234998,23.213475303804557],[-78.33052232871708,23.19990589130101],[-78.35335032210308,23.18626081615477],[-78.37195390134784,23.17243609018119],[-78.3893613003734,23.158811572072477],[-78.4082245464205,23.146066558915493],[-78.43002150894486,23.134856579596413],[-78.45464130511382,23.125449535968762],[-78.48044951850159,23.11743848732064],[-78.50480053384615,23.10963341186241],[-78.52484716737538,23.100188739484754],[-78.53842241430301,23.08695938866995],[-78.5447530234818,23.06801243315585],[-78.54480233814672,23.04671549737796],[-78.695738046071,22.9958788884602],[-78.88033355096479,22.858231483653555],[-78.89653557841793,22.86427810017987],[-78.93429379387423,22.87601070523046],[-78.97105013446783,22.88436651413163],[-79.00760385312053,22.890344830981554],[-79.0440792616523,22.895783986548793],[-79.07980679279707,22.902778673767596]]],[[[-75.39439905525191,24.65134734841787],[-75.41735460002077,24.636756263245395],[-75.44377328642528,24.624045711045646],[-75.47351451104373,24.61352889887302],[-75.50463491487677,24.604686539355587],[-75.5340045197083,24.59605155771858],[-75.5582715034735,24.58537887832797],[-75.57490660035485,24.570086305617515],[-75.58304181620497,24.54787494197353],[-75.58387705272143,24.51738027469991],[-75.58054642959507,24.478684091653644],[-75.57748176905545,24.43354041652313],[-75.57944401270561,24.385232304085648],[-75.59047763183726,24.33806587125004],[-75.61305611284824,24.296600386282012],[-75.64762718792298,24.26478366706632],[-75.69265401798275,24.24519103530592],[-75.74511579667956,24.238545503709766],[-75.80131415944952,24.243631878494373],[-75.85775995499803,24.25762446051237],[-75.91190516369929,24.276750038817443],[-75.9625379111073,24.297128798284973],[-76.00975959157363,24.315594925236223],[-76.0545842938334,24.33030631419251],[-76.09830802102775,24.341007216074544],[-76.14185773590864,24.34889531970598],[-76.18532979057238,24.356143219161353],[-76.2278643290891,24.36520822738237],[-76.26789596610385,24.378112870468694],[-76.30370301620826,24.395879639893362],[-76.33408200233228,24.418258490207243],[-76.35892845641357,24.443806531176843],[-76.37952281695655,24.47028699038938],[-76.39839831086896,24.49527261898368],[-76.41878638792004,24.51678842757058],[-76.44376253230593,24.533822875275142],[-76.4753146286805,24.546576224183724],[-76.51359695857734,24.5563879940305],[-76.55660054936216,24.565371550826285],[-76.60037129252382,24.575859457763617],[-76.63976677170305,24.58980909554685],[-76.66959845022419,24.608323872849553],[-76.68589590536781,24.631411174449845],[-76.68698327560331,24.658033563668916],[-76.67408854357303,24.686431236878857],[-76.65130881376429,24.714621593986212],[-76.62490660026793,24.740935583476062],[-76.6020768412001,24.764443649780148],[-76.58945975188482,24.78515913486244],[-76.5917439895268,24.803973454673734],[-76.61068776313917,24.822354817762232],[-76.64478572614402,24.841907194924715],[-76.68965273658225,24.86392034037015],[-76.73902264986347,24.889037212371544],[-76.78611492920918,24.917126015577324],[-76.82503928562878,24.947382836561665],[-76.85190773669599,24.97862435483056],[-76.86540347531256,25.009675659356617],[-76.86669647585059,25.039730212880002],[-76.85876152157931,25.068565989229807],[-76.84530304778211,25.09654348764059],[-76.82958443921743,25.12437729022034],[-76.81347341646064,25.152744352367755],[-76.79694772942106,25.181847654495908],[-76.77817634532582,25.211075760113616],[-76.75413610858783,25.23887978280961],[-76.72158327195065,25.26293388754035],[-76.67810897241692,25.28056846703759],[-76.62298982521872,25.289386887706236],[-76.55760317446024,25.287917999587695],[-76.48529552859432,25.276133966617852],[-76.41074034486797,25.255684597170053],[-76.33895713929027,25.229762317872513],[-76.27425035350936,25.20260171606376],[-76.21934046113802,25.178711067409047],[-76.17489994655524,25.162005111232094],[-76.13959265587955,25.15503860075816],[-76.11058001812263,25.158520301020214],[-76.08433842199935,25.171222114232844],[-76.05755878717667,25.190304387112057],[-76.0278892074866,25.2119794662739],[-75.9943354296369,25.232355459000868],[-75.9572366610577,25.24826057701875],[-75.9178575401032,25.257855859619987],[-75.87774639685287,25.26089892423161],[-75.83807359830232,25.258609920603927],[-75.79916312579229,25.25319031882604],[-75.76036613655404,25.247129875975787],[-75.72031682871852,25.24248563100079],[-75.67749079787397,25.240317518135473],[-75.63088916129846,25.240419148677645],[-75.58062578763227,25.2414022154233],[-75.52821372843724,25.241099820185596],[-75.47642690788615,25.23717192561581],[-75.42873404494337,25.227746377447588],[-75.38843092650215,25.211924339412672],[-75.35769737210023,25.190020017148836],[-75.33684561355373,25.16347899445027],[-75.32399268812944,25.134506129296323],[-75.31528771865786,25.105509126605423],[-75.30568224017951,25.078508494305222],[-75.29008610651832,25.054668632723473],[-75.26464148387497,25.034068911006564],[-75.22780209232126,25.015767779883728],[-75.18093736657563,24.99813418340575],[-75.12828610233102,24.9793491751922],[-75.07623799722043,24.95793613658094],[-75.03208718070215,24.93317337551011],[-75.00253683197685,24.905280009520045],[-74.99230165920312,24.875333821930063],[-75.00313575542039,24.844957296344784],[-75.03351124265582,24.81587174480484],[-75.07901494028886,24.78945139127864],[-75.13335724206256,24.766402427063063],[-75.18974311053466,24.746650981083395],[-75.24227444458697,24.729461700573918],[-75.28705438186255,24.713742318921778],[-75.32274580680632,24.698436389730464],[-75.35047764104876,24.682880366472123],[-75.37315782050364,24.667010363484646],[-75.39439905525191,24.65134734841787]]],[[[-72.60412506122042,26.806897980574362],[-72.63129726473038,26.78912179635277],[-72.65676885813512,26.771550996201878],[-72.68422035379055,26.755252327943325],[-72.71568261466473,26.741195967384456],[-72.75098066103469,26.729739210027425],[-72.78784620404858,26.720240440526027],[-72.8226454321227,26.71094032084048],[-72.8515077070802,26.699178840054202],[-72.8715396292667,26.681926084096993],[-72.88179193924127,26.656515122185116],[-72.88371742446762,26.62140079194948],[-72.88099759258596,26.57674646204726],[-72.87878682784424,26.524670348920615],[-72.88257795316554,26.469059147162493],[-72.89698942365848,26.414961912332803],[-72.92478618198417,26.367684168775305],[-72.9663733846575,26.331782083638384],[-73.01986884450784,26.31018723070322],[-73.08170521091925,26.30366551670128],[-73.14757831397816,26.310736269074365],[-73.21347726412193,26.32806897494921],[-73.27652334905959,26.351262439004522],[-73.33540893358551,26.37582146704218],[-73.39034678923194,26.398101335525862],[-73.44258213567593,26.416001505829314],[-73.49364434226753,26.4292548544901],[-73.54458645747047,26.439260913829028],[-73.59545735818217,26.4485250304858],[-73.64517468879605,26.459860776166717],[-73.69184037350196,26.475566380268827],[-73.73340199143233,26.496784907653762],[-73.76845273337962,26.523204083541135],[-73.7969113865779,26.553159841138477],[-73.82034707794675,26.584101703286752],[-73.84180711461728,26.61328526740883],[-73.86514692945241,26.638501393262395],[-73.89401112819446,26.65864760457203],[-73.93073080253885,26.673995010893623],[-73.97544851273479,26.686089457585005],[-74.0257415654995,26.697324139049392],[-74.07689476345739,26.710305666283702],[-74.12280711539125,26.727185196171504],[-74.15734758873704,26.74912993296647],[-74.17584738839963,26.776069127669636],[-74.17636375105941,26.806773915116292],[-74.16038789427307,26.83924077214412],[-74.13279148874038,26.871266988960166],[-74.10098525104662,26.901055597017283],[-74.07345726613757,26.9276820799343],[-74.05801767462576,26.951298439671014],[-74.06015680013469,26.97302899387411],[-74.08190188813349,26.994602006669822],[-74.12143787013326,27.017834223617236],[-74.17357164134222,27.04412084345161],[-74.23091600593175,27.07407390597722],[-74.28550002642707,27.107403589375316],[-74.33041764421455,27.14306498975792],[-74.36112740924902,27.179617117847915],[-74.37611133545772,27.215680323100237],[-74.37676643307118,27.25034892835483],[-74.36659706505553,27.283426731704363],[-74.34995032775727,27.315403528825982],[-74.3306449449822,27.3471685651787],[-74.31085885193727,27.3795397947062],[-74.29055970441419,27.41275069336234],[-74.26760997491456,27.446059166552377],[-74.23849619114948,27.47761793215716],[-74.199468051774,27.504679004983558],[-74.14776888755686,27.52411438071954],[-74.08261969946628,27.533144527641674],[-74.0056890528313,27.530099712985383],[-73.92092199982544,27.515015200508557],[-73.83377513620694,27.48988898591539],[-73.75006380342276,27.458506098807835],[-73.67472682687449,27.425839164523186],[-73.61082729198391,27.3971435053508],[-73.55903415810046,27.376946914905318],[-73.51769353362492,27.36816660475537],[-73.48344027577885,27.371559721757027],[-73.45216298772431,27.385636112321443],[-73.42005276832761,27.40705252412737],[-73.38445714387431,27.431393290263237],[-73.34432597008107,27.45415147351498],[-73.30015781692269,27.47167865729288],[-73.25350036739918,27.48188260425702],[-73.20618587214413,27.484517506603904],[-73.15955542598473,27.481015073732163],[-73.11392201586428,27.473919514346626],[-73.06844341843345,27.46608582404327],[-73.02144642163134,27.459854298886704],[-72.97110231577673,27.456412332800046],[-72.91624116668885,27.455499327815573],[-72.85704095505058,27.4555172225804],[-72.7953525143316,27.454002126787167],[-72.73451764642148,27.448319514932553],[-72.67868175523479,27.43639060743428],[-72.63175502827694,27.417255197264414],[-72.5962934998775,27.39132605243533],[-72.57261663933654,27.360277127015774],[-72.55843458939138,27.326606989907734],[-72.54913513377835,27.293002912582047],[-72.53871057382108,27.2616787513222],[-72.52113347919521,27.233860927559935],[-72.49186275254871,27.209553233307275],[-72.44911079553881,27.187634839085263],[-72.39454327632475,27.166256052546856],[-72.33320817064234,27.14341616767973],[-72.27267281628879,27.117559243591284],[-72.2553700362545,27.107566589233887],[-72.27548641553497,27.079639676226304],[-72.33492935711999,26.986269448422966],[-72.28950111234026,26.92038606207428],[-72.3461132547175,26.898221226742347],[-72.4130656285641,26.87674673627181],[-72.47539682684437,26.858131289968355],[-72.52856079595816,26.84103019919163],[-72.57102029851913,26.824198267029605],[-72.60412506122042,26.806897980574362]]],[[[-72.03470807395456,29.63747400609194],[-72.05931998879504,29.623487364190346],[-72.08747566874514,29.6114664031368],[-72.11901535674421,29.601720139949716],[-72.15192791209829,29.59368041755921],[-72.18299979314233,29.58580258816096],[-72.2088169890913,29.57575963286502],[-72.2268393111772,29.560908906892386],[-72.23625239401164,29.53893290939969],[-72.23836648465947,29.508499742668654],[-72.23645558613406,29.46977089733953],[-72.23508223283186,29.424610628954657],[-72.2390902930695,29.37641818027164],[-72.2525326425476,29.32959578899879],[-72.27780993471796,29.288758157350237],[-72.31523116509446,29.257857806455515],[-72.36308782275758,29.239426629257505],[-72.41819591726927,29.234109866435073],[-72.47674110616846,29.24060086525024],[-72.53519126791805,29.25599049664961],[-72.59103447078832,29.276447256003177],[-72.64315848609388,29.298066572492964],[-72.69179475564327,29.317689548020162],[-72.73807595366598,29.33350183407244],[-72.78336650583368,29.345280284476974],[-72.82858758332347,29.35424410081469],[-72.87375372974898,29.3625655413674],[-72.91786897884039,29.372677603195953],[-72.95921723105842,29.386561723095507],[-72.99595839120235,29.405196839568433],[-73.02684393232656,29.42830381260679],[-73.05182094758989,29.454439224544256],[-73.07231573171708,29.48140081719192],[-73.0910724038472,29.506826896376424],[-73.11154798998552,29.5288246400784],[-73.13699890670644,29.546459589327743],[-73.16949653959642,29.55998066532048],[-73.20914970165245,29.570729306083866],[-73.25377433453158,29.580766518309183],[-73.2991436023735,29.592324551252652],[-73.33980265745834,29.607232085614324],[-73.37028150235277,29.626464063273136],[-73.38642618205974,29.649930651838286],[-73.38652261710351,29.676554429435388],[-73.37192199073608,29.70460731533965],[-73.34698604518198,29.732209049243043],[-73.31833088654004,29.757846223389542],[-73.29352062511127,29.780767842024687],[-73.27950305155719,29.801151796761417],[-73.28115003328175,29.82000514411608],[-73.30024469878155,29.838838395477765],[-73.3351501235909,29.85921649469349],[-73.3812284917481,29.882319044988183],[-73.43189893434742,29.908633236548276],[-73.4800719996597,29.9378600882502],[-73.5196150340356,29.969051570309865],[-73.54650447626915,30.000930079680913],[-73.55940655130367,30.032289539061363],[-73.55957561884541,30.06235283650793],[-73.55013252818843,30.09097113210805],[-73.53493957052545,30.11859564390565],[-73.51738395594862,30.146020698147524],[-73.49939374949678,30.173968770758755],[-73.48093741686306,30.202642128248986],[-73.46012211582207,30.23138445139252],[-73.43384413454072,30.25857294770649],[-73.39879990185345,30.281802633965487],[-73.352574337741,30.298345322459106],[-73.29450738489689,30.305787197704863],[-73.22610280179812,30.302691552156368],[-73.15086895330784,30.289113412607783],[-73.0736355993979,30.266817970060426],[-72.99953092086156,30.239121111476273],[-72.93289004004303,30.21036246346116],[-72.87637675482466,30.185115349243347],[-72.83053391840957,30.16730838612333],[-72.79385677186036,30.159460666256543],[-72.76334318103292,30.162209028312567],[-72.73535309319249,30.174237913840543],[-72.70653703282319,30.192627004137606],[-72.67458676531163,30.21353281858294],[-72.6386205317956,30.233041821811398],[-72.59912421325708,30.247993544118682],[-72.55749873218826,30.256582612548748],[-72.51537661845379,30.258606112446053],[-72.47393404320084,30.25531284509198],[-72.43341983166631,30.24891052735524],[-72.39305171979596,30.24187004965859],[-72.35131428752358,30.236211583425245],[-72.30656716684665,30.23295494836581],[-72.25777272797396,30.23186815642717],[-72.20510774915378,30.23156686369547],[-72.15024693237977,30.229924850661806],[-72.09619304576637,30.224675588490992],[-72.04665717949628,30.214038252961597],[-72.00512838079321,30.197200284823325],[-71.97387558774965,30.174532326844478],[-71.95316403129212,30.14748697047911],[-71.9409285056194,30.11821845310127],[-71.933035652284,30.08903276691273],[-71.92411583390583,30.0618182803922],[-71.90879281648301,30.03760717122972],[-71.88302638336302,30.01637942038663],[-71.84523868484142,29.9971544626758],[-71.79693236465917,29.97833783055932],[-71.74262088005125,29.958221379906067],[-71.68905405554452,29.935494868569066],[-71.64389568689329,29.909626135352728],[-71.6141501856521,29.881007855104905],[-71.60470346612884,29.850838716825102],[-71.61731959123745,29.820784139768183],[-71.65032455613809,29.79252261110839],[-71.69904127702625,29.76731115771442],[-71.75685914338408,29.74569170219345],[-71.81667279054028,29.727415131800676],[-71.87234353126277,29.71159587689827],[-71.91984121750112,29.697044013758987],[-71.95781178841268,29.68267118781695],[-71.98746432264782,29.667844338361274],[-72.0118438085014,29.65257439173521],[-72.03470807395456,29.63747400609194]]],[[[3.5903835025981525,-55.220281429182634],[3.206346217183358,-54.83360001900777],[3.873780246003585,-54.7675732437457],[3.972826192016127,-54.75727783061124],[4.139767632979181,-54.506764051350004],[5.147977837408302,-54.46186840130571],[6.342690672858592,-54.07470120646228],[5.499166230337589,-54.56683121639156],[5.639773457880195,-54.745690534974905],[5.700672644057578,-54.82242278714209],[4.313926419494974,-55.31587339725224],[3.5903835025981525,-55.220281429182634]]],[[[-5.455301953320601,-54.81222742743329],[-7.502103385465248,-54.73392868287592],[-7.44280680329943,-54.5723224385044],[-9.069826315701183,-54.20510350803652],[-8.681092251128323,-53.81633142110695],[-8.038529528850198,-54.22738295417206],[-6.9509316982203035,-54.27267021533909],[-5.936677899814436,-54.426500300226685],[-6.0086155488516155,-54.596585253696084],[-5.221653401387253,-54.53077816512602],[-5.455301953320601,-54.81222742743329]]],[[[-21.39436532767982,-49.042946787504405],[-20.88865304793566,-48.63670388321447],[-19.69249408805728,-49.12461938799621],[-18.504695019022243,-49.359354701284026],[-17.60857484625074,-49.51444948822844],[-18.492686663314018,-50.12688645381846],[-18.515248804704477,-50.458489367663034],[-19.084476697149768,-50.86150637732015],[-19.715505904051028,-50.264767589491974],[-20.215693163767153,-49.99360799873985],[-21.39436532767982,-49.042946787504405]]],[[[-21.496051329191484,-43.29225615256994],[-20.673862919854145,-43.19114483099987],[-21.095866964956027,-44.002049504286035],[-21.925878835693144,-44.55366708303113],[-22.194842733335992,-44.20696963418655],[-21.929904816737725,-43.53913814680111],[-21.496051329191484,-43.29225615256994]]],[[[-172.83464994894925,-55.900717567182284],[-172.16640516550225,-55.648165639845494],[-170.53596495586893,-55.67469255702565],[-169.70999123601837,-55.45150446547247],[-169.09880574948176,-55.42638696462988],[-167.81530111145128,-54.83692697423148],[-166.71361670653747,-54.49604160602375],[-166.06469484063513,-53.988492270959895],[-165.47190680142603,-53.85380033912183],[-164.72017118439797,-54.08359488135287],[-164.26098626908302,-54.01053166090948],[-163.43177262385385,-54.31118558505609],[-163.4506156419557,-54.167532800256666],[-163.11378852862407,-54.38137528853351],[-162.76446264749887,-54.931776261920845],[-161.89455648141734,-55.45798781522226],[-162.22497049088412,-55.72690969580976],[-161.68528497676115,-56.43316300412858],[-160.08781322863567,-57.08348497930888],[-158.7126025674699,-57.680366328333875],[-158.70820973459053,-57.68217349071328],[-156.56769502682852,-58.57857316555104],[-154.7703151254307,-58.940303229874154],[-153.47924300201794,-59.40543919350828],[-152.15401392369034,-60.14152005170692],[-150.99784446093514,-60.63926036106143],[-148.70497986208082,-61.75469025429281],[-147.18534854362989,-62.719452407514076],[-146.26562059863036,-63.088315069949],[-145.07665476059285,-63.1963040446325],[-143.0826443450816,-63.53537830671571],[-140.4484241884022,-64.11186343845134],[-139.11291515800824,-64.42872557196712],[-136.24089055483967,-64.56807313434142],[-134.82373878233977,-65.04566666270307],[-133.5566796823436,-65.39420521087277],[-132.13221413378506,-66.06357652666179],[-130.87593761223624,-66.8988440350346],[-130.09023653594838,-67.20363433992333],[-128.70589975382035,-67.99948824055186],[-128.18790503399217,-68.42940939379882],[-127.63293718089444,-69.2671027294167],[-127.11995204188044,-69.78101488813736],[-125.50604365418609,-70.28667404116446],[-124.0069339419168,-70.55393021588284],[-122.6308770349065,-70.49222689933809],[-120.66176951762245,-70.57040817568523],[-118.72471062611505,-70.6413060179843],[-118.237878860865,-70.78310810379003],[-117.56649984708737,-71.23231826547551],[-114.43790464486563,-71.3649053795895],[-112.25448596139435,-71.43029641500738],[-109.86792447157738,-71.17975154565279],[-109.38921593405354,-71.33142505074704],[-108.33412878543808,-71.29425889686785],[-105.85357894032981,-71.24913036533496],[-102.11540861605454,-70.69454405229384],[-98.6513295839605,-69.85522117534767],[-96.07592816814831,-69.29876903669671],[-93.07033415255731,-68.7703297092871],[-92.15617905865635,-68.81640845465503],[-91.28426109145468,-69.04371573430667],[-89.24024204787109,-69.28965451134577],[-87.11887740178562,-69.46912975284694],[-86.71805719574203,-69.2746156548876],[-83.45781829145734,-69.52694063964397],[-81.1632215134888,-69.57252388087326],[-79.4881432241088,-69.08312096741851],[-79.24283378529096,-68.60534198466142],[-78.14342723995011,-68.32407940299777],[-77.89746763680783,-68.04595057437477],[-77.16789594498567,-68.00158491126102],[-78.61829011755323,-67.05639890152547],[-78.6615209250052,-66.67487858686262],[-79.38320022576374,-66.33656046365275],[-79.65636269812836,-65.54646645920526],[-78.40653360604469,-64.9123956563719],[-76.89512751443924,-64.45025293591188],[-75.76857437209928,-63.621556250524804],[-76.15717122812165,-62.89528550380667],[-76.55523589896096,-62.03748780745443],[-77.14422728973007,-61.256223515398425],[-77.88729020124077,-60.51059526126378],[-79.56055310564106,-59.07240336611472],[-80.37579802014655,-58.57625892426012],[-81.15300736486671,-57.726479748334064],[-80.8492731500417,-56.808592513139516],[-80.97654280014305,-56.36063465987206],[-80.79372916247749,-55.645967076831944],[-80.96090560932993,-55.014480722433056],[-81.51121907418334,-53.86551287683538],[-82.12740128766293,-53.21144873521626],[-82.89952820009167,-52.267796822087284],[-82.88752084531029,-52.07352064809387],[-82.9429920647691,-51.81435333269353],[-82.34938582872114,-50.74438107574482],[-81.32123625482372,-49.76155809440518],[-80.64355422064651,-48.85475120110764],[-79.80730553682028,-48.10858597042735],[-79.75047040570213,-47.83359978363727],[-79.3028448368816,-47.07133495440804],[-78.63423826356244,-46.484722299120435],[-78.14768891959001,-46.25954293490978],[-77.12120902285524,-46.02446384754119],[-76.38794614451021,-45.49906271863284],[-75.93393105653438,-45.0540706127151],[-75.8163378163103,-44.78307313798588],[-75.60216299846991,-44.50613789084681],[-75.02197055328935,-44.31666395198202],[-74.75684355652032,-44.13462974291904],[-74.60733833092598,-43.823519996772134],[-74.17767870819743,-43.23036993907471],[-74.1958107450388,-42.81271870860401],[-73.8777148598607,-42.53843486923335],[-73.67364093130128,-42.51463678411628],[-73.47058328891836,-42.180869809965365],[-73.20420074604245,-42.07776021516706],[-72.23920773921813,-41.765118773151436],[-71.6224999908564,-41.79239667533596],[-70.72636343159442,-41.23049058149477],[-70.41088408510306,-40.679760833527844],[-70.03780931668787,-41.050175653931454],[-68.9834637125813,-41.33625266995037],[-68.24449803469999,-41.42884679785022],[-67.58016502587536,-41.2090868471268],[-66.85285825258659,-41.33478437157055],[-65.60629792797555,-41.185851814100126],[-64.39500462783393,-40.7965822661336],[-63.81534026419866,-40.538009416215324],[-63.153364754800684,-40.47363113827204],[-62.6615718303114,-40.094184362937646],[-62.330914388889845,-39.49008973209588],[-61.795966468540016,-39.39324098113672],[-61.21098899914109,-39.283918880442556],[-60.725031346520154,-39.5291452692079],[-59.955703784253814,-39.63577288157489],[-59.5708916625675,-39.462234055236166],[-58.57094684554267,-39.505921623740576],[-57.56031027861965,-39.74346866416212],[-57.21452937428766,-39.96595521928742],[-56.39160141041569,-39.9615059271671],[-55.743178671804195,-39.77017048766816],[-54.83637770057993,-39.81637497350669],[-54.079023201342984,-40.20626432373274],[-52.55309729794468,-40.27177930082815],[-51.81415332451769,-40.504519011488],[-51.18430664512879,-41.181321847682355],[-49.944280992415955,-41.46370059811785],[-49.34593766208047,-41.71481909383684],[-47.886155801866664,-41.918153175673794],[-46.61979664992457,-41.08491333383628],[-45.4273687934955,-40.89810662149277],[-44.762707314342826,-40.70568257790185],[-43.62502919200046,-40.77756607652389],[-42.49273693994369,-41.20009781646035],[-41.56420378092365,-41.452347692305736],[-40.023699919465095,-41.25937613898427],[-39.17347189383156,-41.07727824240501],[-38.67501774884684,-41.542852123081595],[-38.691306610628885,-42.19147829926609],[-37.937126593653325,-42.73608596375661],[-37.39569137085935,-43.51542591233735],[-37.076575909800106,-43.7853750196482],[-35.780074209474684,-43.98213812557708],[-34.74787199250099,-44.4843741903815],[-33.83157643903094,-44.544206192044314],[-32.7427998460779,-44.850246664006136],[-31.125783519687268,-45.61290587311021],[-29.573801135975714,-46.38573485093049],[-29.242155243176907,-46.750843431372274],[-28.016025754071595,-46.886489126886566],[-26.98825648843311,-47.37361221434499],[-26.787036500075104,-47.7494186823462],[-26.05926314098855,-48.00328166412292],[-24.639232176165372,-48.12906434368425],[-24.016141255988003,-48.52010267075418],[-24.440702966535916,-48.94217838261358],[-23.266259948867873,-48.96773950974072],[-23.33604399320436,-49.16270245744498],[-24.2450895838931,-49.38455824486866],[-24.617916731462355,-49.77900035510199],[-24.44084597578465,-50.1361057849209],[-25.286034534657666,-50.82280637661205],[-26.43698582900222,-50.962155528343565],[-26.695062555302155,-51.50573030473738],[-26.12492111042449,-51.750299153270824],[-26.244637194941497,-52.26467313499839],[-25.93541633453229,-52.56482392378542],[-24.82097946811499,-53.36411554426253],[-24.23494947045698,-53.463699014682305],[-23.32923930819021,-53.94696030058153],[-21.96908509938651,-54.85578991206468],[-22.030224617018142,-55.828933626013836],[-20.936847325436833,-56.33301509722248],[-19.222400631792457,-57.20081915992014],[-17.97461615538817,-58.00236198004516],[-17.06117160246123,-57.90603744281246],[-16.047090179265023,-57.60854933924247],[-15.938325423139748,-56.81934623418622],[-15.199527656794839,-56.44216339867541],[-13.902019664341756,-56.17576251732474],[-12.834218878913184,-56.203817039241684],[-10.92908074777631,-56.681034837864495],[-10.59578243009493,-57.180603920782936],[-10.028781359822688,-57.25135940879117],[-9.602635419491694,-57.472738216277314],[-8.094816265999915,-57.74091476510223],[-7.810684716388907,-58.10045416974035],[-5.6777842258808136,-58.240459408957705],[-4.169102406086314,-58.5861603606599],[-2.5741165637136203,-58.93930608253849],[-1.8168196408567305,-59.11265488434418],[-0.5229032003408406,-58.811665958599576],[0.1553380090046123,-58.52636035185591],[1.5902310118000398,-58.43053338371428],[2.759813183690687,-58.529645393800386],[3.2672194204372147,-59.010365766412356],[3.6060198516251107,-58.67065910892772],[4.963217994071059,-58.84610810383189],[6.25866822836818,-58.826093283359576],[6.996300068391352,-58.519646434527886],[7.372559373095217,-58.15739550181434],[7.247364220674031,-58.1100957133372],[7.532019085009811,-57.61410410825471],[7.626401596182467,-56.84198912504057],[7.768581148614262,-56.57290675907293],[7.806989111805805,-56.5591097927366],[8.090186572744743,-55.70649203979525],[8.584229332658992,-54.94070063735439],[8.599707994696042,-54.90368031046864],[8.234309153380227,-54.164470822723096],[8.44233433416255,-53.72418901060872],[7.816340778962698,-53.32956782906908],[8.20777052577887,-52.906842079704525],[7.430318351479254,-53.07378073814637],[6.270742758334393,-52.94613736279428],[5.476770173375095,-53.587219618970245],[3.434913676867613,-53.81726625435529],[2.283420699643931,-53.321836533514684],[0.8346758472875536,-53.31755395153817],[0.5331355689165236,-53.735057772333995],[-0.41062624382395324,-53.85463812903337],[-1.7007254448753593,-53.304312292097144],[-3.165070036754323,-53.275951271372755],[-3.817352730621225,-52.248129044915906],[-4.663697302499186,-51.64189630886059],[-3.9396018728824216,-50.904174077897245],[-4.637459991805261,-50.3812119048612],[-3.1891150663302237,-49.50416541451872],[-1.3830349876058297,-49.525675635830694],[-0.8673070948619792,-48.7741556839516],[1.313791178526997,-48.89915403173342],[2.6294849557453337,-48.20977437882757],[3.8908707038331487,-47.86152110146251],[5.7045394314677,-47.702072754623735],[7.7917262646728265,-48.193134971772736],[9.4983448753408,-48.35652823748564],[10.726373411483896,-48.00200765206611],[11.697243443941435,-47.92085297397402],[12.740666177463936,-47.17002034128264],[12.711632987292855,-46.728833035605724],[12.167018295930038,-46.13019379228469],[11.432886577936276,-45.89441033266505],[10.828398509005238,-45.89039951226678],[10.347477319335944,-45.661242003266196],[8.797231668589092,-45.05094981775531],[7.56361458828897,-44.84365160482818],[6.574726245862145,-44.37144882995861],[7.240439513031468,-44.12646937954388],[7.808174291705898,-43.196263950328905],[7.187760625625227,-42.8805965606059],[8.419771954267613,-42.280543694365356],[8.332835755932164,-42.07066191795834],[7.570734440531993,-42.35266550022854],[6.866223098664238,-42.53166085561946],[6.329831388204342,-42.92705240022585],[5.472239526208713,-43.075566896268654],[4.729776874619064,-43.521621637691474],[4.889817784947447,-44.13417738923537],[5.407273692395973,-44.329505638286726],[6.383364905606433,-44.16537596879459],[6.271700465035512,-44.53931443466366],[5.2291910001238895,-44.82041916466387],[3.9606591168454623,-45.50419182394885],[3.371594841791171,-45.33718990255037],[3.5357977094003084,-44.85557705003243],[2.424195889091797,-44.620549029091656],[2.581002911285301,-44.42143492306714],[3.4764088038703913,-44.0393936648745],[3.1715600380955564,-43.827964430054124],[1.664003928747233,-43.641174087893134],[1.5777447381023983,-43.27063193335584],[0.7085623284037394,-43.412239255902676],[0.3643057230341187,-43.966328562988515],[-0.3926784914057744,-44.705366567562564],[-0.3730034009944494,-44.96326184652987],[-0.8635789677767503,-45.1732191587274],[-1.165367495888517,-45.074301431171854],[-1.507952550050452,-46.273503950614945],[-2.0800005304886877,-46.671125981421305],[-2.5292478187015517,-47.37076217906673],[-2.2227304373312133,-47.95362594861],[-2.1195280743250566,-48.34221126777879],[-1.1511256469888045,-48.68991190239991],[-1.3699305619021933,-48.93086024826294],[-2.736077515028689,-48.94325437151795],[-3.2602593148565884,-49.22941222743367],[-4.3058990187523,-49.71094139803433],[-4.599935672553757,-49.22334482398962],[-4.551063180983492,-49.019156291486716],[-5.243915267579416,-48.938945187719725],[-5.820236442755197,-48.794808179367585],[-7.256727797642661,-48.91398024537978],[-6.594903182105046,-49.55244432749532],[-7.22705213836199,-49.652320168587636],[-7.876495128138485,-49.58007758449421],[-8.339292038332136,-48.999368510269335],[-8.618559046499971,-49.18707178301354],[-8.538916474322772,-49.806205166625],[-8.084080921948546,-50.339440013409366],[-8.599617587812237,-50.50012137339823],[-8.059997860669599,-51.03362227182746],[-7.5298887775010535,-51.38637033285754],[-7.663758832973574,-51.945363998691455],[-8.747764297138602,-51.552657827242975],[-8.533445440753601,-52.09771655513104],[-9.372682110268029,-52.101842388501574],[-9.176330655469464,-53.027495337330954],[-10.048955238387085,-52.928702169963],[-10.942422768084779,-52.35565823389959],[-11.100777889085398,-51.507390740263894],[-11.055504614346093,-50.82861247434207],[-11.341006898203396,-50.307487075562584],[-11.71075189419782,-49.654109230776],[-11.673132541580028,-49.36554757104847],[-11.838289325546835,-49.263404013105436],[-11.771388277115161,-49.047280807934996],[-12.25216720279436,-48.6088352042796],[-12.148619733684276,-48.132823364785345],[-11.778018355295504,-47.494454475819694],[-11.509250302440783,-47.2228903281079],[-11.624476065113784,-47.0373761577809],[-11.813237147128719,-46.92038858563362],[-11.972431371872148,-46.54903829020352],[-12.333952756821587,-46.267715544780664],[-13.123643360902605,-45.70753988755768],[-13.535222818447684,-45.23225553487751],[-14.283526572923817,-44.73184987790247],[-14.720400313851739,-43.83111310636008],[-14.496593949260657,-43.812201606048475],[-14.710881051441653,-43.30376177720448],[-14.562688826734831,-42.98368925784337],[-15.060857047213243,-42.672274848574084],[-15.554759591351948,-42.991895250250934],[-15.644474796047914,-42.602700547726876],[-15.445519487942523,-42.287843455077976],[-15.406028050072957,-42.28234355845022],[-15.164655197091484,-42.25688514934155],[-15.782520008785024,-41.90997365517794],[-16.6748701316092,-42.00806782876698],[-16.901381395431137,-42.47690861443232],[-17.16863423065831,-42.700645374141],[-17.16392610301729,-43.261056765768664],[-16.588815649730357,-43.994449634032954],[-16.56901686453453,-44.89866921093912],[-15.919440045442933,-45.95602678072486],[-15.13274513550044,-46.15998621409203],[-14.998260175470552,-46.43041802189037],[-15.384985711751904,-46.543448152044085],[-14.644995264463311,-47.114727565532895],[-14.019369674456591,-47.582340403839396],[-13.338776848460164,-48.280543525062896],[-13.310286509282468,-48.48251871080314],[-13.681492438724502,-48.77989435046026],[-14.069655090135777,-48.20349189443358],[-14.92360574392485,-47.83050928641701],[-15.71019065170353,-48.32636270142724],[-15.113343584185717,-48.86648548098644],[-15.516825622010838,-49.32574668271768],[-16.01597468147794,-49.2676917209165],[-17.09845089779416,-49.91460938172699],[-17.616128426029537,-49.86150931573124],[-17.43068488505022,-49.580122195088464],[-16.89326857920305,-49.14366253450705],[-16.53289807623582,-49.00766539246635],[-16.634957605828102,-48.357388545983426],[-16.67904620088294,-47.80216142270471],[-17.045190075932194,-47.56622497350024],[-17.10575732804621,-47.0813358739663],[-17.65627239034663,-46.7222587023719],[-17.854326140615775,-46.22278308285607],[-18.545464044285783,-45.93268369291964],[-19.02367784665354,-45.27345070139515],[-19.474787923953798,-44.38848483534415],[-19.728299972228353,-43.64782506118519],[-19.379445425770378,-42.666045343145015],[-19.736179836375133,-42.396610398498794],[-20.21543805298638,-41.82857301080219],[-20.689461002699122,-41.785535206852956],[-21.484638771327447,-41.97949385150087],[-21.881984824844725,-41.888991789219915],[-23.034286580842934,-42.0234863165287],[-24.43274216943781,-41.00378450160475],[-25.82193158112043,-40.64892940977568],[-26.3881975776034,-41.08061714665561],[-26.81369935218436,-41.56745597469209],[-28.109511099647047,-41.65500512104654],[-29.28125600657737,-41.20255141398658],[-29.640677007349282,-41.41430813516914],[-30.597876694334943,-41.522766566557095],[-31.62467538009749,-41.926656052581784],[-31.84623809783699,-42.55244952361868],[-32.70864813847141,-42.56956717097997],[-33.48941102899907,-42.92041288726038],[-34.2601632937827,-42.64129348206969],[-35.54660580420051,-42.772198484769866],[-36.49927456967077,-42.03600855073116],[-37.161029758531285,-41.451954992991816],[-37.95532230061136,-41.300445304099014],[-38.60450311753271,-41.306247449426166],[-38.852613933282676,-40.94747297729022],[-38.75493947592369,-40.50261085328718],[-38.3571438385465,-39.96376434086056],[-38.80414376268596,-39.28481712087591],[-39.32335541262524,-39.191105287001605],[-39.50937126340603,-38.77090958393759],[-39.93919873187862,-38.50721390108859],[-39.048967567448614,-38.133823131769866],[-38.48709881370432,-37.701387603701775],[-38.663426476043874,-37.366401309198224],[-38.42624392397968,-36.988452221499],[-37.72987723501268,-36.63985411054555],[-37.13754867143198,-36.658908317877575],[-36.70117687655139,-36.450472990443885],[-35.996194168504374,-36.19701945444887],[-35.60325039962077,-35.91623488763942],[-35.378122816131906,-35.572481485489085],[-35.08386917043834,-35.33310660793013],[-34.3846389599133,-34.90702467377373],[-34.21285556317132,-34.3990830035497],[-32.734918164331276,-34.70938458530165],[-32.172973078695094,-35.487198780762355],[-31.342614311539187,-36.189545735572615],[-30.81891922291685,-36.858852474877125],[-30.23308224176897,-37.24314856415644],[-29.178155700275674,-38.0682172539197],[-28.3180191931641,-37.86922172098505],[-26.560613381436756,-36.446006867575015],[-26.388206458790066,-35.18667265711725],[-26.443408992401288,-34.47692667085754],[-27.052941283161946,-33.50321824158575],[-26.52126392097267,-32.92178373300805],[-25.587950356648655,-33.3291029110432],[-24.770939016721947,-34.24004211582513],[-24.101615961637837,-33.232806717982655],[-23.851384573278487,-33.950812371185435],[-21.833284705155883,-34.23107665117099],[-21.07659786759321,-33.67082013989247],[-20.39367722104093,-33.813658375996255],[-19.75794994041492,-33.92377049257875],[-19.25431706293152,-33.86400869267746],[-17.790975752208016,-32.885285480541896],[-16.698071164849107,-32.92742045711974],[-16.195364148390816,-33.18750076423626],[-15.955098168982838,-33.05439064162649],[-15.400008511236392,-33.23185542418793],[-15.400522829236394,-33.47814944478633],[-14.709691256103916,-33.21169576121435],[-14.659645701653593,-32.81596059845738],[-14.395964500829885,-32.293446353569124],[-14.356754437584984,-31.693207273620985],[-13.853078661248562,-30.765791585618484],[-13.62142579163664,-30.561867194938948],[-13.308764674042004,-30.357394258358926],[-12.774727700191615,-30.499807352164474],[-12.444313345300854,-30.324245695954207],[-11.856840465226073,-30.233991711573864],[-12.106744410899013,-30.701284572304175],[-12.427487100461162,-30.938320056736963],[-12.485462571649267,-31.221596220922528],[-12.231649425141322,-31.477196381175446],[-12.549814115824566,-31.772656414679513],[-12.679183901889628,-31.60767062451462],[-13.456237656494942,-32.104019383871915],[-13.524607335299404,-32.611818822547576],[-13.70108035163633,-32.96876761501896],[-13.169509953472671,-33.41706959584098],[-13.343305642078517,-33.74123683673025],[-12.594308557070095,-33.79597627605164],[-12.106772365180152,-33.661278241969576],[-11.529504372274781,-34.262456919554204],[-11.341930489640104,-34.655909715550344],[-10.763583526305007,-34.509228011324474],[-9.541314441744714,-34.34327542043477],[-8.581977403856381,-34.21602831987943],[-7.957553582471207,-34.52325474052768],[-7.976851966882094,-34.77058758794065],[-7.315014133109512,-34.911209182725734],[-7.042868655360051,-34.51005380462582],[-6.024928596016485,-34.3491168251937],[-5.9795513861208205,-33.50078416931181],[-5.790508231789971,-32.76462250926855],[-5.346216069797602,-32.19433941685519],[-4.692183593347358,-31.93981480786099],[-4.319956694684147,-32.74142363124424],[-3.802016038572319,-32.77899387962602],[-3.5717263249761544,-32.0290174602746],[-3.420000063223083,-31.45007077600037],[-3.6623450245975167,-31.552456582237447],[-3.9950875548754516,-31.15781494263733],[-3.9569696712003326,-30.582352309501925],[-3.174679278532542,-30.384486024080292],[-2.421765664696756,-30.301462003800715],[-1.7994494189471983,-30.506155947859202],[-1.1899797950868292,-30.503506624439783],[-0.5088003252026967,-29.968006099147466],[-1.0913751377653425,-29.478138528487687],[-2.1227308304986505,-29.50671036816601],[-3.161908056769485,-29.790681009528928],[-4.124374689967897,-29.896427280817456],[-4.3591858119778255,-29.31424624375325],[-4.835552158063997,-28.912624090129587],[-4.525640422620399,-27.959975347401993],[-4.604208681661608,-27.03236371573392],[-4.253940844031958,-26.495199776941753],[-3.6998151912373136,-25.93768719012022],[-2.463147721079539,-24.984352594438963],[-2.1317415194707605,-24.80282338161625],[-2.1377705124316684,-24.377664874344585],[-2.7063240957844648,-23.848958533320822],[-3.5101356388690887,-24.036237039234482],[-4.069457665626384,-24.661100820946153],[-4.109743966153231,-25.276065025652763],[-5.031797847196587,-25.94002414233531],[-6.187883448133445,-26.59117663552558],[-6.946320353143451,-27.873657339647032],[-6.763394491695081,-28.641533428599583],[-6.384401605737211,-29.290761025316105],[-7.209408863245214,-30.279028088038235],[-7.881282650497944,-30.368817699176205],[-8.639379418132647,-31.93046457167682],[-9.308280553503218,-32.74036915210286],[-10.03832810904959,-32.444381136199766],[-10.698667747402885,-33.09381856178586],[-11.4552793813945,-32.914665361768186],[-11.260488900212385,-31.966871497797033],[-11.28519411576213,-30.743588033439288],[-11.114979624082018,-29.280949021720993],[-11.213674172811286,-28.58275437963165],[-12.812283008121392,-29.230688008375036],[-13.653756869233725,-29.13661509449801],[-14.124555301524932,-28.351800678756447],[-13.737313838136641,-27.316144821297605],[-12.683090356428725,-25.205211592556623],[-11.937724728031517,-24.829741391843207],[-10.351704226500527,-24.580418182730504],[-9.039970327905813,-23.959685035447766],[-7.72760458300138,-22.919345482617086],[-6.119082535612991,-21.369941240396813],[-5.261288958398269,-20.81057428688343],[-3.9459105603310847,-19.80879732631818],[-3.0799056362305905,-19.512473368214184],[-2.5035468364504982,-19.645284234102807],[-1.8709820327679603,-18.8803689105183],[-1.2498029849488819,-18.974067420989407],[-0.6248924807344899,-18.80450943136597],[0.4591810676606344,-19.540898024920345],[0.0019791468374503137,-19.81372060825075],[0.4103702573626891,-20.437951274414292],[0.7799772026474934,-20.079597971543524],[1.4252072098702735,-20.65150980445262],[2.4853260609286885,-20.795067509682085],[4.142904408116084,-21.69422880290318],[4.552752631375572,-22.101713453427127],[4.729863791962742,-22.747365945712893],[4.372810347790395,-23.350335051213992],[3.713869488438235,-23.728221981141786],[1.6810265148596428,-23.182782606224002],[1.3749433614386766,-23.329271209367317],[2.150247299134979,-24.00950218010224],[2.36291013539012,-25.48348773477716],[3.015744839970541,-25.72631145699098],[3.430482738856102,-25.939818573857764],[3.4189826213068115,-25.45185056558555],[3.060208702272473,-25.04543980084503],[3.3120586111177386,-24.648948668301486],[4.540716697050881,-25.097892339794484],[4.879594278189602,-24.789594365712723],[4.419470874575317,-24.125493876968108],[5.21075325244966,-22.971353306046556],[5.614755998015027,-22.940272013960005],[6.106536555695297,-23.183132871191376],[6.151224663539006,-22.458675564088317],[5.64285416067005,-21.969192643130732],[5.669432973904943,-21.34337355235829],[5.217156136319056,-20.813341653198364],[6.370156455310353,-20.839508686269117],[6.771943564198295,-21.307698754300993],[6.317732927789789,-21.569701569093272],[6.493652448502643,-22.101665704968987],[6.9227696109672525,-22.33663988190394],[7.47205569898331,-21.937457546848695],[7.339782912959849,-21.30430001410244],[7.95286214195132,-20.580466920484547],[8.841495245542626,-19.28243702715136],[9.124100008718509,-19.209042014210127],[9.056058425740645,-19.912447070420555],[9.546318095599025,-19.805812972768063],[9.634574404907728,-19.381385856848606],[10.264065530694948,-19.03315446697403],[10.54160057825647,-18.40509426552702],[11.245973115905771,-18.705301614388794],[11.241886417373642,-17.92416107096072],[10.587132362127582,-17.63260434147309],[10.564877218960612,-17.257034081238437],[11.632502282899953,-16.940099486743925],[12.236489651915788,-16.906832683905474],[14.0585140928487,-16.974858887041265],[13.895272838969932,-16.417757462614205],[13.247031394763813,-16.255063836990963],[13.096666144053186,-16.09921401562618],[12.690554459833546,-16.29223648782683],[12.473663616788066,-15.851399563676793],[11.821518727118207,-15.354751608183749],[11.607873784872101,-15.109544427524174],[11.487925346222994,-14.03736747084601],[11.039975857057765,-13.215086639647492],[11.07746778238832,-12.92366920296867],[11.847991030906956,-12.591839403531639],[12.290733336481418,-12.948018072024567],[12.647943329592291,-13.738188600497196],[13.023624471574266,-13.83045744587645],[13.605107573782046,-14.25692243424555],[14.540479966718397,-15.289274866281291],[15.284016952034882,-15.437773383069388],[15.66296176420405,-16.019221967367457],[16.13671395361178,-17.566909966899253],[16.589724303614222,-17.350237397369877],[16.44044719470635,-16.983253531346246],[16.565459590500556,-16.491685078124586],[16.26641828956773,-16.075550954268806],[16.14026908657213,-15.508510588591797],[15.555153827484203,-15.279270443223579],[15.177917766510397,-14.703135992191926],[14.836999902913885,-14.929626761774445],[14.364553106061901,-14.60122103977502],[13.817757176857054,-13.706316034174405],[12.91612166048964,-13.433653236906995],[12.82561925999502,-12.562057057534576],[12.251400325671904,-12.119657827637802],[12.338658607030746,-11.997648005542231],[12.862172218182863,-12.26295162071726],[13.49864833284597,-13.011437350992207],[13.875693501031474,-12.882018833105134],[13.229527720502423,-12.503008586946875],[13.281462211029286,-11.856924525402246],[13.654407861382165,-11.339524604596487],[14.47026941431137,-11.241643355850059],[13.628430604222656,-10.949746938426816],[12.758386644962432,-10.313527711779141],[12.896561589403744,-9.804598904803033],[13.32699695471048,-9.284540816638229],[13.549761209966556,-8.70912936795172],[12.983594948631087,-8.614119451673465],[12.588445831308935,-8.005308770693711],[12.719818160452915,-7.739365148020605],[12.532547182554705,-7.067003299549745],[12.718610712311596,-6.427825635285428],[12.507452997080192,-6.233869884251845],[12.688887853366484,-5.622135427547263],[12.974288256781302,-5.528539789410845],[12.67662317942429,-4.834517601354415],[12.837579152585105,-4.434373286255978],[12.447804436136993,-4.23624470315405],[12.108534908547897,-3.9011506164768948],[11.859300440139258,-3.294653407614555],[12.266007075780673,-3.0171105047849536],[12.430984761114225,-3.3690520573466047],[12.701342116365721,-2.91275068545688],[13.197838301163802,-2.959764523784587],[13.003623359413396,-2.7021521419551706],[13.134695904041095,-2.04329577865211],[13.688015904131678,-1.5847641191040485],[14.081138395802999,-1.4318138514573628],[14.592222047376397,-1.5459748379184592],[14.85463984948751,-1.8603634977647396],[15.30534947474125,-2.623766790212815],[15.563117484186602,-2.874436957537865],[15.758032162195656,-2.5630699882818697],[16.06710384199318,-2.1938656259305294],[15.910333220527981,-1.9223941001984581],[16.56460266544231,-1.8518879175770353],[16.319131599135044,-1.7004572164141132],[16.20103681747356,-1.2388809121315747],[16.408750804952444,-0.3457271639344044],[16.877554492780725,-0.2845228076081305],[17.0036569360772,0.9368760010504898],[16.239992853459402,0.9120073870711818],[16.371341262182742,1.5205668339658625],[16.3193260882139,1.9693002552471361],[16.781736797589232,2.497715744993925],[17.39542444028846,2.7268167464928026],[17.836301990305113,2.6085049862908836],[18.555709768054705,3.118828276468598],[18.867709868316513,3.6934436591959368],[17.776215589129563,3.7935323220996335],[18.1075851803982,4.384431040270735],[17.714981460507385,4.8436736532860465],[17.845155966132435,5.518122586870434],[17.507055813554402,5.659774643108414],[17.47902903455198,6.195144282668319],[16.666251259507213,5.6868028263825625],[16.125762959422325,5.918646472943717],[15.612440188005088,8.657731203901784],[16.01105453262004,9.174581641884082],[16.24955072902306,10.287317005535064],[15.348357310200921,11.282711489278915],[15.089535046544698,11.903342315801948],[15.250889216137118,12.37450213599156],[15.86707661464422,12.792482398480063],[15.82116550517706,13.306154695503336],[15.35169411325416,13.534809983148513],[14.912275806270728,13.98048215195997],[14.594997564316513,14.595476463734007],[14.029215400673566,14.985780343573513],[14.191785711989384,16.058189563676933],[13.6231197090373,16.117575408420045],[13.405452738532327,15.449629541839228],[12.98106497906409,15.218811808298282],[12.292763291373841,16.132192829293412],[11.659159764376488,16.516135512254923],[11.08019254330647,17.476454073661507],[10.884844511966108,18.11152418158327],[13.136056279304645,21.486241840209647],[13.14181995214503,21.489085246432595],[13.893671581999563,21.556119755227904],[14.340667096490623,21.179632178657354],[14.323495452995143,21.839626106823804],[14.588601536013549,22.669230720790818],[14.562889333930993,23.009311120316696],[14.7638018666095,23.383220505763273],[15.03262183091456,23.537171270264103],[15.667602129757352,22.86496118548199],[17.288355798166496,22.670269520054536],[17.721161502112885,22.4929075851075],[18.82017095849999,22.545525136416252],[19.83711253373588,22.517870694478802],[20.32009013648239,22.721058147599926],[20.345233741606155,21.73003403651045],[21.915989326105464,21.3313191382687],[21.78300623659603,20.913721759859225],[22.46808454521602,20.833320354063392],[22.81843687952906,20.230154246744927],[23.47236590621319,20.518799181903137],[24.696165243016424,20.627471028369705],[25.027164509362937,20.88808332787748],[24.816260738458162,21.505527351230278],[26.099715279078765,22.346486764554594],[26.470289835639,21.95787191702566],[27.350741951041016,22.262431023403074],[27.57314831361412,22.70938543442451],[28.66000595188745,22.18230958582243],[29.805626787667475,22.65582775449445],[30.55631093940584,22.039837476344534],[31.590718332822227,22.42552806534081],[32.95323532357138,22.135535698643295],[32.43598535621804,21.590045721583497],[31.22384910318095,20.63211354901223],[29.356902302239202,19.23059493428622],[27.951671589401073,18.75143472704575],[27.160717342992648,18.82828807228573],[26.727647626514248,18.602430421315148],[26.053451361733693,19.170926998093005],[24.39762142894253,19.211377221851254],[22.976543882459765,19.285019209721032],[21.733569116054355,19.46764024550087],[20.337712031971588,18.840962644822316],[20.78964467958922,18.46887663148287],[21.649671844912042,18.7748305228677],[23.357315836147095,18.474903806304738],[22.556342975768843,17.431872140096704],[23.576380368595547,16.612696522355016],[25.737560735715707,16.452720989574942],[26.063942519232977,17.126929434661367],[26.899423718174354,16.26203807992791],[27.386725363488765,15.60523942850936],[26.703728511636793,15.303502694980171],[26.93350303823187,14.533379010025559],[27.672298312987913,14.177863160062692],[28.155482264819366,12.677119327475328],[29.049807248962836,11.207223057418267],[31.471429586921644,10.167416169972467],[34.32360769519338,8.666340818243162],[34.23880477465239,9.582296634111636],[34.78590625649766,10.011375747694384],[34.85947494946844,10.621359578909852],[34.26868180489605,10.854023260723537],[34.153277173265586,11.488518836187426],[34.97583320682982,12.626675488988642],[35.80258785373107,12.899024984898201],[36.92694065188226,12.723687550079195],[38.11872938592444,13.00486253103596],[39.7807679982878,13.152441778469125],[41.478378107273656,12.534046227337942],[42.22245264991617,12.473110104252378],[43.598075463502646,11.805967043881033],[44.947679831375616,11.096146313039013],[45.62670114497655,10.74612824054859],[46.382947530472194,9.887467639989831],[46.46995931242196,9.43264036265081],[46.053431010794974,8.905493037163486],[46.92383355707513,8.03347617742081],[47.271811855412416,7.961982695449296],[47.24713785787437,7.675410052229584],[47.62529866010761,7.396124434003678],[47.99172867888737,7.213995059050809],[48.70799928016133,7.322578696952302],[48.972013210856794,6.957050209930371],[49.16287640068247,6.841150246876032],[49.487943366456896,6.58476109370387],[49.700553119938796,6.093033528508613],[49.99870925363063,5.784645705940693],[50.43442541701345,5.7967394113765724],[50.55249613815555,5.715894039830235],[50.689401322773826,6.037016629253245],[51.08962640183451,6.515283266804298],[52.20785261859649,7.303962692077595],[52.83869125915571,7.564454000949088],[53.99497103928431,7.683644711078364],[54.576068103330336,7.429416955196221],[54.83370942016566,6.70695542381052],[55.3011638555588,6.083732871652492],[55.43826252263451,5.348429432411894],[54.8983481403253,5.221812762456315],[54.136838246497135,5.323770410692159],[53.117522265274154,4.8998870722790535],[52.90822167029486,5.481765262050287],[52.088815936646675,4.878725669355193],[51.92261227468006,4.483926133268694],[52.116650069756005,4.400212935399801],[52.21316902255491,4.173494959219639],[52.02637141302256,4.135110568960727],[51.94590922844559,3.9260022824455314],[51.797479503568674,3.7062437791497382],[51.345561082286366,3.8976052542919497],[51.21780787904747,4.0750834731286325],[51.038789814825456,3.9954007274451753],[50.487697266767,4.160747249708658],[50.32694608051476,4.100455496732657],[50.24334814264694,3.645422752150948],[49.99322631643093,3.2698765500639255],[50.32684739165587,2.2079978111618184],[50.810107575366075,1.6523599838153118],[51.09773376658232,0.8208136851436687],[50.62833216597825,1.2262723681667294],[50.2415602019189,1.0585658800222308],[49.55724821006877,1.650831480161206],[49.04190046865931,1.2390354987430043],[49.403946354502416,0.5836834880605336],[50.10137126488085,-0.27640936712334124],[50.7436031981122,-0.7561558836691449],[50.7793365235352,-1.5165693758073062],[51.23638886169134,-1.9242966783894828],[51.92252486057663,-1.5275886575645412],[52.09739955565855,-0.8851302550541832],[52.546523689691234,-0.863996724256646],[52.84313501108396,-0.23680023209419512],[52.126648724703244,0.6500520323883162],[52.50657768943614,1.3579376912239247],[52.522039651443876,1.8715990067859078],[53.04264412940344,2.014223471227333],[53.343596689445846,0.8859491389082116],[53.88680230546471,0.5146790945225015],[54.38961116963145,-0.27262041659203473],[55.087137837144915,-0.6959655006480242],[55.63931597387907,0.18778364891526678],[56.621747471018054,0.5181449787335036],[57.533701681853785,1.0370684506088221],[58.29347132096277,1.623468056252558],[59.03693934170337,1.6224645264722004],[59.31754795553327,1.0873395303370619],[59.84854882583877,1.3001346559714313],[60.150990964988495,1.814763634432394],[60.96795768627611,1.6950562613943458],[61.76415367865522,1.4841612354381235],[61.85972002806317,0.9926403911315812],[62.9461633694108,0.3522323267986963],[64.25850771270365,-0.3733581475613596],[65.44656483054482,-1.2216681884274028],[66.3517948299813,-2.4903536989298045],[67.16439709714734,-3.7882123644445898],[67.24658106577073,-4.830609829936385],[67.67127130253485,-5.411733186053423],[67.33270799056973,-5.718049227481687],[67.80909190180282,-6.262416725365613],[68.24977285106101,-7.582657688215649],[68.34873443784697,-8.574386457414656],[69.39655012004184,-8.95493069801014],[69.42424267490688,-9.477252615129927],[68.67382317270435,-9.675976666258023],[68.29705636330753,-9.430411628617875],[67.88400972424408,-10.652731069484064],[68.01519263884214,-11.103164319038086],[68.78403701081855,-12.413375061745894],[69.6823427980559,-13.271930155256225],[70.3751680376068,-13.536565676790701],[71.51335209847308,-12.896734897870747],[72.91177379171882,-12.096986892740917],[73.59555660471611,-11.265464782751105],[74.44490730124014,-10.725149021356485],[76.34669058089028,-10.369938321950947],[78.12867289187288,-10.574202779836721],[78.76661567638841,-11.41693444132994],[79.37816786347604,-12.56715919420662],[80.19963635026075,-13.403726174159033],[81.10818484298973,-14.67104542701464],[80.42978664518493,-15.002705091673931],[79.74247868877595,-14.695587393203752],[79.11822899038874,-15.397323049825955],[78.92157004883211,-16.211451888469018],[78.35578765087419,-16.58059355792461],[77.2465790759355,-17.01036545130813],[76.70289395046517,-17.853520842793206],[76.65759191549878,-18.687072446891708],[75.84294633623435,-18.483584295434554],[75.77509407504404,-19.337801418889317],[76.93086708402639,-19.503285258979556],[78.43776942430316,-20.138456344185034],[79.35448862355092,-20.51764891659478],[80.13024393565173,-20.49575479794398],[80.20454980106466,-19.855770849100267],[81.1957576779466,-19.505546762354676],[82.12178061899151,-19.37007096799577],[82.7528625801323,-18.841816254228934],[82.90065324121653,-18.245368391772466],[83.46601552853558,-17.750005298992313],[83.57220081153679,-17.524706854569114],[84.22359844131336,-16.956728453782514],[84.93433393391417,-16.557363506059954],[85.6379982783956,-16.515925116746555],[86.11035602313524,-16.631637015845467],[86.47090951604352,-16.540791081600247],[87.08928913287293,-16.477368771049502],[87.38135160016517,-16.129342130093615],[88.30509704684435,-15.745525428849826],[88.65634496090806,-15.766997293587039],[88.72115995670057,-16.47640334793403],[87.93835080992615,-17.41567172709032],[87.08701598252722,-18.586921050345058],[86.54730755445586,-18.69469108162012],[85.82704928189882,-19.257099415274094],[84.94588955484251,-19.37255204174877],[84.35567132917551,-19.714686349720058],[83.58703766387548,-19.579893939940643],[83.12820526172709,-19.782203830220062],[82.70245066247747,-20.158108513652493],[82.1669723364324,-20.304859612507844],[81.53652611196894,-20.802577583854017],[81.0009421513054,-21.255239590631593],[81.62142604925116,-21.450196762761934],[81.0137966212705,-21.606571698844153],[80.3513982549568,-21.461324342692286],[79.34431286809395,-21.109466659103525],[78.54345596173674,-21.151779701396183],[77.74961087691126,-20.793704236431697],[77.0899748559676,-21.07483201150249],[75.93470536660135,-20.9024079694771],[75.34309229936767,-21.248232098161868],[74.03085033126848,-21.443933130807537],[72.66099858364878,-21.479482337323553],[71.72395109682762,-21.79380102889771],[72.17820009521918,-22.481242947584416],[72.80152840623958,-23.65260228212928],[72.63098684231969,-24.176985572378083],[72.29055996295276,-24.737317842614093],[70.99099447457333,-24.241383729795576],[69.94328667417973,-24.302882773064283],[68.56380161853193,-24.8563723600945],[68.19281973213648,-24.683647019523363],[67.95183635661104,-25.204893403204586],[66.9328973328029,-25.71697200187999],[66.30893520354059,-25.882746524569217],[65.74186820729349,-25.83833575971806],[65.1789828889974,-25.917523202677113],[64.45751011371182,-26.177887141638973],[64.21407931426833,-26.99963330715625],[64.68622048336312,-27.004966968228434],[65.22966020327644,-27.405859098207987],[64.91251284975183,-27.749011780045983],[65.08117413633735,-27.91949830589775],[64.89657398894286,-28.15275551243722],[64.7087098267068,-28.48325441893353],[65.08126998145441,-28.69277789258677],[64.9077513609214,-29.30663558581323],[64.84031247878097,-30.470073993689088],[65.70477016449779,-30.589310703154833],[66.24681669395912,-31.208824986115534],[66.66122639253274,-32.679213746822406],[67.74822186492086,-33.97566504173441],[68.30097008102051,-34.81305490170564],[68.82531151465564,-35.88551889226694],[69.37931450549489,-35.98759138467733],[69.5493827988378,-36.507786271390565],[69.7512632537829,-37.43013428461375],[69.69135851584714,-37.88002389662922],[70.55758202065225,-38.32806081425276],[72.23383236956433,-38.39675394093266],[73.28642932368584,-38.50328423777356],[74.39087703366067,-39.08006565152389],[76.55416358485023,-39.359066535241396],[76.51652312269144,-39.86972293959679],[77.41699776865468,-40.42561827931889],[77.8997937128488,-40.17460545897479],[78.1073390442502,-41.105189674790296],[78.94602761102021,-41.525587152167006],[79.2603958024784,-41.95625500202955],[77.83691610099515,-42.757971762355126],[75.85189546727983,-42.98880949777257],[74.4009724888667,-43.17951354138988],[73.6723210793689,-43.42533717866473],[72.22675760668542,-43.73447189427976],[70.4656984993206,-43.68548526056205],[69.57145949374576,-43.69571083192183],[67.41027473514858,-44.179670010496636],[64.66965987002207,-43.98581550982951],[62.861617782343096,-43.8400709675895],[61.291643663381684,-43.42087008195351],[60.00065482064747,-43.25256092408029],[60.071276022626684,-44.735927674301955],[59.559954181862594,-45.29956257450916],[57.27455013848603,-45.92495093832538],[57.071713524566015,-45.36957547826349],[56.400720285656206,-45.45024665651916],[54.627626434229086,-46.04240213896227],[53.85520436524891,-46.52049135115178],[52.74942367914426,-46.41787112972456],[51.28455072359817,-46.651309104904186],[50.25503267053986,-48.17552195962162],[49.07747119225938,-49.42422276124396],[48.14895055959602,-50.5592439227141],[46.16966045172392,-51.7622636890286],[44.89335964670604,-52.399510589468214],[43.664442574928,-53.105398849330975],[41.714460451231325,-52.59269202125293],[41.026014228558076,-52.790360081493795],[40.46859949989458,-53.41344151389425],[40.006699605522954,-54.39924365572186],[38.26435696351317,-54.93565895394627],[36.207798985253135,-54.98328158405666],[34.754613395449255,-55.32710778100333],[32.90787916493131,-54.963973823867086],[30.63105467274532,-54.29046414037909],[30.14354791907376,-54.694302978157225],[29.034863932786354,-54.73613717489335],[28.95001859550475,-55.24018878155583],[28.147643555131456,-55.48301401631017],[28.84538366881721,-55.75217491148679],[28.955568728116596,-55.98524992233164],[30.138737579924125,-56.44943576424837],[31.563891402032958,-56.950328217070926],[32.45434063139264,-56.872596531555686],[33.068008124326425,-57.05854397169787],[34.42321887189326,-57.00877348137385],[34.98414072885807,-57.29267632018744],[35.25277317130755,-57.60577914403855],[35.82160657929286,-57.78880595906624],[36.534304018378705,-57.8310603054573],[37.1132438352759,-57.99702275153425],[37.61324418211272,-58.088459360656685],[36.618343323148835,-57.58593742301386],[36.31526401113428,-57.03152425080871],[36.52214462102376,-56.78868537659004],[37.27475757289649,-56.84043362005339],[38.024660202544325,-57.260647544932745],[38.50525179678606,-57.82471913178126],[39.236471049943965,-57.98235723944559],[39.39241724367857,-57.834617914474016],[39.79858193782202,-58.007277693244745],[40.53615887808863,-57.39095749221502],[41.53624082810815,-56.86614198693978],[42.25919919795057,-56.482826911425185],[42.11980633257577,-55.56646878256898],[42.083376545296154,-54.63541453555205],[41.9512418024333,-53.80004064708622],[41.818374898904196,-53.378276746054915],[42.05050041593999,-53.353499913261366],[42.47639493440771,-53.69053378967569],[42.57571216190198,-53.89847335881231],[43.7323353848912,-54.32216253433578],[45.08194307277068,-54.444619487241965],[46.11406656871684,-54.271828566024745],[46.98640288669822,-53.81884218143614],[47.77847812402773,-53.491539782531014],[48.967299141138035,-53.48745868090438],[49.66392406031379,-53.471858012605],[50.14987689895082,-53.26882802329289],[50.45941838512426,-53.39393917556202],[50.98634340500107,-54.00366675780746],[51.248461327234295,-54.28160090272542],[51.340190137628234,-54.78523305384721],[52.0134430714266,-55.45052127475756],[51.52525412563253,-55.77841630093671],[51.690177203257186,-56.07211665504002],[52.3077898552466,-56.47492499079725],[53.44676753000221,-56.73409085342377],[53.552128797805395,-56.87454223469291],[53.122713796904605,-57.241895417968024],[53.12151535880022,-57.94158226924143],[53.808962974691624,-58.27922165988007],[53.931631168069664,-58.57547213657661],[53.30850088807757,-59.07190063270357],[53.33030211401881,-59.52169182128645],[54.009961495829046,-59.73427298400457],[53.987241073683734,-60.27352960718245],[53.24817959033891,-60.66678693972363],[53.10690015534878,-61.387050940617804],[52.69099075096016,-61.786704552339124],[52.33366003105566,-62.51147089181717],[52.90711991837837,-62.91474380497739],[53.504964580060495,-63.12264139231984],[53.094748117697314,-64.15552684702757],[51.920606134596085,-65.68962072007196],[52.092777327604566,-66.80549486426338],[51.56635120413323,-67.18395532074418],[50.99459257775498,-67.38295401537901],[50.97236520892863,-68.08601114704967],[50.368484309813375,-68.69574149585893],[49.065744877052076,-69.3683068893869],[48.74773257523172,-69.59459701726175],[48.94799711758368,-69.9267145403491],[48.637321315486126,-70.17037309149768],[48.93476017082666,-70.44840862824941],[47.95010364890788,-70.80472612633459],[47.64394236085537,-71.12984960752672],[46.12176766563622,-71.6011717679328],[44.234838364311365,-71.38517503630698],[43.091912917467155,-70.98033465195475],[42.11424661985228,-70.87955946303023],[40.17549135174082,-70.46561510327831],[38.74605521193642,-70.33872995894679],[39.08607923162567,-70.17595515893093],[38.00023211094279,-69.89141758621916],[37.90315819138866,-69.66859038309232],[37.02000226758934,-69.35785028618236],[35.99796620689248,-69.10039257280559],[34.844545248473125,-69.03557045923344],[34.023729378637356,-68.75790976257325],[32.34411373907689,-68.74709216559577],[29.93612034683145,-68.3192858297902],[28.204245863234693,-67.7574558822194],[25.835719606989596,-67.46896949453031],[24.667225832005734,-67.51294154185845],[22.1744520732631,-66.91348149045287],[21.228927859429145,-66.31864790733819],[20.75332905638842,-65.75677432340805],[18.604507207391315,-64.91792743153553],[17.34680185939618,-64.69534684986917],[16.100962330814266,-64.65450971462312],[15.04732092025643,-64.19530365652733],[15.007904841777608,-63.96464316601052],[14.136312550916417,-63.536400857016396],[13.436297224887788,-63.39072293730672],[12.279131519185102,-62.75701178670606],[10.746788140875488,-62.09252430085742],[9.521493472186716,-61.50897490147819],[8.61572972875377,-61.59239352142843],[8.701179188372842,-61.028050293534264],[8.65610610954306,-60.67654472953168],[8.732032173677691,-60.264680383117515],[8.62401761709351,-60.12731154991484],[8.272618046904874,-60.56465029128488],[8.142696955544457,-61.340643110697116],[7.816164711039502,-61.89276013794931],[7.4377509385303675,-62.09632930520224],[6.720880114900806,-61.81774994882118],[5.774761801231799,-61.424020017522174],[4.213678983565895,-60.05976524688972],[4.050428794524715,-60.157434805543275],[4.979865976017129,-61.175727261660235],[6.348954759483536,-62.11432223747928],[8.297414107382242,-63.55986601252964],[9.247614386319176,-64.03929275406259],[10.147843713302773,-64.54012684217184],[12.601432641246966,-65.44426158519316],[12.273567892256882,-65.65637375953679],[12.720958825857393,-66.2810553221524],[15.930180191700211,-66.85790447977688],[16.483527647236638,-67.00415670232664],[18.039079504094516,-67.83852295389873],[17.68240820271686,-68.07710371822641],[18.976561863120168,-69.00131304303225],[21.13672406402822,-69.98808889468555],[22.39183592131102,-70.07346066558658],[24.236295897442623,-70.19285544779196],[27.306428521487,-70.9711497286853],[29.441063183884562,-71.6378504560607],[31.688226577347564,-71.77267054027695],[36.875793092037725,-71.77128821952908],[39.370328861866916,-71.86779393995221],[41.87410085779794,-71.9432903609548],[43.35260095423785,-71.97846853506046],[45.12418831415247,-71.84561565180361],[46.35825849014151,-71.88656933499772],[47.29638821747518,-72.18588923871025],[46.65689615780718,-72.76208464639492],[48.2806069085059,-72.62588662981771],[49.43483102607135,-72.49890168103802],[50.91317055598319,-72.60576660380404],[52.91725181135454,-72.50126359494071],[53.85414327168198,-72.1047451872399],[54.83892682855704,-71.19485322649248],[56.29707009973709,-70.23254556714478],[56.849162026920524,-69.33428445268905],[57.39668738994686,-68.8836798616592],[57.45837833536841,-68.48941072837044],[58.13656553595046,-67.98981338532366],[58.50330747970021,-67.70803768285029],[58.744225887486365,-67.24175448386059],[59.16263317483849,-66.73865358505077],[58.970023075010964,-66.16797307046842],[59.40036239635313,-65.84094981107779],[60.023107707499825,-65.9515003014169],[61.19856774136654,-66.29841391667055],[62.381402755363325,-66.52696119672065],[62.98156189272094,-66.86925213630059],[65.23673280123376,-67.56443392526916],[67.52214738946022,-68.42550045314741],[70.28714821609647,-69.43506325681803],[73.66488152530161,-70.68025782026646],[76.38944527452453,-71.7799311623022],[80.07711404296585,-73.19763538224356],[82.41639835658722,-74.30531848536164],[85.67614207358598,-75.89314764566761],[88.71405309156262,-76.86069715141662],[94.39769839605746,-77.92379784854127],[97.03247348273922,-78.10191702931381],[98.32498073772298,-78.29492914062364],[100.89961119731866,-78.92004681629824],[103.30584434351182,-79.07564366840433],[104.15646067186823,-79.42258739352708],[108.05024622490362,-79.36648595342103],[110.70535577540895,-79.5376796268308],[114.4906324111513,-79.46581090592728],[117.09152625026815,-79.6866685546101],[124.2580368647617,-79.46248085235212],[126.57361870056228,-79.0895864953126],[126.17934080985334,-78.36052430326087],[127.12679521956937,-78.183403253392],[130.25058488788954,-78.02578051239375],[131.1856950966422,-77.78660994006],[133.06073672379452,-77.5189538932372],[134.07384512916386,-76.83953328352958],[135.8677340771479,-75.85981403551888],[135.46795807024262,-75.44935381983527],[136.27311687542138,-75.02019006135099],[138.97456940118266,-74.32397655090342],[140.73981835165338,-73.58474435185944],[143.98866886404815,-72.34408195705538],[144.5082804352495,-71.8507276508418],[146.57904664971176,-71.44026335119285],[148.74615157663456,-71.07045874583319],[151.33483977531333,-70.8587930185294],[154.2388699027373,-70.94306468492145],[157.85580268733005,-70.96150171569505],[162.04818731570015,-70.34726856527321],[163.2459276635756,-70.28866194682043],[165.68816026885028,-69.79410487343489],[166.93979661819543,-69.66778855506989],[167.6320461256361,-68.99324810535529],[166.9416447478636,-68.15291876863064],[166.84864839306792,-67.5393108180211],[167.0093554989153,-67.24633602358632],[166.56709416332478,-67.25438070271842],[167.2429332200585,-66.31009974307707],[167.8689228618989,-65.8934864640419],[167.45451209404683,-65.67665958530786],[168.006611379121,-65.30353916178494],[169.07661943171243,-65.03945645000721],[170.96662799518575,-64.85053395621472],[173.6706238225083,-64.47587172197726],[174.67386260489525,-64.15292809048924],[174.5993094335437,-63.726007360879045],[174.10137843712508,-63.633847998993836],[174.4034731334852,-63.119456505396506],[175.05094630859114,-62.418378459307206],[175.43831571870464,-61.60088876953795],[175.99150428335014,-61.17049896180945],[177.28701745558297,-60.70659306535679],[177.64901070803532,-60.57081937260354],[178.43302674826765,-60.077757019868876],[178.93939821969633,-59.57052824550009],[179.90776990622385,-58.859757395211716],[179.99999939197193,-58.8089313878445],[180.0,-90.0],[-180.0,-90.0],[-179.99999891537558,-58.80893045235822],[-178.2924399246495,-57.81198950112464],[-177.23716831687415,-57.18515376144331],[-176.13679683073576,-56.68749257031514],[-174.63320723035022,-56.21720382070955],[-173.88774375996564,-56.114535139110075],[-173.76199016557945,-55.82540352626214],[-172.83464994894925,-55.900717567182284]],[[26.60115383408627,-45.324039436206135],[25.618740832530776,-45.388378918198285],[25.310077398860958,-44.709992682686405],[24.66661444599505,-44.941692524818386],[24.221690343774142,-44.14285442324037],[25.238803980210744,-43.95294969937824],[25.743552234965243,-43.31153716891223],[24.657601861533866,-43.12704925656206],[23.982567079717295,-42.76844168905933],[23.4835521073235,-43.306970581861904],[23.93801401948517,-43.96603657414409],[23.185646988259805,-43.542839630968174],[22.95970639078526,-43.35747268185366],[22.87155775428385,-42.90741177678573],[22.460130380356798,-42.684038286683915],[21.22952254704332,-42.821825700957135],[20.24724257185941,-42.19815607760693],[19.614629358519004,-42.16377904831233],[19.381211984213504,-41.886917688548834],[20.25907559214575,-41.640647685283746],[19.81999834267964,-40.987473440975364],[20.40383460487376,-40.55331978339104],[21.19948907442978,-40.37208031951632],[20.688549348538075,-39.469859439350465],[20.147255357818427,-38.99904882193308],[19.410475949258696,-39.37972891659439],[18.599428672826452,-39.442053215775616],[17.94496473111921,-40.195839317403546],[17.308695728819707,-40.66659758196166],[17.26724083517832,-41.338004822579286],[16.536600876086933,-41.7697441650182],[16.22518075377345,-42.996133404244496],[17.572605980443754,-43.59977711884089],[17.873659892536082,-44.241506520417545],[19.612909872951274,-44.95124976629457],[20.449978378803948,-45.23937559987345],[21.410943438806704,-45.68281868690652],[21.885840904008376,-45.551616653657774],[22.368012821433915,-45.670090584791446],[21.637791333947952,-46.04876797167488],[22.013160039324543,-46.793104864189814],[22.09107537137973,-47.163966633941314],[21.888100109264432,-47.506273902267935],[22.269239934612138,-47.93040811752456],[23.137006122603207,-48.45136826162528],[24.271912495568355,-48.24966881219126],[25.37701986143933,-48.38472406426912],[26.943883081512794,-47.90174624244421],[28.2247799871087,-46.962626211352514],[28.112529655200415,-46.72892405776468],[27.336193167802932,-46.24288832591647],[26.60115383408627,-45.324039436206135]]],[[[-12.239718598271741,-33.26407224959864],[-12.647265198100465,-32.51527634819307],[-12.544003254741359,-32.10185743573791],[-11.498325384132349,-32.0997052129176],[-11.511132679679354,-32.632030537187234],[-12.239718598271741,-33.26407224959864]]],[[[-18.36347655225853,-15.286478960355094],[-18.258523996864596,-15.85992361409071],[-17.39369605280342,-16.01303472607259],[-16.985448402318283,-16.55101297107806],[-17.547467924682042,-16.92230211001605],[-17.733114938628503,-17.730925450352302],[-18.71635827171834,-17.84310496760837],[-20.12475956720743,-17.33003072722019],[-20.524606516165335,-17.144616739067764],[-20.776214213228688,-16.5904786020094],[-21.25544440140783,-15.405124390173219],[-20.62496117868367,-15.504397934011918],[-20.7520863400008,-14.459159946866286],[-20.15072454384175,-14.968755553689224],[-19.913059153392926,-14.784964159042852],[-20.2191098065092,-13.934139796391392],[-19.50321808505317,-13.803516099521884],[-19.020819320259562,-14.219251976914684],[-19.20132923740545,-15.129875365426242],[-18.36347655225853,-15.286478960355094]]],[[[-2.0162826573013994,-12.159406602816548],[-1.8272608801796955,-11.927814342917662],[-1.9014772665377984,-11.592565576852003],[-1.449499392359916,-11.45493043641811],[-1.414813747227799,-11.837408142915217],[-1.1337443445438382,-12.093912958474526],[-1.6671752814089276,-12.44564843304589],[-2.0162826573013994,-12.159406602816548]]],[[[-2.2612279123756975,-9.691289686662426],[-2.118741000848603,-10.08024333584423],[-1.6439998384726422,-10.922343681079235],[-2.2052906322765278,-11.22556035355357],[-2.468607128791847,-11.924080751088214],[-2.695745569182483,-12.069001838167912],[-2.991075343120954,-12.852849230409763],[-3.274872020780306,-12.824818056334866],[-3.5821977250724415,-12.108471432088779],[-3.2893447982367525,-11.82152675702925],[-3.514026962341401,-11.455082941383274],[-3.6238637614513736,-10.531303727903179],[-3.4973486222464025,-9.744730873145027],[-2.9193104505261798,-9.557601410708642],[-2.9281070227247823,-9.920664930517958],[-2.674711338916337,-9.976886125495053],[-2.519916542786974,-9.663799252231323],[-2.2612279123756975,-9.691289686662426]]],[[[-1.8001010477608725,-9.99851030663211],[-2.0487287533944767,-9.933120221048611],[-2.136531260709839,-9.444597860328097],[-1.5726228351727345,-9.270553165841603],[-1.3699904070494098,-9.545410993029517],[-1.1618334398440633,-9.270970706080684],[-0.7685213007929321,-9.562112053633859],[-0.4543309771766868,-9.933313759670263],[-0.753330348736643,-10.455362801376136],[-1.3019876299218618,-10.520630933711532],[-1.8177494257835083,-10.27533292731774],[-1.8001010477608725,-9.99851030663211]]],[[[3.155082936714567,-9.13531256203366],[3.186830257672664,-9.298110897582552],[3.0464012749922906,-9.51848045923407],[2.795243291857397,-9.347313088066102],[2.794710379725544,-9.021015570607052],[2.431704866390572,-9.093306696097327],[2.688405281843822,-8.831042607744372],[2.9192859854461175,-8.745200794618],[3.0383350852584825,-8.989872918746897],[3.048687368580172,-8.733062690622285],[3.1350356674014974,-8.52706742802769],[3.438178162033984,-8.646613850440147],[3.4356600479147947,-8.811548122472352],[3.2727177756998533,-9.013426843817607],[3.155082936714567,-9.13531256203366]]],[[[-7.071517125468383,-6.583054665201258],[-7.5603512484665725,-6.289745905764425],[-7.3370902359911865,-6.62129128008548],[-8.027232714405752,-6.945493663420771],[-8.625869845809023,-7.247477622097785],[-9.485339291700482,-7.963286231993731],[-9.816971224647306,-8.586286304614381],[-10.077967042751695,-8.342970849995044],[-10.564445573372039,-8.244839409670098],[-10.710542228876985,-8.914991641722848],[-11.33836990578243,-9.499199750238487],[-11.585246709502176,-9.344855237557248],[-12.04608908145624,-10.151135209334516],[-12.483542830084357,-9.72382660319968],[-12.61036744160946,-10.225521706037734],[-12.95004714418882,-10.3713832962357],[-13.323611608683565,-10.144859509650896],[-13.564642202130258,-9.822522374640748],[-13.904277505347375,-10.5165330129894],[-14.26653566436589,-10.783857774137127],[-14.276249372636027,-10.056256198941767],[-14.589625369865843,-10.078395244963664],[-14.561039894031383,-10.559986201632556],[-14.821711873664738,-11.24982182243797],[-15.40748319265149,-11.82795078158196],[-15.920864144531487,-11.45923474384207],[-15.744459026513589,-11.030480853966692],[-15.482616716459006,-10.3797633258423],[-15.998999985029522,-10.843748655638356],[-16.662772405531463,-10.800934373383413],[-16.19901361465598,-11.5698241606075],[-15.96836011821609,-11.983233750852662],[-17.23995310191228,-11.711414997514977],[-18.450512327920034,-11.293831381831236],[-19.291932309645286,-10.514500582315058],[-19.48546596151534,-10.15027128374922],[-20.01006881079147,-9.969376146300645],[-21.21234820721294,-9.920575332533602],[-22.20765968874404,-9.397230858015202],[-22.350927820999598,-9.150366096935654],[-22.777120722650736,-8.725530694601064],[-23.197608122767193,-8.241010396095508],[-23.904405561809067,-8.090360857604],[-24.581393529376314,-8.296182392410518],[-25.281931859968854,-8.277400496984274],[-26.265450615736846,-7.790951358046446],[-26.97534114063235,-8.180087145558174],[-27.838322803155606,-8.192183526585582],[-28.856904249852604,-8.198446624645994],[-29.08693950703061,-7.530504898389751],[-28.444914386161088,-6.641217868849261],[-28.629513240518683,-5.685019697462492],[-28.167616790778265,-5.129488529582547],[-27.250757482557763,-4.662646034839879],[-26.12989106904028,-3.7060200332965776],[-25.510749059798403,-3.4024776550105282],[-24.62493586174404,-3.234358096282233],[-23.770571523417637,-2.563589349295536],[-23.021909006378447,-2.6297791742323713],[-22.69759015392348,-2.334462885847593],[-21.495033634449108,-2.583320839242397],[-21.056121577625582,-3.082575292508642],[-20.62135438208587,-3.163801086899178],[-19.836630874816922,-3.121144911362611],[-20.24312062584267,-2.7791898832126116],[-20.414885231318543,-2.6088066264439087],[-20.59277041337255,-2.3103833157188354],[-20.309427812316592,-1.8500240191677444],[-19.63432738937529,-1.768472108765646],[-19.092542590662475,-1.8505364509078472],[-19.04753301912331,-2.152135328735116],[-19.227407601456562,-2.8545574185391147],[-18.668829321857544,-2.2152656170816347],[-18.358650935542737,-1.8946886529280884],[-18.52754768758184,-1.592438161965864],[-18.300335377442604,-1.309982900576414],[-17.34425424448593,-1.5786480265870302],[-16.987994439047693,-1.3682859119935966],[-16.314750343976,-1.0914741689112646],[-15.273841591433056,-0.7055208303609476],[-14.897120076944791,-0.360810517888745],[-14.478500229294832,-0.3538010434296346],[-13.894345539937135,0.30468108330120797],[-13.801511956714515,0.8100013453015888],[-13.790520798223174,1.4506690853625435],[-13.791211107925168,2.041468421039229],[-13.433988084308082,2.265745720726946],[-12.743462246429871,2.547310154521839],[-12.533156340749084,1.918906327019063],[-12.538971689434204,1.4750166143629513],[-12.141970327237056,2.350586753162833],[-11.644153790872862,2.7309434064051006],[-11.271416130058814,2.616472795870652],[-10.941691178001017,1.7946310974860225],[-10.5541897240136,1.0493628353362932],[-10.198606733568042,0.9452906310285554],[-9.787938904093552,1.3726453999958979],[-9.411726633360114,1.1753811108289587],[-8.768115984368428,0.5631344398513685],[-8.67240146215325,0.3370862932339783],[-8.220892063113773,0.37935415966653385],[-7.966274417382126,0.03915065189608276],[-7.800100511398615,-0.3792935842908473],[-7.7600391327583775,-0.79472474933448],[-8.052737458987117,-0.9792507924714099],[-7.456279018481163,-1.2586294802736113],[-7.764034908133089,-1.644254089180438],[-7.798595763019609,-1.8515344367398798],[-8.040925232214802,-2.2180601512955826],[-7.599641987502148,-1.7626572429534217],[-7.178267590629927,-1.683536084372299],[-6.495162229655793,-1.930623213799254],[-6.4079190222329006,-2.3390921633219537],[-6.010471194173792,-2.3471723033618668],[-5.767768843468135,-2.6723319434804127],[-5.447893507640353,-3.514615287562369],[-5.652137439031876,-4.585046140709537],[-6.104682724032248,-4.632978922006046],[-6.435955131955329,-4.240329249091898],[-6.890007797888491,-3.6650541288406546],[-7.0150804219664895,-3.8101318593259657],[-6.674024823654761,-4.176754697906798],[-6.730156593246607,-4.718196626075665],[-6.321203276345766,-4.759450941144554],[-6.5367753661708745,-5.069604229275344],[-7.101722541398221,-5.289953840594516],[-6.57067824477757,-5.365130465890941],[-5.813679910759654,-5.631926050373467],[-5.644547539295499,-6.069255593657342],[-5.87540582851277,-6.439133413962429],[-6.838020877828549,-6.494438456311255],[-7.071517125468383,-6.583054665201258]]],[[[-10.553839365694039,3.050044124085702],[-11.072916635989431,3.0268667391994852],[-11.352182843587833,3.3035732342929975],[-11.531172037234047,3.691721476237885],[-11.873881060641228,3.907109857408213],[-12.059927762118436,4.292250435793388],[-12.284543661353798,4.337299202842134],[-12.36881835655189,3.9603190075893493],[-12.603710729613024,4.028858243981855],[-12.972126109567773,4.813073604077012],[-12.488679237810395,5.288744690354466],[-12.347824526995987,5.983710710154731],[-12.082818487526433,6.24517804695654],[-11.827772970666343,6.612369235827258],[-11.39099782837227,6.405825192099802],[-11.386165466552233,5.934272548694649],[-10.693191895978517,5.69591553510429],[-10.689579207215424,5.5504003842508505],[-11.327533366986186,5.227562382650162],[-10.622290351621546,5.214572871727923],[-10.301622213771308,5.423021250779275],[-10.029176669451559,5.1039057881786665],[-9.9636186472123,4.692227132693018],[-9.668786208388052,4.497430530945984],[-9.204323937828223,4.5611996400963735],[-8.708450837974487,4.398451416347735],[-8.94582718583082,3.9973095670082075],[-9.099399647195304,3.9166507926841345],[-8.861947278969222,3.5345414692281576],[-8.611781077181138,3.832023778072144],[-8.421037425995367,4.377843990331152],[-7.985511171552838,4.469855093613078],[-7.568569781855806,4.383639655009964],[-7.226471903837332,4.38524134165701],[-6.917442703878818,4.235421783645579],[-6.858618794745557,3.959996362519246],[-6.908868409244611,3.8041310887920132],[-6.889291017478378,3.492987578044611],[-6.6386782602086365,3.156210396121357],[-6.752830724979496,3.0334686371207074],[-7.066553594153514,3.015357077389162],[-6.605269618554362,2.7171222993241257],[-6.516183094539792,2.507367172561441],[-6.486509970341659,2.2663537090461867],[-6.557588516160552,1.9064886820531628],[-6.6789641276081335,1.8748108550866627],[-6.599285030747767,1.4994765721572725],[-6.713303733317727,1.2612431625258895],[-6.818674210841398,1.0165472323959446],[-6.936313130496402,0.7061466866700034],[-7.085509345337503,0.454545536121977],[-7.36760002091581,0.23731549959285894],[-7.634226785965338,0.2516891498371998],[-8.049470074321126,0.6080189359084225],[-8.218102192210255,0.9697478764641106],[-8.42389349595533,1.1283785066918879],[-8.455169629804283,0.8082130354842031],[-9.016344681742178,1.2361893800625645],[-9.257531857760302,1.5370684431192272],[-10.010385271150458,1.967654555145287],[-10.095947137888619,2.3623254118316503],[-10.267862463921393,2.522046588677144],[-10.225343253140903,3.0887350163294682],[-10.416779438260251,2.8762161850950214],[-10.553839365694039,3.050044124085702]]],[[[-21.051093426839042,3.1846555111654817],[-21.807072260496334,2.4047715085890666],[-22.080414287774758,1.8315568785571639],[-23.034621358384044,1.341486579819205],[-23.12706422245384,0.7276199272753151],[-23.82465220590968,0.87413892102556],[-24.950006630734013,1.6550281632271282],[-24.486468555813104,2.138860228350823],[-23.46728255228979,2.686933630822195],[-23.5307086805062,3.217570120010067],[-24.093203214882067,3.3422072388893964],[-24.724062652938777,2.977777338590872],[-25.240638918818416,2.450970643410325],[-25.520959493187014,2.2975257888659475],[-26.530873016769718,2.0894334319739847],[-27.2363344096396,2.2992668471128694],[-26.91567667763501,2.849639119971932],[-25.987163125266267,3.873048901144361],[-26.923685207978885,3.3517130847838073],[-27.57597855521457,2.9389143098464903],[-27.93132510877249,2.8967606298140387],[-27.38684672668975,4.109485013133246],[-26.659056647367137,4.995250512473979],[-26.078704510529985,5.445562624108302],[-25.829719648983176,5.239768090605116],[-25.19356386791658,5.7809513347986465],[-24.57815716390936,6.286462747387458],[-24.863520271094814,6.347210388608377],[-24.69784948697346,7.599956078072316],[-24.261057548100332,7.8532427871802],[-23.62967959021011,7.375442562092184],[-23.823496708167895,6.614576508081147],[-23.902544665859548,5.751509980088357],[-23.521830888284285,5.806082341908406],[-23.065190509591723,5.556323164989241],[-22.218141140448218,4.851498737243826],[-21.761984990666548,4.863637798395689],[-21.395233211402367,4.933145060183814],[-20.791844013812025,5.374297150593308],[-20.272470230204778,5.997839530113362],[-20.088994131787036,5.709244765756069],[-19.386161020761328,5.8980441813737325],[-19.243374225006754,6.173169358529722],[-18.83516045348262,6.327991960203066],[-19.060028132469387,6.593674291921002],[-18.974616798798504,7.226886790558137],[-18.2946837219391,8.306908388574588],[-17.721679744654217,8.838594353602137],[-17.338726714269445,9.259896410875621],[-16.89334780159976,9.341404684286202],[-16.6442398427622,8.828019450097424],[-16.42393837436635,9.230232421020991],[-15.476892032260428,8.829890793301868],[-14.794601661586695,8.19986560876244],[-14.569436650491964,7.748143702475844],[-14.651687249524125,6.979394153049547],[-15.15096880376922,7.444391635359313],[-15.819611635664979,7.4989705783234175],[-15.191834549789709,6.919752450014731],[-15.08966895911329,6.099029930278297],[-16.238382282540318,6.000220549638142],[-16.842601659424947,6.264157667941917],[-16.763209147979726,5.5982637648069264],[-16.468216692887914,5.208174194373312],[-17.14076403581834,4.705965352706176],[-17.70896604881212,4.410581443722553],[-18.14412775721405,4.472308235909833],[-18.051168019191106,3.8464654880191294],[-18.742202362329387,3.6403256576713674],[-19.26337334474777,2.919023726250671],[-19.70332659175059,2.683672749756067],[-20.673182010390178,2.4709985564213772],[-21.051093426839042,3.1846555111654817]]],[[[-15.292129117768974,5.731250631967129],[-15.275174201797778,5.581929426318413],[-15.582329551534704,5.007180635977576],[-16.25153156419163,4.690461227170451],[-16.525546054564476,4.73984211645232],[-16.41026732321972,5.033122539060552],[-16.296268096318066,5.330224835303221],[-16.323381348613513,5.679509687796659],[-16.23784255865534,5.741116593799564],[-15.627881879006821,5.866027423342848],[-15.292129117768974,5.731250631967129]]],[[[-7.958979956694074,4.780825018597647],[-8.282584361556856,4.650016969512799],[-8.579651451909639,4.499286271565641],[-9.231955545139916,4.677213757504245],[-9.619977613160087,4.6215693523062225],[-9.774473628524179,4.9837893776289155],[-10.274234278876776,5.654444970872163],[-10.159464080616521,6.0035442616315935],[-9.82950695585237,6.296729743166851],[-9.368586427591529,6.2545463470209945],[-9.065804220740347,6.052147134706701],[-8.922326019319446,5.783195032842911],[-8.741129024536546,6.068211314106158],[-8.351822836059203,6.040918097070672],[-7.918004537145537,5.864646553104679],[-7.6248627215506355,5.509736910538318],[-7.439571919743588,5.242601184180723],[-7.473361265328601,5.069964690053383],[-7.244878879713301,4.9971364734111345],[-7.397269546535096,4.6728087431488845],[-7.958979956694074,4.780825018597647]]],[[[-14.237645187435074,6.025753157340197],[-14.066964723581453,6.789583149912806],[-13.83688138093944,7.2924473771961145],[-13.521934585251575,7.616268071668228],[-12.88442805566602,8.061368774823611],[-12.365649761878483,7.84832898565459],[-11.925187641944168,7.611124406123741],[-11.423074521324592,7.578946215259665],[-11.045041520751631,7.913394898847778],[-10.63278610056755,7.950218777396701],[-10.349306766380877,7.639280934397665],[-10.667490907649535,7.299807432305243],[-11.07740338497049,7.267594568180089],[-11.315270380073533,6.884079163872394],[-11.702882681111287,6.878693094482207],[-12.002802375216257,7.114007913054123],[-12.339636608925728,6.983987974281238],[-12.62536935768,6.96095976830477],[-12.82198891033469,6.684350880838378],[-13.060562736522808,6.394773107277822],[-13.030141476174864,5.94474364569916],[-13.14935186303537,5.450128128122028],[-13.361233994427549,5.10310896385044],[-13.808883132046446,4.980475368367393],[-14.219853965649163,5.063264752273394],[-14.416623978225758,5.306255300704687],[-14.479016841936199,5.7535471699548415],[-14.237645187435074,6.025753157340197]]],[[[-9.73095347877529,6.957875159575241],[-9.716518407034826,7.328964961407665],[-9.42648733575513,7.324278489236349],[-9.073632523131621,7.163425802916712],[-8.735593955368051,6.9206494668381255],[-8.920857313764248,6.74622679840191],[-9.042242749316445,6.694613336901364],[-9.465268814687239,6.704788740534947],[-9.73095347877529,6.957875159575241]]],[[[-10.095508657134468,6.8498191692500185],[-10.334371656560347,6.827710820040626],[-10.416639318256536,6.911736484903331],[-10.38601926614184,7.0097806684813815],[-10.101471644743109,7.30687687427654],[-9.839161111544728,7.190053104678697],[-10.095508657134468,6.8498191692500185]]],[[[-7.827724081204877,7.868684991760674],[-7.544128760684383,7.6077108967031855],[-7.8999128731946895,7.438582816656618],[-8.521009428255507,7.294887890612978],[-8.987198927336244,7.483460607153103],[-9.36427562661229,7.685395179191866],[-9.057666870483732,7.875377478644095],[-8.58701065871479,7.912879559651052],[-8.247776917220783,8.213287192542184],[-8.167390999264116,7.868608696085843],[-7.827724081204877,7.868684991760674]]],[[[-12.566929279334303,8.856707336766993],[-12.165686685468023,8.965839421050612],[-11.875824828771954,8.592709895543035],[-11.858928718265801,8.143659342927048],[-12.276475623395848,8.154972283545357],[-12.596328409335612,8.248281008203652],[-12.84667407648675,8.5789317499609],[-12.566929279334303,8.856707336766993]]],[[[-6.995047091198365,8.704559918540896],[-7.105588490389919,8.673976052077114],[-7.434597346956666,8.663959662678273],[-7.374889037584649,8.969730380231882],[-7.111121010793201,9.178368003215816],[-7.02469109444598,9.064009438038253],[-6.995047091198365,8.704559918540896]]],[[[-11.712044065118896,9.602374466952494],[-11.407375786908993,9.716345571832498],[-10.957228077627235,9.33780847968003],[-10.74640403397755,9.69669713467247],[-10.150800346533504,9.194432707672295],[-10.344337131334914,9.023617582666835],[-10.308656889023055,8.53467445007567],[-10.559236730475844,8.315902276875654],[-10.465279124956718,8.221356223049561],[-10.947095009743455,8.360446358180463],[-11.366646281474608,8.662410117712385],[-11.897383055617604,9.201894937823246],[-11.712044065118896,9.602374466952494]]],[[[-13.181404873227043,8.908368822016856],[-13.520619329052455,8.445885710786362],[-14.00261034622748,8.114800629190576],[-14.563992666776487,8.931244897496713],[-14.546364056411555,9.332205619491148],[-15.009254833273996,10.007162236858264],[-14.780420973645757,10.279826664479014],[-13.936840171009418,9.93770576603528],[-13.525381081778066,9.649987558252002],[-13.25567702942177,9.287398033081466],[-13.181404873227043,8.908368822016856]]],[[[-7.477748945363639,9.215164111431994],[-7.805746455710269,9.147554574965516],[-7.949357799548087,9.420314477398605],[-7.8209347939993785,9.898027434878003],[-7.363947841739882,9.83898873727327],[-7.303798603084926,9.482637526317498],[-7.477748945363639,9.215164111431994]]],[[[-13.032300419620313,9.775147019717101],[-13.313942869281805,9.886811207274828],[-13.543689285386412,10.388104453605957],[-14.165558990544232,10.27894510765507],[-14.880438908902446,10.843901546996703],[-14.886533340296793,11.493082296996874],[-14.627688478473063,11.687769409566846],[-14.182966440951436,11.623803639691836],[-13.079012622907356,11.714870490352627],[-12.837093719081627,11.499742519820812],[-13.33157175420077,11.11755356729659],[-12.609716180063131,10.946702756457034],[-12.44881654669943,10.380340242764342],[-12.82781054909341,10.250781677917834],[-13.032300419620313,9.775147019717101]]],[[[-9.248057780647837,11.15276337146737],[-9.635046282267364,10.923512821217383],[-8.729139933736974,10.430572012930885],[-8.650848014235446,10.016078186534411],[-8.90868080592154,9.944971917880837],[-9.294565693709632,10.243470074744879],[-9.611307956499141,10.440241448541306],[-9.653895175651854,10.16986549595589],[-9.868689288496803,10.023182643238616],[-10.252407888890547,10.338200160465222],[-10.48164727074421,10.783326424868763],[-9.933080096672278,11.497257918408291],[-9.694950675323508,12.2588923547962],[-9.37968692921891,12.528747379758178],[-9.150154506032933,12.289602831747128],[-9.304931462028074,11.608605209667285],[-8.42831059626899,12.400678352300375],[-8.021304492719445,12.452292762645685],[-7.751946807649311,11.453279844036144],[-7.774630640104425,11.096604683103886],[-8.52390813564225,10.967972293113997],[-9.248057780647837,11.15276337146737]]],[[[-6.834518388917105,12.36230664288515],[-6.43403233538913,12.328625964222967],[-6.434032160026709,12.328626054704502],[-6.4229597440837,11.482202204554643],[-6.487882895410857,10.693095177299046],[-6.780861390252146,10.5276322733753],[-6.947420241385503,10.241481421722458],[-7.363539581504782,10.892563903450952],[-7.411550848872901,11.279236629314862],[-7.252629666812639,11.439388534170137],[-7.099550160187761,12.035511577954226],[-6.834518388917105,12.36230664288515]]],[[[-12.296270512266327,12.178264111901019],[-11.46204092135582,12.005275113809681],[-11.4322314188006,11.837820563636594],[-11.674857759716964,11.541268903638457],[-11.989121407686646,11.537376834326688],[-12.296270512266327,12.178264111901019]]],[[[-15.840217951443192,12.130362949292756],[-16.292773869221122,12.00332258022228],[-16.56528932179964,11.937186369174551],[-16.785866384861578,11.959127773921503],[-17.232997468853707,11.995427075845178],[-17.401864711077394,12.377098616315067],[-16.862504192177052,12.600134490011023],[-16.776638094699532,12.9002596517088],[-16.108148398816937,13.014913979642806],[-16.04817142855174,12.58229232230778],[-15.840217951443192,12.130362949292756]]],[[[-15.670187679922227,13.253537827397118],[-15.353697152656405,13.744453618272605],[-15.805326166767927,13.822877056609544],[-16.012913592478977,14.152470996713916],[-15.445542870438572,14.539282911831135],[-14.807121456391092,14.80350214140182],[-14.551161017584993,15.14078731635221],[-14.291134450489507,15.852816534227744],[-13.571482754540549,16.698744276747284],[-13.21966728381238,17.06397733639991],[-12.752739653210698,16.81567607656726],[-12.17625772126453,16.89353129343326],[-11.97924119442339,17.169595987898653],[-11.135972629166979,16.767863142545874],[-11.268042941806709,16.550953817340694],[-11.607363640438583,16.106232111356512],[-12.030797943681662,15.853249322111541],[-12.275479258460997,15.442448972359534],[-11.598742995779222,15.659008335940076],[-11.050613019002876,16.14289961066028],[-10.632373273469748,16.39301965738262],[-10.269755107063704,16.180715044269473],[-10.681770322345912,15.428024404471602],[-10.26720102413595,15.719993451539919],[-9.633248087274469,15.80047374504891],[-9.446011294242933,15.02811751401482],[-9.403202036097518,14.580281016955134],[-9.709887226831707,13.634915253012],[-10.072141722570453,13.61462085940778],[-10.240322160908335,14.077834723579333],[-10.585645194400882,13.436099935729581],[-11.244184021610446,13.562188605897731],[-11.162375569681927,12.956110177888709],[-11.593384609006803,13.02005371973236],[-12.468546256874921,13.570269731419437],[-12.291700068767302,13.161924640313034],[-11.412535488078854,12.56253891166075],[-11.499659047463261,12.281169316872164],[-11.824979845479143,12.19488226463139],[-12.355781563769664,12.243853085561874],[-13.213277785615713,12.777799696942562],[-13.8115960891385,13.187127393773775],[-14.569981207417996,13.1066678588049],[-15.344769383520296,12.946268699340086],[-15.670187679922227,13.253537827397118]]],[[[-8.905666730400334,16.96382201267027],[-8.533523206591987,16.656550392868574],[-7.607344841521198,16.507120973587202],[-7.559781977365115,16.168229188910658],[-7.404396195540584,15.320664813125884],[-7.329726729448207,14.62156362839333],[-6.798492692037294,14.193251325616947],[-7.554722041266937,13.632471760195354],[-8.004873269258443,13.618734362949223],[-8.640145431878583,13.296039079099849],[-9.034097546941048,13.38710907146853],[-9.536516200503005,13.558439196054184],[-9.381724629624047,13.971696642448025],[-9.15482241387,14.955094496285875],[-9.196930669817561,15.750361411634149],[-9.420875697613658,16.110954002255912],[-8.905666730400334,16.96382201267027]]],[[[2.623410068261778,33.173578989591306],[2.9282095814578066,32.89175650681826],[2.974225482760855,32.41747413857548],[2.3649829630059043,32.10572881041486],[2.0180625224401822,31.974149773093174],[1.6078416677823688,32.06257756964256],[1.3587109987075001,32.38354963225164],[1.9420570407973874,32.83319129830492],[2.623410068261778,33.173578989591306]]],[[[-12.688634207438527,34.944875734813],[-12.208713613956425,34.76311641141454],[-11.895973771065577,34.39029794912571],[-11.800931505126137,34.07925252448899],[-12.167687071975088,34.10320399012312],[-12.763594251162278,33.82158648695892],[-13.081759985022517,34.94042530486726],[-14.058888921269425,35.478055710232674],[-13.781598955935266,35.57221045288067],[-13.150385091918993,35.28982365620702],[-12.688634207438527,34.944875734813]],[[-12.167686683682062,34.10320416915954],[-12.167687218146039,34.10320399897168],[-12.167687071975088,34.10320399012312],[-12.167686683682062,34.10320416915954]]],[[[-21.27710521957916,36.665363381111824],[-19.827391931781165,36.85697104287718],[-19.38968633859804,36.65261146097001],[-18.542332660064922,36.640166765982926],[-18.242793863366035,36.448129336169785],[-17.41050680964749,36.6049232327063],[-16.827453226157903,36.23526568956106],[-16.75705379990553,36.004294492069164],[-17.609877179105187,35.88707937791578],[-18.122209926352213,35.831719681755295],[-18.828325743643767,35.62573816945853],[-19.275774994255034,35.81170905528349],[-19.917306537998048,36.0518305528347],[-20.87113531078975,36.05296246213651],[-21.52850777595343,36.365628054853865],[-21.27710521957916,36.665363381111824]]],[[[80.45912592631804,-37.82480028784493],[81.75539463517852,-38.07336051123896],[82.07008565173875,-38.51345896286923],[82.26738218099871,-39.39471798577156],[81.18332153160753,-39.792264916573934],[79.29855934361602,-39.809678208905524],[77.2890538196956,-39.1544283232436],[78.11458416392347,-38.554560763679355],[79.07872679196535,-38.18573897891374],[80.45912592631804,-37.82480028784493]]],[[[84.04634377230344,-23.947973239363826],[84.32352261652126,-22.415658538621496],[85.40960588407357,-21.56782590439317],[86.15860190989477,-20.81460076751063],[86.61579628188024,-20.273476080324397],[87.77493538558029,-19.345055229808068],[87.80488075267104,-18.329428016450144],[88.53343683396055,-17.496345733903475],[89.41323081500492,-16.922322832773837],[89.89115684094627,-16.161576330102847],[90.74275969982114,-16.561039259335647],[91.10182737036106,-15.98640605406329],[91.12648864587797,-15.627135310712692],[91.84924350245058,-15.45284281372236],[92.4241639161724,-15.099200957699406],[92.50727842853311,-14.364694036588334],[93.15384042972488,-13.87117997168098],[94.43957093728056,-14.101815187382769],[96.03500050732282,-14.106890760083486],[96.08720642473818,-15.207410189173554],[95.24266020781816,-16.067791303531234],[94.42223228262549,-17.36701317596583],[93.79626821896085,-17.807149096338364],[92.95382227348387,-18.577870392920154],[92.16956306815062,-19.084798088054498],[90.69146004632469,-19.856686142893068],[89.80417284686544,-20.73614932458099],[88.88271534574721,-21.02634011916806],[88.04158335396909,-21.38727895082664],[87.34877520566032,-22.278867737223],[86.41085575159651,-22.782868294943228],[85.78001850513998,-23.519015683896445],[84.53505047733941,-24.52041739430107],[83.97187473077184,-24.586556800177704],[84.04634377230344,-23.947973239363826]]],[[[8.156083815364452,-10.235227688910074],[8.535578671619092,-10.440081289319512],[8.611742707017655,-10.780961972958409],[8.22117197964869,-11.694719843095566],[7.844991799727057,-12.517231779726277],[7.628969895393546,-13.752376008777384],[7.736655120749778,-14.807830708822845],[7.767205164834113,-15.8743892248812],[8.214106004615166,-16.588444881784444],[9.185792493062502,-17.024211986647458],[9.050210831448364,-17.194829762695125],[7.977513335072015,-17.56254289232708],[7.700497303425511,-17.195497340838447],[7.032670720994509,-17.18194131825205],[6.771874659115769,-16.70070535065052],[6.986028820576177,-16.380673357238567],[6.75046954873607,-15.884445293222303],[6.927277877648462,-14.87123121526494],[6.63170977702996,-14.868812228634859],[6.848447354758793,-13.795785546266815],[6.574510271740959,-13.421410855696443],[6.839277006477705,-12.691817898521878],[7.217117940277454,-11.732636565937051],[7.779237788331058,-11.142190310240863],[7.8827808235997905,-10.609255487577661],[8.156083815364452,-10.235227688910074]]],[[[70.0782786425101,-8.460008179088948],[70.50015927799618,-8.897417695815124],[71.07191312050176,-9.147494920093372],[71.51191175268954,-9.992837991292356],[71.14931191682483,-10.750868862666975],[70.2738179021067,-10.722266044548176],[69.8450591709353,-10.229152838925257],[69.6260473686538,-9.186822285364933],[69.68138688086557,-8.649103212935032],[70.0782786425101,-8.460008179088948]]],[[[92.97718918643871,-9.763213089938537],[91.6170821455481,-9.925188858642349],[91.33698165559933,-10.425275426690103],[90.46796133827816,-10.907771088599013],[89.57678223332854,-11.047048532673509],[88.63327841841772,-10.927828991697146],[87.96045891195392,-10.330332627533831],[88.31258923790675,-9.599777558501536],[88.12717663560382,-8.826503983347411],[87.27185488537582,-8.620284983908178],[87.08432266719134,-8.192596834510644],[86.87432333255194,-6.994068241053298],[86.08300528498627,-6.272495576272561],[85.45096732806938,-5.777848805710468],[85.07825208377669,-5.380244667009668],[84.53515678060472,-4.528698393528871],[83.8435233376923,-3.7575255609161546],[83.06401176324671,-3.2509818922765867],[83.06332889174539,-2.8493982323552256],[83.5724429332222,-2.341810183392696],[84.00767186621447,-2.298311265073094],[84.28894528487913,-1.6441118159674277],[84.59161636341162,-0.8144545537068818],[84.98327056024323,-0.885899995579251],[85.03164825640404,-1.5544134450608793],[85.52050046922017,-1.3774603178207678],[85.8596299757828,-2.1124425154968667],[86.7620199302483,-2.6824845021741663],[87.710983443732,-1.9501142005547487],[88.17110318792201,-2.123291747766575],[89.09764255089156,-1.0031283396540291],[89.21518596837804,-2.1879365771169565],[89.89742599671926,-2.5216573065365755],[90.80447562533796,-2.478112505764617],[91.49034486942057,-3.4387906769911063],[92.48806321885647,-3.462943493929307],[94.0217817946854,-3.8424590123244373],[93.66593941198232,-3.990985661149849],[94.12347792644451,-5.121974742995476],[93.51201630158404,-5.521024658523297],[93.45964589426696,-6.233037837501363],[93.14045586550505,-6.7329723835700515],[93.51190808453553,-7.917167448473392],[93.02605474389142,-8.285301402339428],[93.08695458844834,-8.938980331616184],[92.97718918643871,-9.763213089938537]]],[[[8.064539265833007,-3.9527661951208084],[7.999779717002827,-3.555460254927136],[8.582742299822101,-3.47062796956654],[9.62653429832425,-3.4478361122624808],[10.459845555435736,-3.792800932483418],[10.426239080908427,-4.2325913681336935],[9.948193469511576,-4.611428806235853],[9.468703189542635,-4.727204169637351],[8.764467107386293,-4.526490848229589],[8.480898799101544,-4.638880200937664],[8.064539265833007,-3.9527661951208084]]],[[[10.25179044336847,-3.1460143001788374],[10.929786353236787,-2.8330323611053307],[11.308988873100613,-2.9920178111517717],[11.330041277803375,-4.214813035166761],[10.207877432409454,-3.4397223619806767],[10.148114076638858,-3.259775181350575],[10.25179044336847,-3.1460143001788374]]],[[[80.68049902138263,-1.475689309445997],[81.62245817306038,-2.7956217045745317],[80.92569869986758,-2.306324700749265],[80.31173375716766,-1.5900922944926232],[79.62212232472632,-0.9960952373046699],[78.62992942892166,-0.4789170077771188],[79.44555718203408,-0.3050732830888315],[79.994940364466,-0.9557847164083416],[80.68049902138263,-1.475689309445997]]],[[[77.79156639402764,1.2336545905332565],[77.29420183405618,0.8134786854703705],[76.53337977054954,0.31454385874234275],[76.56755665302015,1.1478539659277374],[76.92592405920662,1.4878194018440165],[77.79156639402764,1.2336545905332565]]],[[[67.20483478370546,1.0838334208444647],[68.02773860664446,0.6928211457973358],[67.1849879740989,0.20286461964978558],[66.44370122860441,0.09733968364103003],[65.45995808119956,0.631935576021536],[64.69700417181491,1.3516661653606312],[64.9896740545921,1.768401101942647],[65.59534845704597,1.6190587064937985],[67.20483478370546,1.0838334208444647]]],[[[76.95160132307285,3.213059621666716],[76.43001100273541,2.8470322543988207],[76.80032101869004,2.6008765282995463],[76.20715401015494,1.9760258500956263],[76.36077552801667,1.0946282801741054],[76.1415422705148,0.6103393493903055],[75.72802214860536,0.65841724374294],[75.47252275294433,0.9601143360936739],[75.24229601030689,0.6704663542170247],[75.60305193442608,0.5464300427326318],[75.02911974527059,0.06803796620986985],[74.5936392785909,-0.07623006173722094],[73.63626380109525,-0.11151872613757452],[73.9651810451619,0.2753417543440807],[72.40053623994278,0.3717910134388113],[71.49342654394141,0.6788512376624293],[71.49134913548602,1.2529869077014846],[71.77171408984307,1.840436775458013],[71.50780903146087,2.130147752930246],[71.7609509618696,2.219666231329],[72.17769709432939,2.0700295121449717],[72.89096824573001,2.4044614957738353],[73.72564760735891,2.162150044405648],[74.06261212751912,1.5989063110395114],[74.87020591950461,1.4529222054233095],[75.6653673237913,1.6750348140858433],[75.77118923351418,2.189694339808798],[75.6481690708459,2.6170930650653665],[76.18630341925581,3.8363878054530067],[76.73326786942324,3.7525210142017094],[76.96896768955978,4.073979825264813],[77.4325201171817,3.9800436104631887],[76.95160132307285,3.213059621666716]]],[[[94.69084317994363,3.1603630914719636],[95.34870156111619,3.148591207093482],[95.64048747951621,2.615806215939783],[95.28693714198647,2.2268898618060975],[94.46918480589406,2.7113123271021937],[94.85355421944669,1.7320045404307702],[94.57609210144919,1.4847174336332762],[94.19014497883123,1.6148455239142856],[93.6025468789115,0.896407019786422],[92.62802084977653,0.9713664515250378],[92.93164527998627,0.30505316514473446],[94.09767366058355,0.38905018230772515],[95.5283963029816,0.42871321606929613],[95.67343569658064,-0.20245996814676734],[95.38020453784998,-0.6303055245502026],[94.45949858262566,-0.3453449361652862],[93.49454506716118,-0.5002327012765806],[93.48747206730991,-0.9199491464233243],[92.80264629470093,-1.2307575613124988],[92.14732295499958,-0.8184511988222385],[91.35324138817627,-0.6764173130071007],[89.84574482660548,-0.1740003926752666],[89.43352252756722,0.035700194035765194],[88.69062086015128,0.8855479941715344],[88.9856272923173,1.6665557811830987],[89.12366410285,2.927224937959428],[89.08057114290328,4.076999198299654],[88.3503000652813,5.06390037450376],[88.57420662184951,5.238887039241448],[89.57083264235537,4.436911379498903],[89.76391860191957,3.6854737994898623],[89.56837584894944,2.723005972989871],[89.61871780326888,1.0567014955274825],[89.76275197645806,0.18308155431457995],[90.51965802364106,0.04086790123672132],[91.40909384568799,0.9356224214329542],[90.95627916462844,1.4756152948790597],[90.61672054625961,3.340371735363616],[91.0779553346615,3.257823870932423],[90.93208131859082,2.8223423899228313],[91.5181763908522,2.387692426963866],[91.90514250383009,1.5074402192017546],[93.18897832830861,2.450776074636674],[93.53226949848583,2.2675846844384253],[94.69084317994363,3.1603630914719636]]],[[[78.10199945806892,1.8431102200230045],[78.40721558412888,2.433214222935041],[78.39960767314459,3.056604677938151],[78.81810628910137,3.042084680336521],[79.24756442340298,2.591465613112643],[79.55274280900306,1.96943788615959],[79.08803090060488,1.9318225884823859],[78.57712082572124,1.9980277540809654],[78.10199945806892,1.8431102200230045]]],[[[79.72651868498447,2.791668901803308],[79.10406226752085,2.8943661230718187],[79.03943872696159,3.4351789844566167],[79.71554140969376,3.284266286350921],[78.73949136426289,3.9996907234850654],[79.69687430339116,3.918423766203086],[80.03038110151938,3.568614501148617],[80.66643464663449,3.266195743616721],[80.96566731972415,2.958783810735197],[80.27841256458478,2.345915641748175],[80.0089845768245,2.546922827635868],[79.72651868498447,2.791668901803308]]],[[[81.67293873546619,2.9114313205680737],[81.2911070756403,3.447573518182239],[81.74137874229888,3.8014382180987556],[81.45871642349205,4.550650887698998],[81.00902586951226,4.706333932589311],[80.97254612188594,5.404021890532468],[80.19680535031819,5.3335514873449155],[80.65985560411221,6.140849773566054],[81.1648805234015,6.232397489785865],[81.53366426224369,6.307885710799549],[82.2004470582731,6.419081992403242],[82.7640630812009,6.485804600444521],[83.68912645194085,6.159510680554369],[82.66875610646079,5.784073241008705],[83.18394713380319,5.32616083235542],[83.92068368798512,5.651407585426354],[84.39430773398857,5.370855211854866],[83.8220257720298,4.1953685843536235],[83.09872082686374,3.910271003827502],[82.61937685137912,4.208628833899251],[82.1510902394196,3.5764788240361804],[82.56896871440101,3.2684488336539474],[82.53365074898447,2.801587669039359],[83.0960470211161,2.0703906613342506],[82.80388313262686,1.9048162961356032],[81.95857547547227,2.2896461703626305],[81.67293873546619,2.9114313205680737]]],[[[78.98274246809927,4.940469160392027],[79.59814078904328,5.191195325397774],[79.83036891214533,4.72672402167547],[79.1253859148623,4.675069228551782],[79.077801142816,4.3786432567484335],[78.47300994451447,4.216058780532998],[78.54379890259288,4.79402703934501],[78.16414383490381,4.774765143468274],[77.4084494893417,4.16450676301035],[77.41359488765377,5.102171966808175],[77.78268695240729,5.37866914515738],[78.89876413837202,5.67596084562349],[78.64625676193525,4.91428864646245],[78.98274246809927,4.940469160392027]]],[[[13.12495395976291,6.067962171041233],[13.889537347448982,6.1859740169250905],[14.222807584787626,5.280141156955388],[14.590584002976584,4.9449504748028295],[14.12249773588284,4.2593979849340515],[13.423754793918995,4.189398342061934],[13.147663241150548,4.435658876666982],[12.975755369474191,5.047248849837777],[13.12495395976291,6.067962171041233]]],[[[15.72459320385782,5.645083106249215],[15.690937231459502,5.580316434988689],[15.226415936300098,5.700764754172751],[15.015761619400603,5.994300813307419],[15.222299722072218,6.507762686255044],[15.452982462112846,6.641011801617163],[15.624393555125591,6.237429356884474],[15.72459320385782,5.645083106249215]]],[[[13.049759323297053,6.383865736503701],[12.974753923793074,6.8709936588168175],[12.896700292350106,7.558412868468856],[13.39299644980602,7.488869775580872],[13.511984305850984,7.075106225666833],[13.370155265014777,6.468568017965114],[13.049759323297053,6.383865736503701]]],[[[90.78842046548438,8.379216705078916],[90.90906410407973,8.099009923353117],[90.26902186649126,7.696390822838113],[88.97978422789419,7.398330180848393],[88.17327092304362,7.596694035776918],[87.80441585872663,7.9266282246424336],[88.35545607594833,8.000901955776833],[88.4416990056525,8.591428285664689],[88.85447241436859,8.686538805681124],[89.73854998710962,8.635863627955384],[89.63997784453298,8.120011545387799],[90.25453468293577,7.967956679061662],[90.78842046548438,8.379216705078916]]],[[[93.14605634415672,10.455910734776094],[93.92828777213089,10.809980918546335],[93.49923309249917,9.972294513018724],[93.40592523533999,9.139350784704815],[93.4674888190237,8.575190492901866],[93.42586382166579,7.884953258423901],[92.87251390373362,8.125793328512035],[92.83999396299569,9.359692045960783],[93.14605634415672,10.455910734776094]]],[[[56.613897786331044,10.923703137422857],[56.39377726567935,10.345672906032554],[55.91434150806647,10.295795090026054],[55.254331575156776,10.678317169127405],[55.308664985482004,11.16073555675922],[54.83696079910151,11.440830470024846],[54.96718767667202,12.072205509572477],[55.29848436409867,12.226937423578228],[55.9788112623752,11.847650697427202],[55.701827498956575,11.464428291251695],[55.99409942763243,11.07069770505023],[56.613897786331044,10.923703137422857]]],[[[57.246208637636215,8.815011095095418],[57.00502138257059,8.255622391831556],[56.34693897132949,7.853291344391939],[55.96087431687104,8.609096671419788],[55.28243953361725,8.976598963844792],[54.66670242205872,9.741676028104344],[53.9023422314167,10.25248372961402],[53.37127978750607,11.813926761748297],[53.43948275527536,12.704240882009174],[51.49479495445962,13.231693938520078],[51.8783283681158,13.841719564515758],[50.63153333616587,14.791164749679075],[50.14131904328807,15.148126123748913],[48.793363892962034,15.357280395602528],[47.68975630506009,14.973661268781195],[46.97658200635856,15.137164543608213],[46.589889811210426,15.867284863222709],[47.88063146245445,16.61488046202209],[48.70655164887112,16.793921311366795],[49.90621063753528,16.332283622806447],[50.95070702823123,16.580546903295982],[51.83221161435904,16.46300095213804],[52.31068706468201,16.70929833252773],[53.12316975113085,16.444535046937787],[53.820527828591096,15.511780705565414],[54.15611521577151,14.100951825986908],[55.513528404099205,13.123137124810238],[55.21088550980432,12.512032432141968],[54.45938547525551,12.365921525964701],[54.890147708006204,10.97827897292221],[55.49090984933845,10.065851065771861],[55.62203082404992,9.102618182201688],[56.267879096648656,10.024711056015306],[58.0452551579054,9.650569796521554],[58.52584625114586,9.142873693298291],[58.17405768029021,8.693977624027953],[57.246208637636215,8.815011095095418]]],[[[33.70673633528694,12.766404487209162],[33.4855043350279,12.968032325124902],[34.07802616570618,13.325364906285294],[34.947469776637575,13.832959268258454],[35.91293525141541,14.134635108435534],[36.81446462242297,14.7025908494061],[38.33350248478218,15.890400856133606],[38.32821643061541,14.86734689741224],[39.880793513677624,14.915018425771532],[40.69066898723507,15.851367900449992],[41.389838908320165,16.043179345973734],[40.951930927562884,15.366228307180752],[41.85488602308308,15.154024018302907],[41.05825099844369,14.795885462009096],[40.07039694146636,14.591613508505276],[39.02623397713556,14.207863265934161],[38.235100051786205,14.130877036175724],[36.911613096772925,13.758104638014407],[36.05984503421764,13.115076104492429],[34.70602400261819,12.755474753384656],[34.08191985070014,13.134508518002596],[33.70673633528694,12.766404487209162]]],[[[9.015493354886003,16.64319627140737],[9.4432646173299,16.68656760885747],[9.85971009823424,16.51983192382487],[9.859710098234252,16.51983192382489],[10.206679764920048,16.372083483169675],[10.079282875891936,16.073205609142025],[9.488996362224102,15.936309283146523],[9.488996362224025,15.936309283146402],[9.43031062083381,15.921546050715031],[9.191732429349923,16.060472232391714],[8.92128722608747,16.536895988283437],[9.015493354886003,16.64319627140737]]],[[[43.31138892640967,17.44547443980458],[42.72408910509554,17.79727379972738],[43.79285609203816,18.30071576680189],[44.40963495393248,17.35074708799318],[45.59808157569562,17.012800399645283],[45.23559210648376,15.71006661032553],[46.44106376561487,15.597078458431868],[46.6639262495833,14.79324056409847],[45.690187017187945,14.459828452455081],[44.82842326636799,14.625262501891465],[44.569358854245095,15.3627583496446],[43.12905513571957,15.198580873431558],[42.29317204268681,15.186295575364069],[43.08766882513857,16.276655492675737],[43.25664509700353,16.899524107398136],[43.31138892640967,17.44547443980458]]],[[[12.001841765396382,20.808522972592275],[12.57890991034375,20.756025306042762],[12.677008777621936,21.253572702473324],[13.135984415828455,21.486136887970005],[10.884891984081456,18.11159712327388],[10.48098555429227,19.223716457716346],[10.044291147242767,20.5685180186436],[10.376917059717115,21.107788364939672],[10.23811489154196,21.45088938310472],[9.98063086221529,20.75900119174237],[9.017492339870227,21.342278939383593],[8.626321073865547,22.5067236470691],[9.213000393035449,22.756594448932074],[9.93307631085879,22.578779885438532],[10.385672911789655,23.46272676283827],[10.65272530322001,23.57831927486462],[11.038090353221943,23.375145035632602],[11.188244688257816,22.916378486982396],[11.585880261482798,22.395406614735744],[11.452693593216841,21.969024128003586],[11.765178421134427,21.621541663393494],[12.274611810491805,21.49694161457795],[12.288373843283546,21.081248708816638],[12.001841765396382,20.808522972592275]]],[[[9.237383184135469,25.281261712229732],[9.675854314475464,25.35404263061475],[9.938140729410735,25.022877706888586],[10.035139112595873,24.789489515422652],[10.460238392339221,24.685907261355172],[10.528170534443149,24.562086616124112],[10.333280778597995,24.22880491982742],[10.141905683989322,24.512861993702604],[9.817783788752177,24.526254420880598],[9.560709513678486,24.90663067990575],[9.156253212126304,25.192633291280057],[9.237383184135469,25.281261712229732]]],[[[9.153984374417908,28.288426958512236],[8.76275673222698,28.497934118673054],[8.845519441568227,28.87760228524179],[9.23564538590173,28.9289324411988],[9.521827175092984,28.645245536958942],[9.742607103598417,28.28776375668569],[9.153984374417908,28.288426958512236]]],[[[21.725960466746734,65.98392304174784],[21.913476568938904,66.20494418730665],[22.26254021596696,66.25085755723136],[22.77879280747898,65.95579696927324],[22.59752548788149,65.90949864595754],[22.183566112403387,65.87830969207562],[21.725960466746734,65.98392304174784]]],[[[19.013992109387534,67.44300324612276],[19.16490956830575,67.40754529574903],[19.917601260239174,67.25831041837355],[19.98704098041111,67.00396287848058],[20.035382789374534,66.95353945026856],[19.316530302797602,66.91511088019837],[19.189230719195848,67.00273320185765],[18.83830721484665,67.40644504603561],[19.013992109387534,67.44300324612276]]],[[[16.896779579866312,67.8182173192052],[17.059698945164325,67.91181521056242],[18.286909134943922,67.72165580289108],[18.006385380630086,67.6301792039697],[16.896779579866312,67.8182173192052]]],[[[15.70057702856516,68.51706617203796],[16.576173526251342,68.49222861373649],[16.81684451630952,68.24231678400615],[17.02346547971584,68.1316063287451],[16.992158102573516,68.0696892532432],[16.688433290922443,68.01657185892523],[15.915848615116293,68.20700246579355],[15.402644258286582,68.424446969053],[15.70057702856516,68.51706617203796]]],[[[15.59754827171592,70.15688490817385],[16.13105685342956,70.27710542627689],[16.666153854751627,70.07028389455117],[16.345928168375973,69.81186396601937],[16.459793866106295,69.41781820416332],[16.238401715948104,69.32564749382561],[15.662683465346475,69.21740184904382],[15.678127973907014,69.01041479877357],[15.458460723205068,68.93661429238828],[15.282485650865416,68.97452263848109],[14.442472980371988,69.23526731359355],[14.05116714391389,69.36268175902002],[13.728462369665067,69.53111457358136],[13.308605920099739,69.93011109973452],[13.412398476920117,69.97829053747775],[14.616370324409115,70.09008992833326],[15.59754827171592,70.15688490817385]]],[[[149.18793349705987,-60.30664670724287],[150.98914935730417,-60.3892700963257],[151.61001429239207,-60.882070770626626],[152.50203130068175,-61.56017222609908],[152.38965906989853,-62.14193750030341],[151.51207012961774,-62.93305218040568],[151.2010210497149,-63.782099576399055],[150.4973499627827,-64.43816934065275],[149.25863082018958,-64.9550578934051],[148.19087486362605,-64.85986009252674],[147.73857620831114,-65.13234189280632],[145.80757265319284,-65.48544457175184],[144.70586922624432,-65.94100354112035],[144.4140441105715,-66.44922052077077],[143.78249463215863,-67.0556513625112],[142.42133741943294,-67.81864229862502],[140.778737346884,-68.02680249832959],[139.37713223259573,-68.41200246436038],[138.3673976213335,-68.11100529285814],[136.9634890861948,-67.88156001561318],[135.96201230793804,-67.75277723289749],[135.1752063650203,-67.45448916971183],[133.11356356696243,-67.42584658827977],[130.5688525217282,-67.20497254007954],[129.07971317202555,-67.28117685142436],[128.3891458122319,-67.64180846069664],[128.01029628991276,-67.23732660176057],[125.74697907420315,-67.19169973584614],[124.41137076560558,-67.50365295887569],[122.97367005581259,-67.46271189471945],[123.46742105110606,-66.94898534592662],[124.04214709102295,-66.50567680917146],[125.109087380578,-65.94948926541399],[127.31865140370522,-65.15224759887629],[127.88577602981961,-64.67937858876046],[128.92406892136503,-64.47810987885892],[129.70732066731995,-64.44008697208587],[129.06138766549796,-65.05196604290045],[129.88001024459993,-65.02004452987121],[130.99229036128344,-64.42266284305578],[131.880303988072,-64.22523482039996],[132.67666999316822,-64.28304820399813],[134.23816502319724,-63.77944405500685],[136.73564952400366,-63.27059485201966],[139.60356980601753,-62.62726917604529],[143.23083438624,-61.60546934868045],[145.6210198201656,-60.750958978572235],[147.70300617320353,-60.07434244472358],[149.18793349705987,-60.30664670724287]]],[[[151.27294726615105,-29.559723133199753],[152.10517544188772,-30.243605866947835],[151.66996393855558,-30.62177023417205],[151.243189350392,-30.833719799707303],[151.03302575798136,-30.940857913254842],[150.96784728361766,-30.41482858869658],[150.59647812197878,-29.870022796768595],[150.74300922143252,-29.72700144565831],[151.27294726615105,-29.559723133199753]]],[[[97.12621548765459,-13.617357911481731],[97.07885524468892,-14.527698884877163],[96.07373203513464,-13.873088384621484],[96.10405162012125,-12.665124849108368],[96.48462077211947,-11.853762226415189],[96.55272018852038,-11.439930859626234],[96.91220842991672,-11.295967155077106],[96.97126392093014,-9.39208130715197],[96.54945301937953,-9.18114960683181],[97.00356434617295,-7.3306862962851485],[97.65091585759862,-6.959341655190083],[97.81232534424247,-5.470133997042897],[98.39403961090412,-4.248637953047282],[98.7907312526053,-5.372014342168188],[98.40277668059855,-6.465709307626385],[98.44628327476354,-7.360519460044189],[98.39255131347002,-8.388449658502369],[98.23197828267331,-9.31856464390647],[97.87267622482067,-10.47490306842358],[97.79099667798918,-11.204630034161928],[97.93000570950417,-11.613200086903783],[97.56294515618826,-13.432348553550176],[97.12621548765459,-13.617357911481731]]],[[[178.08529505244846,-21.258655839986044],[177.97046592198484,-20.89403732378272],[177.6708540290643,-20.627473543169987],[177.26974156021012,-20.659445013556926],[177.05971363287043,-20.275357226554373],[176.82889093254596,-19.98392236627386],[176.41499728117145,-20.155644336549148],[176.20060634775234,-20.556851658976253],[175.8259882609539,-20.667183642030675],[175.35741858579743,-20.912928878307586],[174.9501429543758,-20.963697955769536],[174.44826919356893,-21.044794129973408],[174.08529656543965,-21.174165723494717],[173.6958516514014,-21.312116355505104],[173.32227969180664,-21.429307596653228],[172.99756992184808,-21.205693765060253],[172.52393508416748,-21.425124121644135],[172.1700107915377,-21.596657524410507],[171.81040703087578,-21.447364406387837],[171.39549095596504,-21.5453449617856],[171.17306912929408,-21.84145430797008],[170.72254969969765,-21.961254356331015],[170.30890125655327,-22.004661138704215],[169.83996778360364,-21.974524597378654],[169.43831960488146,-21.879332730406237],[169.12120314699501,-21.663043342656238],[168.80660670269805,-21.396556769424286],[168.64325537474886,-20.999289471679102],[168.83232988537685,-20.604167730207518],[168.6874569833046,-20.14307233469075],[168.61910624141888,-19.787091519289195],[168.266797299214,-19.447299617165815],[168.1941647225229,-19.079508714073302],[168.07673301090614,-18.680320967757666],[167.7962839244326,-18.430925080896106],[167.41709695624797,-18.419481996663897],[166.88275034101474,-18.561890890777207],[166.71443690056066,-18.174333999472346],[166.4801410315439,-17.854170747438726],[166.26553159762895,-17.54074745241204],[166.0199846424436,-17.245738050597005],[165.72152922268108,-17.00188861812679],[166.20055711127455,-16.0227317556894],[166.38739190940535,-15.841559455391454],[166.7295105520223,-15.53121163923008],[167.16253067857832,-15.555346003704942],[167.6225443731821,-15.440835362674319],[167.84453900260988,-15.109427455245457],[167.53919930149394,-14.886447709562692],[167.83821239286868,-14.618110963220287],[168.2155920312514,-14.439380112279416],[168.60420821142162,-14.216973087649173],[168.62378474993315,-13.825067103896453],[168.41401117302001,-13.520740368786546],[168.02208300932713,-13.416173963926818],[167.6197882093862,-13.588292708038905],[167.27807849211368,-13.787075153731362],[166.92310595037588,-13.89113248684686],[166.55998730107507,-13.957414780804333],[166.2414043161382,-14.147442993277068],[165.75140980385706,-14.363656752454155],[165.5237056534667,-14.276276753179737],[165.21717136092556,-14.016121680039896],[164.88784541337154,-13.83722319583229],[164.52560490222544,-13.67144210331124],[164.10230350493322,-13.792078231971608],[163.73772477189578,-13.948774192026642],[163.2769459067371,-13.989400470183236],[162.83874962357217,-13.861943349006879],[162.48097931618545,-13.72986642533905],[162.0779627614017,-13.761747926285128],[161.79930577192877,-13.689394258289884],[161.5010998943682,-13.552027029249366],[161.3590870998753,-13.17836749443741],[161.07745290970894,-12.942541619056891],[160.76543770522002,-12.685895759030233],[160.58740119539593,-12.29209797448073],[160.19810821674125,-12.189220772748445],[159.50412396772438,-12.347740356234727],[159.67264756008382,-12.082359412298665],[159.9989733526032,-11.690286243251988],[160.0132908368909,-11.308178198186315],[159.906604469275,-10.942635444300254],[159.62807867788797,-10.664015397716069],[159.52336481789072,-10.274224750787507],[159.38449350658257,-9.935977098734035],[159.1921380256369,-9.754677242486586],[159.1137571755714,-9.431388352852963],[159.19863048002355,-9.075723067445228],[158.93761834019764,-8.80548356727707],[158.78545644171967,-8.416993238083693],[158.530672156699,-8.129381245654523],[158.5270892985815,-7.704097897119301],[158.12533419315625,-7.563758309825948],[157.74330168883654,-7.474823544699224],[157.39703330987115,-7.294827364628469],[156.53203259035948,-7.013735493718069],[156.59384497851883,-6.720209137569235],[156.7804442142027,-6.347875026529406],[157.05819610112633,-6.000512497527219],[157.53531855656067,-5.369261149825178],[157.47256058841964,-4.990363200430971],[157.4009725191049,-4.637153489920593],[157.20784779312913,-4.242905167350039],[157.00200793904006,-3.8464236775699807],[156.68123361711173,-3.5638840435646904],[156.35166647531085,-3.3310331006160854],[156.25715077536032,-2.8871692575769563],[156.0099392014537,-2.6092475669716846],[156.17464706849515,-2.2730165034091816],[156.46967644351267,-2.041708581563364],[156.76111230957105,-1.7380315023248334],[156.69521902274107,-1.3071046707417933],[156.93687497171672,-1.0251331796087801],[157.17640802977607,-0.5511164632320512],[157.26817611457074,-0.06456154188353842],[157.1920620184883,0.33765933628907696],[156.88480189426195,0.6496445794925527],[156.57980052704454,0.9227049966978901],[156.5173913028313,1.2847306916644488],[156.67547327809694,1.6345461150897074],[156.80374991703167,2.037181677923802],[156.68116338695214,2.4225481994227622],[156.71875375224616,2.778953485228552],[156.85786441101112,3.114658239949986],[157.00379128944533,3.4622801922168978],[156.88191013946718,3.8412501429281307],[156.7972883999948,4.290553615439744],[156.8321819471553,4.698607272952297],[156.92214467993801,5.144712065869096],[156.90508964911578,5.5265712374881595],[156.91131474038508,5.897734538162774],[156.45914308905878,6.121894811333563],[156.06098475306544,6.235480760931515],[156.39232227028683,6.421535650523316],[156.8496583619921,6.378953731344587],[157.2844447951983,6.40395296103125],[157.65093217648052,6.4746474828843645],[157.91218298201892,6.745284218239762],[157.98408651518517,7.188653854100502],[158.12416153979484,7.6850795535572605],[158.1834574847277,8.039344801934437],[158.36091819492339,8.525163572211838],[158.47621670885675,8.877975952969656],[158.70896471118127,9.342262357531075],[158.95675824135566,9.714584634185568],[159.3608537878763,9.837729561927667],[159.67359770313388,9.615762688690227],[160.04806186636185,9.715937902718862],[160.43951127572242,9.978958068026353],[160.85876473913757,10.23498463029565],[161.24187384232337,10.57272132365471],[161.62466832866437,10.926884230862553],[161.95151271156334,11.166362123607877],[162.18535146082488,11.50588876086454],[162.0244512463897,11.881641853951846],[162.43753047867662,12.00176890767083],[162.85962694018616,12.05558732477905],[163.23864775370447,12.179199864618976],[163.5744598880611,12.468960040139045],[163.9188014807034,12.721951623821717],[164.34272090432057,12.616440177057099],[164.77798147885014,12.772454543052387],[165.22413098830336,12.745750624636994],[165.59258738323106,12.925265710610756],[165.83762337957032,13.223405511970897],[166.12970727383131,13.444447208121172],[166.39581779810987,13.741750971086383],[166.73939557347433,13.963771916418864],[167.10914950650033,14.117303796437419],[167.5286391286862,14.172146246524862],[167.91957625118678,14.246219080177863],[168.29169065913987,14.168522300503051],[168.52411331811746,13.845913789556135],[168.63413203271628,13.473161687279015],[168.83366654258512,13.04491773558812],[168.99344282380943,12.712240103078917],[169.17128911620887,12.315866614241985],[169.00266883210304,11.951885132335008],[169.13023191263028,11.584378719401244],[169.028347587511,11.185330219866387],[169.22553901914685,10.824116874239023],[169.3702204515282,10.436750374032302],[169.4718220684538,10.087320112509293],[169.70603200779087,9.731685799954395],[169.94056891816678,9.43357668892591],[170.26036125414717,9.110987449420332],[170.5403084614795,8.861684763483169],[170.91652308051505,8.685636575162714],[171.22177500189375,8.462820096926238],[171.54722422365344,8.288752868153727],[171.91618278344393,8.45928658249804],[172.2744526687137,8.201848930307756],[172.13364248037757,7.845512472446714],[172.08667651121408,7.486327973908072],[171.87360459170267,7.194895376841349],[172.20486510568145,6.706487585751337],[172.54529694754962,6.378319860553666],[172.78499260163684,6.08331433797833],[173.01855592742453,5.780220005779881],[173.4078243365297,5.72298084891761],[173.76937280496045,5.509555272085104],[174.12974430985278,5.352373735210437],[174.4872047037961,5.246286628914117],[174.8391343375952,5.1572075639674635],[175.19366245907534,5.064104687760212],[175.60763207521575,5.01650941881269],[175.9734589200798,4.684308136313508],[176.34661459962226,4.7103487044329695],[176.40941215836287,4.662090063182264],[176.64875004187755,4.471976916915737],[176.72474744106555,4.83896254934648],[177.08705667433833,4.699665940169689],[177.35105201602113,4.576719152835192],[177.35970178020835,4.572394620020757],[177.14587664239303,5.120759654483533],[177.45327112022355,4.929517384657687],[177.44718634112746,4.965767821676409],[177.43311203216834,5.053104669641415],[177.41710203987887,5.1593302541399515],[177.40413474733973,5.251898211717569],[177.39802876166289,5.297904986871617],[177.41301469977333,5.302627316863758],[177.4298553295379,5.292644906987476],[177.73793145173423,4.976901463097335],[177.68379106221977,5.408331809523157],[177.682995553335,5.469854838864016],[177.90629134288034,5.7470549012702685],[178.07894525825535,5.560582280512789],[178.16304640410846,5.462920931975158],[178.4062006052912,5.190979289361752],[178.72889916123665,5.016661127432987],[178.99279960346567,4.756029751619434],[179.34907894866163,4.580165205025154],[179.5554447038713,4.8802830488562705],[179.9224746927761,4.703845761857419],[179.99999997965008,4.581874401280333],[179.99999998721862,2.20830580618512e-08],[180.0,-7.737677335230046],[179.99999989027634,-20.057229071740363],[179.9884627438634,-20.067057265164156],[179.6416583040803,-20.240341623560166],[179.26236861057052,-20.328546651041524],[178.9644694310374,-20.590816083165357],[178.72234925784747,-21.127525146754703],[178.47712123926954,-21.445953409200175],[178.08529505244846,-21.258655839986044]]],[[[98.46796557894467,-2.8845244923133877],[98.4564199029943,-2.3422598402625217],[98.10104971944835,-2.0790445799500077],[98.36618365925023,-1.7208848412847597],[98.28224754830393,-1.1098458895162124],[98.70682118212486,-0.8634284959181107],[98.91214073592676,-2.005115260486273],[99.05094014641249,-2.6884239616605616],[99.047334625806,-3.21938835192636],[98.46796557894467,-2.8845244923133877]]],[[[99.66618315370842,0.4197113050638517],[99.97057034372908,0.7637905967110311],[100.24036319910277,0.7042107068518947],[100.25878309940043,0.29029808482844816],[99.55949183358995,-1.0178612459386114],[99.36135434643145,-0.09836265059137411],[99.66618315370842,0.4197113050638517]]],[[[98.10450064267638,2.8745872819373064],[98.65967924597365,2.7256011706182997],[98.93577350213708,1.239269716684888],[98.81042553357877,-0.07471694977930629],[98.44486682648882,-0.07821409712707132],[98.2375973790188,0.7077147333508961],[98.53904611868255,1.3268015553206793],[98.4657401437647,1.9855100333023081],[98.10450064267638,2.8745872819373064]]],[[[100.25829777379833,3.4048120053723463],[99.91867124977622,3.4970809554400732],[99.31209265918696,3.9277240408229877],[98.92579460903018,4.908808110956243],[98.69058814897947,5.028150845202774],[98.4770604672674,5.882558505281982],[98.45422300387833,6.573135766694493],[98.33385599882351,6.884485780198909],[98.46561928489466,7.256855365070767],[98.73176510095317,6.888012433645117],[99.15410246115925,5.850940043482893],[99.42967320608176,5.020114967215201],[100.16983241004593,4.366527335087577],[100.37980355085963,3.52154412789344],[100.25829777379833,3.4048120053723463]]],[[[93.8183570573607,6.859807236957413],[93.6284326800109,6.171502104132948],[93.19467453325682,5.9797938678470945],[93.15277551175807,6.990160445895206],[93.4868687537212,7.235937480408382],[93.8183570573607,6.859807236957413]]],[[[179.6001868610898,7.94732181953799],[179.34591074717608,8.205756485971937],[179.2025991895149,8.547510479317383],[178.93220686539337,8.834079945722825],[179.31511460202682,8.812699261941846],[179.6679967319327,8.989770908592483],[179.9012314813213,8.66213236682511],[179.99999985576753,8.76960725416796],[180.0,7.234521136080957],[179.99999995624347,5.699435017994023],[179.99393405867355,5.7038504493636575],[179.90357634918183,6.095007937250905],[179.60362840458208,6.2989013742983095],[179.59593324013886,6.749952856176285],[179.6178549685982,7.163346856429507],[179.64702567811304,7.537595995173473],[179.6001868610898,7.94732181953799]]],[[[177.45322423395663,10.838318651281778],[177.26233337919692,11.075088045997173],[177.26233318045297,11.075088829530586],[177.2934062318578,11.465695944203846],[177.70370152959026,11.393727356788721],[177.96318372179462,11.123726889471493],[178.17374970405587,10.802182338541304],[178.30071295498672,10.366087081488345],[177.9781809744943,10.16881957486539],[177.66504826174872,10.464021372650857],[177.47446149566852,10.782819537128622],[177.45322423395663,10.838318651281778]]],[[[114.04272018876243,27.12450944338808],[115.31660913232822,27.255532448126147],[115.16305701663528,27.66315473588364],[115.73319991198615,27.93546787534801],[115.61970886573354,28.18958166490466],[116.83122477508059,28.104224529321108],[117.68427087429626,28.589137177284655],[118.22544141241092,28.904936249731662],[119.33075898385653,29.380830946040078],[120.29742114660147,29.4070048755084],[120.9329649743957,29.270423439908654],[121.59264392056039,29.035856960770165],[122.66399584765914,29.191109095810194],[123.61152778505993,28.875767722001232],[124.06141108055796,28.59000574758864],[124.94249970694298,28.090919358240402],[125.56515186840953,27.926903436231033],[126.27148593978002,27.537573471200815],[127.10395428026143,26.89014087631771],[127.40015550783993,26.142455576440632],[128.10740410003442,25.605744638231435],[128.52752746701802,25.18548263868291],[129.34192378718998,24.676679155721903],[129.74832020986906,24.217928681250555],[130.45072002404638,23.781927783499036],[131.12441773408867,23.459123628778926],[131.46439322815598,23.39331318739561],[131.658729664599,22.850035620421664],[131.3897958688548,22.00041663259301],[131.56736635766018,21.18210123117687],[131.84544366969362,20.721378783414007],[132.13184813193826,20.143630267372174],[131.4822875514041,19.65495799419399],[131.1599708872958,19.2443625942576],[130.66467954458804,19.505701027426166],[130.7328164373283,19.03969762094283],[131.27562489215495,18.185231631235705],[130.81700654344843,17.603296132317016],[130.54050424770716,17.212628020327145],[130.3545052812157,16.794826183593827],[129.8769364806659,16.12169098764887],[129.13425781115708,15.759080888032358],[128.3305493807073,15.776034512408852],[127.7767051402122,15.69793631088749],[127.2810883407877,15.390062088932465],[127.0028524567207,14.646357053270005],[126.56214025246096,15.000747037607251],[125.76868253779665,14.943256292892142],[126.3968860261015,14.42284710617224],[126.45109873473176,13.674507261550545],[125.96642484183981,14.192507587697325],[125.40258444679549,14.416392854600563],[124.96227150286043,14.817850319049603],[124.19589039172173,14.880976671142113],[124.94470535641672,14.066413676635252],[125.20395164803209,13.498677776715832],[125.95774943633931,13.058213069452968],[125.4377828688103,12.488652853453676],[124.9043211418358,12.59427184227325],[124.09192861831727,12.184320828495458],[123.65008812980646,11.79808757507184],[123.43823420369533,11.986024060312065],[122.6826776094256,10.988557748308406],[122.5822367151858,10.400153953356707],[122.00001378266967,9.640362034191371],[121.9472645460121,8.112358097025691],[122.21612080640003,6.985845276411024],[122.481901962537,6.000551359710447],[122.36524617755956,5.199239632939124],[122.83174747927929,4.279102959136601],[123.03058685872125,3.541246789363358],[123.54911387810296,3.3594641986394964],[123.94433591551062,3.0372752680508777],[123.94641647108911,2.332507274587765],[124.02269082077972,1.809632924439738],[123.82784817279091,1.0793132192855457],[123.9315375809895,0.4814566324327751],[123.97611106514347,-0.08815556267568327],[124.51136877469091,-0.5777258415457037],[124.46816156868867,-0.8184148644126455],[124.75594633450756,-1.227774445373105],[125.08074438999823,-1.616461659455941],[125.05547509196785,-2.2144300578480327],[125.07185329565094,-2.7631737299995858],[124.46657523172922,-3.659342627198036],[124.29704621077697,-4.111765110824017],[123.72226717687239,-4.121415561349451],[123.56708085397729,-3.7142637655241546],[123.33317422098015,-3.582360130897216],[122.97477839066295,-3.6266484233520178],[122.27452941817296,-3.551517248597365],[121.68492772397776,-3.6698315308872775],[120.6913174195582,-4.163854567335659],[120.12557442977734,-4.329964158391043],[119.55323538588638,-4.317281081552525],[118.91629745329695,-4.693219449946939],[118.62277896965003,-4.728787846003458],[118.24160629594459,-5.136802998359812],[117.46126043255232,-5.28459627684394],[116.69216345271572,-5.8324919909581645],[116.27025039713718,-5.9783355770724675],[116.68459381501815,-5.563390910929858],[115.76828061739177,-5.911675167946556],[116.03778052324199,-5.451637997574759],[116.41410310699302,-5.168520086608933],[115.90100599313386,-5.206222652056957],[115.13122468240739,-5.68848244001562],[114.81908282473698,-5.790079842114981],[114.52862083767816,-6.0148532873083465],[113.94301552624778,-5.942991905421271],[113.68735406141202,-5.766565073613141],[113.17966545968315,-5.662962695373636],[112.59691019431861,-5.786005829277412],[111.85907378532151,-5.432238015616942],[112.62079814960344,-5.333116614414868],[111.91607368443144,-4.967450231778934],[111.55662823009227,-4.223485561250224],[111.11685163952514,-3.781301529780787],[110.73292280280985,-3.0758543235555447],[110.6467186298974,-2.6519514776275606],[110.76583481222167,-2.392450535419458],[110.38313859413492,-1.6596481142282997],[110.26715217212107,-1.0918721172882668],[110.04708167211936,-0.950876889737527],[109.95450617878305,-0.7026333583716613],[109.97661274168262,-0.1830558414145552],[109.68573691694931,0.8061848564280466],[109.24507702922892,1.3216572735267311],[108.71258197312991,1.5676920085798132],[108.21066578571318,2.1294952720545663],[107.81189084860753,2.1771249072865815],[107.26819788630927,2.208631357415523],[106.42667983359438,2.8898212876245055],[107.29776478858092,3.2788338934500225],[107.10556875505641,3.6891065230985816],[106.62586371135666,3.3571262354861275],[106.14527122749618,3.666945986171808],[106.37072535389885,4.086244670678313],[105.61043138282639,4.218768200476938],[105.12843364718319,4.7562254360846],[104.7376975341907,4.998150348909679],[104.57838014662877,5.488666957349531],[104.29813605096317,5.510773125448865],[104.426288773863,5.933416999326781],[104.1741179553159,5.957176714428334],[104.04173169393152,6.387546931253863],[103.91961540967499,6.860379141155348],[104.4048612798106,7.562156546910106],[105.02167133398306,8.077857184367074],[105.05248049182836,8.682013641303419],[105.1735782351852,9.291996091391685],[104.60898806887629,9.11056894333526],[103.81626768239627,9.607938353469699],[103.56976721548482,10.056812495843316],[103.30990278313182,9.915469453293678],[102.74769929631698,10.36181728050757],[102.41390120498525,10.967527126740752],[102.55683657381434,11.461913609788455],[102.40268120443979,12.290841034485315],[101.87937837030275,12.296542925653892],[101.51174929350466,11.59333293725055],[101.38563909725879,12.121302037635932],[101.66844892393516,12.759398330042591],[102.11418287378959,13.259860753685768],[102.42065398543149,14.06972611076796],[102.33192868890453,14.35409679374119],[102.68427470657787,14.942022453181202],[102.42259159412984,15.528983392852101],[102.5357175232552,15.890586799604696],[102.35067354861309,16.130853556740778],[102.89464568869855,16.5477894338903],[103.43353887912473,16.253029026896343],[103.82725064884637,15.856974409583012],[103.83866368448332,15.521081912027945],[104.2605510517367,15.606691804811256],[104.75742653077631,15.287920604622594],[105.24040983602318,14.910635905413933],[105.5369186116783,14.959616467833497],[106.16770688659429,15.683024341830317],[106.56248941019754,16.396085806547],[106.9648820346961,16.8597337867132],[107.64893555184102,17.49545165098912],[107.67509498205942,17.76420240652225],[107.99509851793738,18.237093992554364],[108.33442106245785,18.349901479967034],[108.7940201488573,19.218427430738693],[108.50864119235408,19.882325278637985],[107.96302051501138,20.128294602745207],[107.51633281176325,20.370397414380093],[106.94820442660091,20.548054176237006],[106.13491194706157,20.922632369774124],[105.60549009294763,20.837872721103555],[105.30292548220635,20.93594293416896],[104.68162053211071,20.878676759941115],[103.89048581215826,21.074066460501843],[103.69119567132809,21.27825054785631],[103.32021019329949,21.155773195364052],[102.77447631257806,21.43563369386534],[102.20191516111338,21.665549987835785],[101.89791667656975,21.712650774538513],[101.52574229869009,22.105353320807996],[102.07609501130987,22.342904089436278],[102.75818156165731,22.358387294498144],[102.9114499578964,22.59085296518533],[103.36860825768146,22.59490035292875],[103.95379555195547,22.90050567913538],[104.57315708149054,22.91748052819977],[104.96155839388145,22.846265071682065],[105.84953669383187,23.10967895729356],[105.51621047902591,23.76926382493593],[106.01609504807514,24.03988409736815],[106.50186827975371,24.454067658295426],[106.97136989762008,24.301093453161847],[107.93368406122765,24.3943188289018],[108.49858088447161,24.47114704602265],[108.66817497641208,24.692985590746716],[109.64070099584644,24.826310341728036],[110.18989936673975,24.65773371746915],[110.98017398251493,24.855485980582287],[111.73694048405505,25.77849283488971],[112.38757649998739,26.349961665042876],[112.9958343521919,26.88869211567456],[113.23639192370919,26.722463229045175],[114.04272018876243,27.12450944338808]]],[[[178.1862874534369,12.887905271826972],[178.43257890222202,12.603717011442765],[178.79138636915218,12.7410192856032],[179.14108571073038,12.906356192207916],[179.35272631852717,12.48683723464005],[179.70186349080114,12.597792615232114],[179.99955645105683,12.8168569869223],[179.99999974125225,12.817283388510987],[180.0,11.736232124824937],[179.99999986738302,10.655180861138998],[179.69988954042196,10.696442661063438],[179.35135250644893,10.818555402824511],[178.97187126448995,10.887879131157435],[178.80740692462558,11.24581073207904],[178.5095208936038,11.526910855440976],[178.29843026397,11.854557844903727],[178.0593677879263,12.968861553517115],[178.1862874534369,12.887905271826972]]],[[[95.93110888829983,14.651566503109972],[96.42368524327821,14.636160794905825],[97.11068362644492,14.105220398966114],[96.33210124569295,14.030088413396408],[95.96640262059292,14.21607138546612],[95.62304615966002,14.432774899980227],[95.93110888829983,14.651566503109972]]],[[[133.68970463536624,18.948254088065404],[134.27230302224237,19.538848117731654],[134.27039369287402,19.971629612938198],[134.27758415580624,20.592169549830277],[134.50481653381178,20.99872772978559],[135.71996561891888,20.649673437111478],[135.974248903484,20.29426817589401],[136.7528159012611,19.949982612918657],[136.38701833800326,19.802280878355525],[136.9058009036394,19.093936296574977],[136.80000511939363,18.970022775534314],[136.6168449021578,18.558394905813103],[135.61120784197846,18.398985480594607],[134.91583313813268,18.503551906988946],[133.90425379131838,18.349039669712052],[133.4474205459478,18.500101370325062],[133.68970463536624,18.948254088065404]]],[[[97.53302472824045,26.77067166333155],[98.2939142517208,26.947766359495663],[99.10075353777408,27.784232307920597],[100.35723577942046,28.339075848759308],[100.37576813455863,28.90535776456702],[100.87543594453409,28.825887059111434],[101.15163704093702,29.56770540351453],[101.3341736611708,29.255206006583972],[101.9388774637234,30.253411255349896],[102.25777427985084,30.113856341421002],[102.25722391049602,29.45928398128575],[101.93246542981625,29.245742025164574],[101.70799043938237,28.41606769981118],[101.43104773234951,27.44083312990493],[100.64111142710645,26.734083221574338],[99.97819698508665,26.220139392744784],[98.96544868885121,25.771658507358467],[98.39101729892656,24.51057854114109],[98.64675123955038,23.655446778563284],[98.96532674584901,23.03170721433319],[99.77419782776326,23.109946891185654],[100.08930098439934,22.313053531334543],[99.86997254279937,21.772376085213192],[99.75669687414528,20.755713963799685],[98.82947721865231,19.92358777979811],[98.56232041461783,18.929832738417666],[98.85021308024558,18.67233844961896],[98.81911548911366,17.418887907159338],[97.98571480690815,17.875350401562102],[97.72198436355616,18.51091300061467],[96.56610643470073,18.295234146211165],[95.66685657719543,17.845793754291247],[94.72869888590303,15.93759479938528],[94.62325904005588,15.117517418335687],[93.64163754140218,13.636323880013192],[94.13651857695847,13.334127300102898],[94.22050913883567,12.94993405577627],[93.84081762654455,12.729223422658784],[93.3953698916372,12.732131289026194],[92.88334981499786,11.975063887579653],[92.52573551504825,13.054585438164372],[92.5532443444762,13.766871630077295],[92.2792881117216,13.685783488497089],[92.26387267101367,12.223113291728993],[91.65227389573747,11.831439486333773],[91.45904056916918,10.939377548815768],[90.953747313034,10.518133265129231],[90.71064926683444,11.866650927528122],[90.3783351339959,12.379854831759115],[90.80404191457605,13.984225108254854],[91.1878648524362,14.140450434685361],[92.85914856580666,14.405421287040285],[93.49383570428178,15.43024318013819],[92.40346367447312,16.27974035155686],[91.78555000422627,17.432782555068663],[91.79363618360266,18.32134656405449],[92.1718053968545,19.172146091203537],[92.56226948404488,19.908327925356232],[92.78486114303722,20.977568169479436],[93.565561418056,22.69570260522234],[94.24499385849714,24.52447849614755],[94.83460410992332,25.194428127502718],[95.41471712727699,25.729436498151657],[96.07574550905481,25.855041252460023],[96.86081638050848,27.47916677467353],[97.47402026557961,27.68946953432849],[97.53302472824045,26.77067166333155]]],[[[95.58322107232367,31.526310965823473],[94.88685986721372,31.444918387019584],[94.89611580099692,32.042522340737676],[95.1008492685913,32.23607518136107],[95.75442107499637,32.1880562575576],[96.45075889409323,31.819534278203538],[96.51077238746018,31.294312715475193],[96.82697274044195,31.12070464732946],[97.06997891968471,30.562624223793282],[97.30292837611644,30.03855102890089],[97.26297252244704,29.511681649473804],[96.87489549636639,28.715510163786334],[96.5221310094864,28.16385679537693],[96.17643415547332,28.262489737067007],[96.39640609960969,29.145971569273474],[96.34094541045327,29.694027963007766],[95.79847716256211,29.86915574397047],[95.77828452995301,30.01318027745449],[96.39666330178251,30.08147475495614],[96.34537708137056,30.65281487875714],[95.96568155986388,30.952259362258324],[95.58322107232367,31.526310965823473]]],[[[94.48613943295601,32.326532333758],[94.07838056257565,31.888039401785278],[93.55439667538597,31.335254259749885],[93.18621542884843,30.62318069802626],[92.91408836564538,30.907282034713166],[93.25878768081408,31.438705082500057],[93.52934810817614,31.77130524588684],[93.82898579079553,32.18224438611835],[94.34396043006095,32.565199234719316],[94.74348223423497,32.93023609080682],[95.36946407919001,33.02479877300575],[95.66680597048332,32.69955459264164],[94.95565549853839,32.5412929148083],[94.48613943295601,32.326532333758]]],[[[147.2760908690595,30.770908991898867],[146.67508211871146,30.221806529143127],[146.25500474343463,30.351510498011862],[145.83244331319912,31.099955582684615],[145.55613413844713,32.4113762582459],[145.7222414129068,32.89234001105228],[145.75656978258758,33.53521987841585],[145.74533548869425,34.34963855443845],[145.60354419991148,35.02030043365906],[145.16304199936474,35.75190052420175],[145.14963154246053,36.13152510965059],[144.70942014873629,36.577053198385116],[144.69888005661653,37.28133379774961],[145.24090120417458,37.13098206841702],[145.7711375549078,36.98716672762673],[145.83932451048005,37.65669370027304],[146.41875362161244,37.53371681947036],[146.8088931578662,37.24904504811298],[147.00018226057213,36.73170986143795],[147.2708687730494,35.87912962663146],[147.32913871397963,35.33258089324869],[147.98491276973087,35.20577643001146],[147.539181168042,34.785897238126715],[147.3866055932852,34.075747989255746],[147.8275897665443,33.50081011252722],[148.42151059526063,32.53382257408717],[148.3996651678632,31.829929609981527],[148.39325711256427,31.38328580087129],[147.90134452067946,30.910862204358466],[147.2760908690595,30.770908991898867]]],[[[96.49088287330353,34.58760182314365],[96.79053894110758,34.873485523795445],[97.60586231933843,35.30858763521691],[98.06750923853359,35.74933982809343],[98.39654299171069,35.58730701797122],[98.489563511458,35.301731726010864],[97.97814529773301,34.90504813310265],[97.16776434973808,34.51901273573204],[96.22901620690017,34.355885549812065],[96.12222054205101,34.49937565954561],[96.49088287330353,34.58760182314365]]],[[[98.19432739854354,36.26198093861792],[98.78319791944455,36.81523296900912],[99.23677185645988,37.17775879597093],[99.28360872961197,36.97577550774881],[98.94862587497047,36.56570081667381],[98.39466209752351,36.196747539204296],[98.19432739854354,36.26198093861792]]],[[[101.07558975656637,39.38815513255623],[100.41504144461062,38.668494616088296],[99.8826592002461,38.16922738439673],[99.41332033662434,37.83422642023757],[99.30372442495188,37.99133556130946],[99.66718429317075,38.420401241346475],[100.36856821777475,39.17729198837123],[100.81092118116578,39.37102132479804],[101.07558975656637,39.38815513255623]]],[[[102.43865523034982,38.97294904119039],[101.94299226049287,39.08799377705815],[102.25842053466117,39.71212354631467],[102.58758368537029,40.000726967383834],[102.95776153843734,40.122448978190555],[102.91348607158257,39.73944833500454],[102.67208697071827,39.155974347555876],[102.43865523034982,38.97294904119039]]],[[[147.52147475076075,38.53675035758039],[147.37339144685546,37.843515366712964],[147.02038908176158,37.931530849850894],[146.61600581236286,37.801952045644136],[146.22860743281225,38.68184670731736],[145.49233124730281,38.87146024247324],[144.4039411784684,38.519596563226095],[144.07182149899054,38.7734073018787],[144.2089253744305,39.42607217645798],[143.56924151549362,40.03283057390279],[142.89693488930328,40.42792276359447],[141.9491490330797,40.61324600156132],[141.78856918708522,40.74250739978615],[141.04519487829117,40.705751574341775],[139.60602625268857,40.75054427910671],[138.5860783581232,40.90323905458873],[138.74533278472296,41.19522208585533],[139.69299380244186,41.213534561965425],[140.49002243686726,41.551937293133776],[141.60251870409732,41.16578071110831],[143.1646343263569,40.92518566664847],[142.49427392811998,41.38550064487952],[143.0857661127167,41.479215177458265],[143.94243501191184,41.0646544689359],[144.83370807492489,41.31267090201208],[145.40108968475315,41.6439623169585],[145.45583508454007,42.23382155576876],[145.94847323567708,42.438184752401405],[146.6102297853925,41.67498214921525],[146.93339001210936,41.09374924122206],[146.36184403485873,40.68849949504879],[146.45763375885778,40.32824377858634],[146.92511908472918,40.077810429825874],[146.9944434795855,39.86686374952999],[147.23019256723398,39.28354955439018],[147.52147475076075,38.53675035758039]]],[[[100.95340312440356,40.39935043530569],[102.05814272747641,40.647192094791805],[102.76003163955538,40.969506980451776],[102.97212987426254,40.795449111574165],[101.70839184226516,40.19334838737263],[100.89887542926807,40.065483402110566],[100.95340312440356,40.39935043530569]]],[[[104.51858126141927,41.47424201995439],[104.35810616843456,40.79875330560863],[103.47880682668166,40.52776682621994],[103.91659012590108,41.0703058035042],[104.0063449301524,41.26017353645097],[104.51858126141927,41.47424201995439]]],[[[118.61224542540158,41.11058441683151],[117.4612233053833,40.75871493818276],[116.98233197501635,40.743598938344924],[117.17024697535385,41.122231559137234],[117.82563505524017,41.50853815804143],[118.43889012598972,41.782692034164626],[118.92977422628654,41.967355225477185],[120.07864611776368,42.460674357778856],[120.90174818873727,42.738487418767896],[121.0242075467561,42.32246139950827],[120.43127765168384,41.949528813914036],[119.54950895352935,41.491328314864006],[118.61224542540158,41.11058441683151]]],[[[111.85369308356299,44.514364753643086],[110.80836388273332,44.69770195328427],[111.3985779806086,45.063402988388106],[112.55612389587027,44.992611279972685],[112.28404473919704,44.77917036488749],[112.27930203019099,44.57164898877305],[111.85369308356299,44.514364753643086]]],[[[113.76900215000913,45.31029923633232],[113.81331211296892,44.96939240207499],[113.08961505164099,44.79006480159764],[112.74142603325372,44.90056159472235],[113.76900215000913,45.31029923633232]]],[[[120.77077618192929,54.36925454350511],[121.46539809515787,54.536943075987026],[122.14390861544422,54.16145372391428],[121.9015549726251,53.57379956207373],[121.32714265529191,53.159165271823284],[120.59903007009643,53.26691087093611],[120.34136641932342,53.74632904832113],[120.84836907508992,54.084412385224745],[120.77077618192929,54.36925454350511]]],[[[120.73250472905633,56.11156256163695],[120.64819297333172,55.45631658994503],[120.51315115842597,54.81419875336453],[119.83684335217454,54.86343954231146],[119.86914814700222,55.38429227591415],[120.01188854952262,55.68246289453239],[119.94313319226886,56.32506670913868],[119.94313319226843,56.325066709138795],[120.02336439295439,56.52412473754129],[120.70942349028874,56.20624685690727],[120.73250472905588,56.11156256163707],[120.73250472905633,56.11156256163695]]]]}}]}
