{"type":"FeatureCollection","features":[{"type":"Feature","properties":{"group":"C1","age_Ma":0.0,"plate_id":101,"material":"inherited nucleus parcel; radius 200 km","area_km2":125627.88959134823},"geometry":{"type":"Polygon","coordinates":[[[-31.122179846771797,23.371262855915678],[-31.162727846660925,23.320723339738795],[-31.205140026240528,23.271502022516543],[-31.24936407877037,23.223657341857912],[-31.295345719875904,23.177246044344685],[-31.343028754218302,23.13232312354134],[-31.392355143477765,23.08894176011524],[-31.44326507558356,23.0471532641099],[-31.495697035124707,23.007007019413074],[-31.54958787487859,22.968550430458865],[-31.604872888395615,22.93182887120135],[-31.661485883579772,22.896885636396366],[-31.719359257207262,22.8637618952247],[-31.778424070325517,22.832496647290135],[-31.8386101244775,22.803126681022324],[-31.89984603869627,22.775686534514186],[-31.962059327216817,22.750208458820637],[-32.02517647785213,22.726722383744665],[-32.08912303098232,22.70525588613433],[-32.153823659105456,22.685834160713068],[-32.2192022469003,22.66847999346349],[-32.28518197175081,22.65321373758328],[-32.35168538468343,22.6400532920303],[-32.41863449166881,22.62901408267151],[-32.485950835238654,22.620109046049222],[-32.55355557637059,22.61334861577595],[-32.62136957659269,22.608740711567563],[-32.68931348025997,22.606290730922165],[-32.757307796955835,22.606001543450894],[-32.82527298397053,22.607873487864286],[-32.89312952880974,22.6119043716167],[-32.960798031685705,22.618089473208688],[-33.02819928794402,22.626421547146034],[-33.09525437037805,22.636890831551526],[-33.16188471138428,22.649485058424702],[-33.22801218491052,22.664189466541778],[-33.29355918814932,22.680986816987065],[-33.358448722928586,22.69985741130489],[-33.42260447675122,22.720779112259066],[-33.4859509034349,22.74372736718585],[-33.548413303303235,22.768675233923467],[-33.60991790287838,22.795593409300515],[-33.6703919340256,22.82445026016319],[-33.729763712498254,22.85521185691951],[-33.78796271583255,22.887842009577454],[-33.8449196605393,22.922302306251577],[-33.9005665785395,22.958552154111334],[-33.95483689278975,22.996548822742646],[-34.00766549204189,23.03624748989213],[-34.05898880468025,23.07760128956221],[-34.10874487157873,23.12056136242319],[-34.15687341791777,23.165076908507004],[-34.203315923900526,23.211095242145078],[-34.248015694305,23.25856184911168],[-34.2909179268076,23.30742044593172],[-34.33196977901112,23.357613041310664],[-34.37112043410876,23.40907999964143],[-34.408321165112405,23.461760106542965],[-34.443525397572614,23.515590636381077],[-34.47668877071376,23.570507421721913],[-34.50776919690652,23.626444924665417],[-34.53672691939719,23.683336310004023],[-34.56352456820942,23.741113520150208],[-34.58812721413395,23.799707351773478],[-34.61050242071641,23.85904753408554],[-34.63062029415293,23.9190628087098],[-34.64845353099962,23.979681011068184],[-34.66397746359991,24.040829153217242],[-34.67717010313152,24.102433508060408],[-34.68801218017231,24.16441969486278],[-34.69648718268257,24.22671276599017],[-34.702581391299574,24.28923729479219],[-34.706283911838334,24.351917464545352],[-34.70758670489177,24.414677158369624],[-34.70648461242202,24.477440050028072],[-34.70297538123494,24.540129695516434],[-34.6970596832286,24.6026696253454],[-34.68874113230798,24.664983437415998],[-34.67802629785859,24.726994890384088],[-34.66492471467235,24.788627997407037],[-34.64944888922234,24.84980712016231],[-34.63161430218443,24.9104570630238],[-34.61143940710746,24.970503167279137],[-34.58894562513725,25.029871405267023],[-34.56415733570447,25.088488474311394],[-34.53710186309133,25.146281890325348],[-34.507809458797595,25.203180080955267],[-34.476313279634404,25.259112478132753],[-34.44264936147973,25.314009609899177],[-34.406856588639116,25.367803191365674],[-34.36897665876327,25.420426214668996],[-34.329054043283826,25.471813037781736],[-34.287135943338534,25.521899472034576],[-34.24327224116872,25.570622868205728],[-34.19751544698224,25.61792220103349],[-34.14992064128846,25.663738152006022],[-34.10054541272325,25.708013190283086],[-34.04944979139621,25.750691651604754],[-33.996696177804864,25.791719815042843],[-33.94234926737531,25.83104597745184],[-33.88647597070242,25.868620525478704],[-33.82914532957739,25.90439600499196],[-33.770428428905,25.93832718779419],[-33.710398304627184,25.970371135484893],[-33.64912984778462,26.000487260344762],[-33.586699704861786,26.028637383115846],[-33.52318617457541,26.05478578755818],[-33.4586691012806,26.078899271667492],[-33.39322976518067,26.10094719544535],[-33.326950769541995,26.12090152511829],[-33.259915925124965,26.138736873710393],[-33.19221013205563,26.154430537879993],[-33.12391925937213,26.16796253093891],[-33.055130022490765,26.17931561198074],[-32.98592985884451,26.18847531105279],[-32.91640680195586,26.19542995031504],[-32.84664935421171,26.200170661137616],[-32.77674635861425,26.202691397098643],[-32.70678686978626,26.202988942852024],[-32.63686002451239,26.20106291884539],[-32.56705491209997,26.19691578187699],[-32.4974604448443,26.19055282149073],[-32.42816522888194,26.18198215221707],[-32.359257435714646,26.171214701677993],[-32.29082467468335,26.15826419458302],[-32.222953866666934,26.143147132652818],[-32.15573111927608,26.125882770515826],[-32.08924160380498,26.106493087632646],[-32.023569434196794,26.08500275631108],[-31.958797548269636,26.061439105883345],[-31.89500759144038,26.035832083124767],[-31.832279803173105,26.00821420900123],[-31.7706929063676,25.9786205318395],[-31.710323999891088,25.947088577021642],[-31.65124845444412,25.91365829331079],[-31.593539811937642,25.87837199592207],[-31.537269688545166,25.841274306456793],[-31.48250768157945,25.80241208982431],[-31.42932128032908,25.76183438827909],[-31.377775780975313,25.719592352705305],[-31.327934205696092,25.675739171284214],[-31.279857226047906,25.63032999568262],[-31.23360309070343,25.58342186490311],[-31.189227557607413,25.53507362693855],[-31.14678383059985,25.485345858374792],[-31.106322500541694,25.43430078208654],[-31.06789149096519,25.382002183171622],[-31.0315360082579,25.328515323269112],[-30.997298496377727,25.27390685340654],[-30.96521859608385,25.21824472552011],[-30.935333108658597,25.161598102791523],[-30.907675964083385,25.104037268943042],[-30.882278193623605,25.045633536630618],[-30.859167906767407,24.98645915507324],[-30.838370272455464,24.92658721705433],[-30.819907504530963,24.866091565427908],[-30.803798851332846,24.80504669926029],[-30.790060589348446,24.743527679734928],[-30.778706020836644,24.681610035944423],[-30.769745475328552,24.619369670691793],[-30.763186314907717,24.556882766418212],[-30.759032943169036,24.494225691372694],[-30.757286817753524,24.431474906134696],[-30.757946466352447,24.368706870597563],[-30.76100750607449,24.305997951517536],[-30.766462666067525,24.243424330729194],[-30.77430181328657,24.181061914125195],[-30.7845119812994,24.118986241494422],[-30.797077402021685,24.057272397309738],[-30.811979540274308,23.995994922552896],[-30.829197131056794,23.93522772766133],[-30.84870621943191,23.875044006678145],[-30.870480202918653,23.81551615268367],[-30.89448987629235,23.75671567458416],[-30.92070347869292,23.698713115330168],[-30.949086742944846,23.641577971634366],[-30.97960294699414,23.585378615256108],[-31.012212967371084,23.530182215917307],[-31.046875334588943,23.47605466591152],[-31.083546290392423,23.423060506466253],[-31.122179846771797,23.371262855915678]]]}},{"type":"Feature","properties":{"group":"C2","age_Ma":0.0,"plate_id":201,"material":"inherited nucleus parcel; radius 200 km","area_km2":125627.88959134839},"geometry":{"type":"Polygon","coordinates":[[[-98.20245423684096,-0.06276135926083003],[-98.20573780353757,-0.12544632861150737],[-98.21120599564986,-0.18797861038878869],[-98.21885218995777,-0.25028209131977014],[-98.22866712465573,-0.31228093445876826],[-98.24063891004744,-0.3738996708139191],[-98.25475304228495,-0.43506329056042475],[-98.27099242014354,-0.4956973337374733],[-98.28933736482152,-0.5557279803258257],[-98.30976564275258,-0.6150821396031451],[-98.33225249141493,-0.6736875386748887],[-98.3567706481203,-0.7314728100783033],[-98.38329038176245,-0.788367578357955],[-98.41177952750256,-0.844302545511248],[-98.4422035243664,-0.8992095752030811],[-98.4745254557241,-0.953021775649634],[-98.50870609262176,-1.005673581071567],[-98.54470393992956,-1.0571008316176864],[-98.58247528526847,-1.1072408516617054],[-98.62197425067366,-1.1560325263751385],[-98.66315284694896,-1.2034163764805352],[-98.7059610306636,-1.249334631091122],[-98.75034676373691,-1.2937312985437444],[-98.79625607555475,-1.3365522351341688],[-98.84363312755528,-1.377745211665196],[-98.89242028021847,-1.4172599777201256],[-98.9425581623894,-1.4550483235763763],[-98.9939857428605,-1.4910641396762565],[-99.04664040413398,-1.5252634735740935],[-99.10045801828133,-1.5576045842826494],[-99.15537302481182,-1.5880479939427605],[-99.21131851045858,-1.6165565367454238],[-99.26822629078555,-1.643095405037011],[-99.32602699351553,-1.6676321925425266],[-99.38465014347473,-1.690136934645438],[-99.44402424904564,-1.7105821456661532],[-99.5040768900169,-1.7289428530852229],[-99.56473480671431,-1.7451966286614693],[-99.62592399029533,-1.7593236163996215],[-99.6875697740848,-1.7713065573263025],[-99.74959692582851,-1.7811308110376278],[-99.81192974073785,-1.7887843739865001],[-99.87449213519692,-1.794257894482426],[-99.93720774100173,-1.7975446843815592],[-100.00000000000001,-1.7986407274490284],[-100.06279225899829,-1.7975446843815577],[-100.12550786480311,-1.794257894482424],[-100.18807025926216,-1.788784373986479],[-100.2504030741715,-1.781130811037637],[-100.31243022591524,-1.7713065573263271],[-100.3740760097047,-1.7593236163996235],[-100.43526519328572,-1.7451966286614795],[-100.49592310998314,-1.7289428530852298],[-100.55597575095439,-1.7105821456661612],[-100.6153498565253,-1.6901369346454365],[-100.67397300648449,-1.6676321925425224],[-100.73177370921448,-1.6430954050370201],[-100.78868148954145,-1.6165565367454338],[-100.84462697518819,-1.5880479939427457],[-100.8995419817187,-1.5576045842826358],[-100.95335959586605,-1.5252634735740946],[-101.00601425713953,-1.4910641396762385],[-101.05744183761061,-1.4550483235763996],[-101.10757971978157,-1.4172599777201276],[-101.15636687244474,-1.3777452116651807],[-101.20374392444526,-1.336552235134179],[-101.2496532362631,-1.2937312985437284],[-101.29403896933641,-1.2493346310911122],[-101.33684715305105,-1.20341637648054],[-101.37802574932638,-1.1560325263751277],[-101.41752471473156,-1.1072408516617056],[-101.45529606007048,-1.0571008316176747],[-101.49129390737825,-1.005673581071577],[-101.52547454427591,-0.95302177564966],[-101.55779647563361,-0.8992095752030763],[-101.58822047249747,-0.8443025455112356],[-101.61670961823759,-0.7883675783579669],[-101.64322935187971,-0.7314728100782963],[-101.66774750858508,-0.673687538674882],[-101.69023435724743,-0.6150821396031275],[-101.71066263517851,-0.5557279803258148],[-101.7290075798565,-0.4956973337374624],[-101.74524695771507,-0.43506329056041126],[-101.7593610899526,-0.37389967081393405],[-101.77133287534429,-0.31228093445877253],[-101.78114781004227,-0.25028209131975315],[-101.78879400435015,-0.1879786103887865],[-101.79426219646245,-0.12544632861153013],[-101.79754576315905,-0.06276135926083162],[-101.79864072744908,4.637947598908377e-14],[-101.79754576315905,0.06276135926092438],[-101.79426219646245,0.12544632861159796],[-101.78879400435015,0.18797861038885433],[-101.78114781004227,0.2502820913198459],[-101.77133287534429,0.3122809344588653],[-101.7593610899526,0.3738996708140019],[-101.74524695771507,0.435063290560504],[-101.7290075798565,0.4956973337375552],[-101.71066263517851,0.5557279803259079],[-101.69023435724743,0.6150821396032202],[-101.66774750858508,0.6736875386749748],[-101.64322935187971,0.7314728100783892],[-101.61670961823759,0.7883675783580598],[-101.58822047249747,0.8443025455113286],[-101.55779647563362,0.8992095752031442],[-101.52547454427591,0.9530217756497525],[-101.49129390737825,1.00567358107167],[-101.45529606007048,1.0571008316177675],[-101.41752471473156,1.1072408516617986],[-101.37802574932638,1.1560325263752207],[-101.33684715305105,1.2034163764806327],[-101.29403896933641,1.249334631091205],[-101.2496532362631,1.2937312985438214],[-101.20374392444526,1.3365522351342471],[-101.15636687244474,1.3777452116652735],[-101.10757971978157,1.4172599777202204],[-101.05744183761061,1.4550483235764926],[-101.00601425713953,1.4910641396763316],[-100.95335959586605,1.5252634735741875],[-100.8995419817187,1.5576045842827289],[-100.84462697518819,1.5880479939428636],[-100.78868148954145,1.6165565367455268],[-100.73177370921448,1.6430954050371132],[-100.67397300648449,1.6676321925426154],[-100.6153498565253,1.6901369346455297],[-100.55597575095439,1.7105821456662542],[-100.49592310998314,1.7289428530853233],[-100.43526519328572,1.7451966286615477],[-100.3740760097047,1.759323616399717],[-100.31243022591524,1.7713065573264202],[-100.2504030741715,1.78113081103773],[-100.18807025926216,1.7887843739865723],[-100.12550786480311,1.7942578944825174],[-100.06279225899829,1.7975446843816514],[-100.00000000000001,1.7986407274491218],[-99.93720774100173,1.7975446843816532],[-99.87449213519692,1.794257894482519],[-99.81192974073785,1.7887843739865934],[-99.74959692582851,1.7811308110377218],[-99.6875697740848,1.7713065573263955],[-99.62592399029533,1.7593236163997152],[-99.56473480671431,1.745196628661563],[-99.5040768900169,1.7289428530853168],[-99.44402424904564,1.710582145666247],[-99.38465014347473,1.6901369346455317],[-99.32602699351553,1.6676321925426203],[-99.26822629078555,1.6430954050371045],[-99.21131851045858,1.6165565367455172],[-99.15537302481182,1.588047993942854],[-99.10045801828133,1.5576045842827428],[-99.04664040413398,1.5252634735741872],[-98.9939857428605,1.491064139676325],[-98.9425581623894,1.4550483235764697],[-98.89242028021847,1.417259977720219],[-98.84363312755528,1.3777452116652897],[-98.79625607555477,1.3365522351342625],[-98.75034676373691,1.2937312985438127],[-98.7059610306636,1.2493346310912157],[-98.66315284694896,1.203416376480629],[-98.62197425067366,1.1560325263752322],[-98.58247528526847,1.107240851661799],[-98.54470393992956,1.0571008316177801],[-98.50870609262176,1.005673581071661],[-98.4745254557241,0.9530217756497276],[-98.4422035243664,0.89920957520315],[-98.41177952750256,0.8443025455113418],[-98.38329038176245,0.7883675783580488],[-98.3567706481203,0.7314728100783972],[-98.33225249141493,0.6736875386749824],[-98.30976564275258,0.615082139603239],[-98.28933736482152,0.5557279803259195],[-98.27099242014354,0.495697333737567],[-98.25475304228495,0.43506329056051857],[-98.24063891004744,0.3738996708140129],[-98.22866712465573,0.31228093445886196],[-98.21885218995777,0.2502820913198639],[-98.21120599564986,0.18797861038888247],[-98.20573780353757,0.12544632861160115],[-98.20245423684096,0.06276135926092383],[-98.20135927255093,4.6895952421049526e-14],[-98.20245423684096,-0.06276135926083003]]]}},{"type":"Feature","properties":{"group":"C3","age_Ma":0.0,"plate_id":601,"material":"inherited nucleus parcel; radius 200 km","area_km2":125627.88959134842},"geometry":{"type":"Polygon","coordinates":[[[52.78750274228716,-7.9304632573955285],[52.79744478305796,-7.868469628586438],[52.809560526487665,-7.8068569216616845],[52.82383432899653,-7.745699945364022],[52.84024796067717,-7.685072925026416],[52.85878063095192,-7.625049413898552],[52.879409017049994,-7.565702205385767],[52.902107295262404,-7.507103246295878],[52.926847174930934,-7.449323551186114],[52.9535979351274,-7.392433117902321],[52.98232646397664,-7.336500844401372],[53.012997300577005,-7.281594446945769],[53.04557267946908,-7.2277803797588085],[53.080012577603604,-7.175123756226908],[53.11627476375687,-7.123688271734331],[53.154314850340654,-7.0735361282144416],[53.19408634755249,-7.024727960499622],[53.2355407198097,-6.977322764550741],[53.27862744440929,-6.931377827645451],[53.32329407235366,-6.886948660602408],[53.36948629128016,-6.844088932117586],[53.41714799043048,-6.8028504052858],[53.46622132759377,-6.763282876379663],[53.516646797955204,-6.725434115955455],[53.56836330477938,-6.689349812353115],[53.62130823185586,-6.655073517656133],[53.67541751763181,-6.622646596173269],[53.73062573095427,-6.59210817550295],[53.786866148342625,-6.563495100237692],[53.84407083270929,-6.536841888363092],[53.90217071344455,-6.512180690403935],[53.96109566777932,-6.489541251365554],[54.02077460333754,-6.468950875517313],[54.08113554178771,-6.450434394059819],[54.142105703501436,-6.434014135716178],[54.203611593124954,-6.419709900282507],[54.26557908596788,-6.407538935171005],[54.32793351511196,-6.3975159149735825],[54.390599759141246,-6.389652924072325],[54.45350233039408,-6.3839594423175345],[54.51656546363589,-6.380442333791778],[54.579713205051355,-6.3791058386737385],[54.642869501453774,-6.37995156821187],[54.70595828960868,-6.382978502814406],[54.76890358556928,-6.388182993258081],[54.83162957392031,-6.3955587650138135],[54.89406069682811,-6.405096925684253],[54.95612174279412,-6.416785975543673],[55.0177379350102,-6.430611821167114],[55.07883501921503,-6.4465577921319515],[55.13933935095125,-6.464604660770753],[55.199177982124645,-6.484730664951618],[55.25827874676779,-6.506911533856946],[55.316570345912396,-6.531120516729922],[55.37398243147523,-6.5573284145526465],[55.43044568906581,-6.585503614618012],[55.485891919624464,-6.615612127952673],[55.54025411980213,-6.647617629546633],[55.593466560995374,-6.681481501340736],[55.64546486695165,-6.717162877920844],[55.69618608986294,-6.754618694864586],[55.745568784867054,-6.793803739683998],[55.793553082879406,-6.834670705303723],[55.84008076167907,-6.877170246013422],[55.885095315176265,-6.921251035829134],[55.92854202079006,-6.9668598291970705],[55.970368004867616,-7.013941523970414],[56.01052230607804,-7.062439226588131],[56.048955936716844,-7.112294319381841],[56.085621941858285,-7.163446529936698],[56.12047545629504,-7.215834002427966],[56.153473759207166,-7.269393370855354],[56.184576326503255,-7.32405983409443],[56.21374488077902,-7.379767232683107],[56.240943438840155,-7.436448127259355],[56.266138356737706,-7.494033878565843],[56.28929837226577,-7.552454728934216],[56.31039464487305,-7.6116398851620195],[56.32940079294058,-7.671517602692593],[56.346292928379796,-7.732015271007959],[56.36104968850625,-7.793059500142712],[56.37365226514504,-7.854576208226574],[56.38408443092627,-7.916490709960822],[56.39233256272862,-7.978727805934105],[56.39838566223172,-8.041211872680611],[56.4022353735384,-8.103866953383283],[56.40387599782942,-8.166616849123384],[56.40330450501467,-8.229385210576245],[56.40052054234633,-8.292095630052662],[56.39552643996078,-8.354671733783203],[56.38832721331834,-8.417037274342803],[56.37893056251065,-8.479116223111122],[56.36734686840885,-8.540832862663192],[56.35358918562689,-8.60211187898441],[56.337673232276984,-8.662878453402358],[56.31961737649719,-8.723058354127303],[56.29944261973321,-8.782578027292379],[56.27717257676052,-8.841364687383749],[56.25283345243528,-8.899346406949984],[56.22645401516695,-8.956452205479819],[56.198065567109175,-9.01261213733683],[56.16770191106915,-9.067757378638284],[56.13539931414122,-9.121820312967172],[56.10119646807403,-9.17473461580404],[56.065134446386445,-9.226435337567022],[56.02725665825245,-9.276858985147722],[55.987608799180386,-9.325943601831742],[55.94623879851853,-9.37362884549235],[55.903196763824184,-9.41985606494782],[55.85853492214021,-9.464568374372805],[55.81230755822909,-9.507710725656308],[55.7645709498214,-9.549229978599849],[55.715383299941806,-9.58907496885136],[55.66480466638346,-9.627196573472595],[55.612896888407136,-9.663547774039476],[55.55972351074974,-9.698083717178404],[55.505349705032906,-9.730761772443483],[55.44984218866941,-9.761541587443043],[55.393269141372144,-9.790385140127704],[55.33570011937666,-9.817256788154967],[55.27720596749528,-9.842123315250227],[55.21785872912633,-9.864953974487522],[55.157731554349304,-9.885720528418402],[55.09689860624087,-9.904397285981384],[55.03543496555373,-9.920961136130158],[54.97341653390431,-9.935391578122813],[54.91091993562037,-9.947670748421071],[54.84802241840406,-9.957783444152499],[54.784801752969045,-9.965717143095867],[54.721336131814965,-9.97146202015444],[54.65770406730363,-9.975010960288985],[54.59398428920502,-9.97635956788754],[54.53025564188257,-9.975506172555868],[54.46659698128771,-9.972451831318152],[54.403087071935296,-9.967200327224434],[54.339804484031035,-9.95975816436678],[54.27682749092154,-9.950134559313428],[54.21423396703667,-9.938341428975423],[54.152101286492396,-9.924393374927373],[54.09050622251954,-9.908307664209017],[54.02952484788226,-9.890104206641784],[53.96923243644548,-9.869805528698878],[53.90970336604782,-9.84743674397394],[53.851011022832154,-9.823025520299302],[53.79322770718096,-9.796602043569028],[53.73642454139923,-9.768198978328641],[53.680671379281634,-9.737851425197098],[53.62603671769578,-9.705596875192033],[53.57258761030644,-9.671475161033934],[53.520389583560444,-9.635528405508262],[53.46950655504445,-9.597800966969917],[53.42000075432205,-9.558339382076637],[53.371932646349286,-9.517192305842777],[53.3253608575612,-9.474410449107198],[53.280342104714876,-9.430046513512021],[53.23693112656784,-9.384155124092205],[53.19518061846339,-9.336792759577655],[53.15514116988805,-9.288017680511654],[53.11686120505911,-9.237889855292165],[53.08038692659419,-9.186470884242615],[53.04576226230783,-9.13382392182166],[53.01302881517402,-9.08001359708149],[52.98222581648766,-9.02510593248541],[52.95339008225177,-8.969168261196565],[52.926555972812,-8.912269142949121],[52.9017553557544,-8.854478278614671],[52.87901757207755,-8.79586642357571],[52.85836940564508,-8.736505300018926],[52.839835055920325,-8.676467508259659],[52.82343611398053,-8.615826437209906],[52.80919154180394,-8.554656174100659],[52.79711765481968,-8.493031413569275],[52.7872281077067,-8.431027366221954],[52.77953388342492,-8.36871966678059],[52.77404328545893,-8.306184281921915],[52.77076193325201,-8.243497417917162],[52.76969276080525,-8.180735428178227],[52.77083601841538,-8.117974720815766],[52.77418927752151,-8.055291666314366],[52.77974743863035,-7.992762505427553],[52.78750274228716,-7.9304632573955285]]]}},{"type":"Feature","properties":{"group":"C4","age_Ma":0.0,"plate_id":712,"material":"inherited nucleus parcel; radius 200 km","area_km2":125627.88959135828},"geometry":{"type":"MultiPolygon","coordinates":[[[[-176.000000000001,-88.20135927255087],[-174.00000000000054,-88.20135927255087],[-172.00000000000085,-88.20135927255087],[-170.0000000000009,-88.20135927255107],[-168.00000000000094,-88.20135927255087],[-166.00000000000085,-88.20135927255087],[-164.000000000001,-88.20135927255087],[-162.00000000000085,-88.20135927255107],[-160.0000000000009,-88.20135927255087],[-158.0000000000009,-88.20135927255087],[-156.00000000000068,-88.20135927255107],[-154.0000000000009,-88.20135927255087],[-152.00000000000085,-88.20135927255087],[-150.00000000000063,-88.20135927255107],[-148.0000000000008,-88.20135927255087],[-146.00000000000102,-88.20135927255087],[-144.00000000000085,-88.20135927255087],[-142.00000000000074,-88.20135927255087],[-140.0000000000006,-88.20135927255087],[-138.0000000000007,-88.20135927255087],[-136.00000000000063,-88.20135927255087],[-134.00000000000065,-88.20135927255087],[-132.00000000000054,-88.20135927255087],[-130.00000000000057,-88.20135927255087],[-128.0000000000006,-88.20135927255087],[-126.00000000000051,-88.20135927255087],[-124.00000000000048,-88.20135927255087],[-122.00000000000057,-88.20135927255087],[-120.00000000000037,-88.20135927255087],[-118.00000000000051,-88.20135927255087],[-116.00000000000043,-88.20135927255087],[-114.00000000000034,-88.20135927255087],[-112.00000000000026,-88.20135927255107],[-110.0000000000004,-88.20135927255107],[-108.00000000000031,-88.20135927255087],[-106.00000000000028,-88.20135927255087],[-104.0000000000002,-88.20135927255107],[-102.00000000000023,-88.20135927255087],[-100.00000000000017,-88.20135927255087],[-98.00000000000011,-88.20135927255087],[-96.00000000000011,-88.20135927255087],[-94.00000000000006,-88.20135927255087],[-92.00000000000006,-88.20135927255107],[-90.0,-88.20135927255087],[-88.0,-88.20135927255107],[-85.99999999999994,-88.20135927255087],[-83.99999999999994,-88.20135927255087],[-81.99999999999989,-88.20135927255087],[-79.99999999999983,-88.20135927255087],[-77.99999999999977,-88.20135927255087],[-75.99999999999983,-88.20135927255107],[-73.99999999999972,-88.20135927255087],[-71.99999999999972,-88.20135927255087],[-69.9999999999996,-88.20135927255107],[-67.99999999999972,-88.20135927255107],[-65.99999999999966,-88.20135927255087],[-63.99999999999966,-88.20135927255087],[-61.999999999999545,-88.20135927255087],[-59.9999999999996,-88.20135927255087],[-57.99999999999943,-88.20135927255087],[-55.999999999999545,-88.20135927255087],[-53.99999999999949,-88.20135927255087],[-51.99999999999943,-88.20135927255087],[-49.99999999999949,-88.20135927255087],[-47.99999999999943,-88.20135927255087],[-45.99999999999932,-88.20135927255087],[-43.999999999999375,-88.20135927255087],[-41.99999999999932,-88.20135927255087],[-39.999999999999375,-88.20135927255087],[-37.99999999999926,-88.20135927255087],[-35.999999999999204,-88.20135927255087],[-33.999999999999034,-88.20135927255087],[-31.999999999999204,-88.20135927255087],[-29.99999999999943,-88.20135927255107],[-27.999999999999204,-88.20135927255087],[-25.99999999999909,-88.20135927255087],[-23.999999999999318,-88.20135927255107],[-21.99999999999909,-88.20135927255087],[-19.99999999999909,-88.20135927255087],[-17.999999999999147,-88.20135927255107],[-15.999999999999034,-88.20135927255087],[-13.999999999999204,-88.20135927255087],[-11.99999999999909,-88.20135927255087],[-9.999999999999147,-88.20135927255107],[-7.999999999999147,-88.20135927255087],[-5.999999999999432,-88.20135927255087],[-3.9999999999990337,-88.20135927255087],[-1.9999999999990905,-88.20135927255107],[7.958078640513122e-13,-88.20135927255087],[7.958078640513122e-13,-90.0],[-180.0,-90.0],[-180.0,-88.20135927255087],[-178.0000000000009,-88.20135927255107],[-176.000000000001,-88.20135927255087]]],[[[4.000000000000849,-88.20135927255087],[6.000000000000654,-88.20135927255087],[8.000000000000957,-88.20135927255087],[10.000000000000899,-88.20135927255107],[12.000000000000867,-88.20135927255087],[14.000000000000933,-88.20135927255087],[16.000000000000757,-88.20135927255087],[18.00000000000087,-88.20135927255087],[20.0000000000008,-88.20135927255087],[22.000000000000774,-88.20135927255087],[24.000000000000806,-88.20135927255107],[26.000000000000746,-88.20135927255087],[28.000000000000764,-88.20135927255087],[30.000000000000806,-88.20135927255087],[32.00000000000094,-88.20135927255087],[34.00000000000067,-88.20135927255087],[36.000000000000675,-88.20135927255068],[38.00000000000055,-88.20135927255087],[40.00000000000063,-88.20135927255087],[42.00000000000066,-88.20135927255087],[44.00000000000056,-88.20135927255087],[46.00000000000062,-88.20135927255068],[48.000000000000554,-88.20135927255087],[50.00000000000052,-88.20135927255087],[52.00000000000055,-88.20135927255087],[54.00000000000055,-88.20135927255087],[56.00000000000048,-88.20135927255087],[58.000000000000526,-88.20135927255087],[60.00000000000047,-88.20135927255087],[62.00000000000039,-88.20135927255087],[64.00000000000033,-88.20135927255087],[66.00000000000034,-88.20135927255068],[68.00000000000036,-88.20135927255107],[70.00000000000018,-88.20135927255107],[72.00000000000034,-88.20135927255087],[74.0000000000003,-88.20135927255068],[76.00000000000034,-88.20135927255107],[78.00000000000023,-88.20135927255087],[80.00000000000017,-88.20135927255087],[82.00000000000011,-88.20135927255087],[84.0000000000001,-88.20135927255087],[86.00000000000006,-88.20135927255087],[88.00000000000003,-88.20135927255087],[90.0,-88.20135927255087],[91.99999999999997,-88.20135927255087],[93.99999999999996,-88.20135927255087],[95.99999999999991,-88.20135927255087],[97.99999999999989,-88.20135927255087],[99.99999999999986,-88.20135927255087],[101.99999999999979,-88.20135927255087],[103.99999999999966,-88.20135927255107],[105.99999999999972,-88.20135927255068],[107.99999999999967,-88.20135927255087],[109.99999999999982,-88.20135927255107],[111.99999999999964,-88.20135927255107],[113.99999999999964,-88.20135927255068],[115.99999999999967,-88.20135927255087],[117.9999999999996,-88.20135927255087],[119.99999999999956,-88.20135927255087],[121.99999999999949,-88.20135927255087],[123.99999999999952,-88.20135927255087],[125.99999999999946,-88.20135927255087],[127.99999999999947,-88.20135927255087],[129.9999999999995,-88.20135927255087],[131.99999999999946,-88.20135927255087],[133.9999999999994,-88.20135927255068],[135.99999999999946,-88.20135927255087],[137.99999999999932,-88.20135927255087],[139.99999999999937,-88.20135927255087],[141.99999999999946,-88.20135927255087],[143.99999999999935,-88.20135927255068],[145.99999999999935,-88.20135927255087],[147.99999999999906,-88.20135927255087],[149.99999999999923,-88.20135927255087],[151.99999999999926,-88.20135927255087],[153.9999999999993,-88.20135927255087],[155.9999999999992,-88.20135927255107],[157.99999999999923,-88.20135927255087],[159.9999999999992,-88.20135927255087],[161.99999999999915,-88.20135927255087],[163.99999999999923,-88.20135927255087],[165.99999999999906,-88.20135927255087],[167.99999999999915,-88.20135927255087],[169.99999999999912,-88.20135927255107],[171.99999999999903,-88.20135927255087],[173.99999999999935,-88.20135927255087],[175.99999999999915,-88.20135927255087],[177.99999999999932,-88.20135927255107],[179.99999999999918,-88.20135927255087],[180.0,-88.20135927255087],[180.0,-90.0],[8.10267404772364e-13,-90.0],[8.10267404772364e-13,-88.20135927255087],[2.0000000000007057,-88.20135927255107],[4.000000000000849,-88.20135927255087]]]]}},{"type":"Feature","properties":{"group":"C5","age_Ma":0.0,"plate_id":8011,"material":"inherited nucleus parcel; radius 200 km","area_km2":125627.88959134815},"geometry":{"type":"Polygon","coordinates":[[[113.52615966110852,9.246478413896549],[113.53388201335981,9.30878493390444],[113.54380519877,9.370787442165849],[113.55591830508322,9.432410288243972],[113.57020773889113,9.493578242547702],[113.58665723598642,9.55421658830579],[113.60524787497467,9.614251213147316],[113.62595809416354,9.673608700177986],[113.64876371174786,9.732216418442087],[113.67363794930267,9.790002612658718],[113.70055145859457,9.846896492119145],[113.72947235171677,9.902828318633755],[113.76036623454863,9.957729493414371],[113.7931962435367,10.01153264277873],[113.82792308578821,10.064171702563762],[113.86450508246318,10.115582001133518],[113.90289821544616,10.165700340868412],[113.94305617727161,10.214465078022902],[113.98493042427232,10.26181620083895],[114.02847023291274,10.307695405803804],[114.07362275926289,10.352046171941112],[114.12033310156252,10.39481383302679],[114.1685443658168,10.43594564762124],[114.21819773435945,10.475390866812491],[114.26923253731081,10.513100799566294],[114.32158632685203,10.549028875581854],[114.37519495422852,10.583130705554284],[114.42999264938953,10.615364138748086],[114.48591210316303,10.645689317789067],[114.54288455185753,10.674068730585567],[114.60083986417715,10.700467259293479],[114.65970663032739,10.724852226244419],[114.71941225318457,10.747193436759234],[114.77988304139383,10.767463218775216],[114.84104430425646,10.785636459219646],[114.9028204482598,10.801690637066326],[114.96513507509971,10.815605853019136],[115.02791108103897,10.827364855770359],[115.09107075744193,10.836953064787961],[115.1545358923212,10.84435858959221],[115.21822787272957,10.849572245487114],[115.28206778782567,10.852587565719132],[115.34597653244263,10.853400810041737],[115.40987491098424,10.852010969670296],[115.47368374147412,10.848419768618616],[115.53732395958149,10.84263166141485],[115.60071672244887,10.834653827200599],[115.66378351214546,10.82449616022394],[115.72644623857347,10.81217125674327],[115.78862734165476,10.797694398364746],[115.85024989262877,10.78108353184358],[115.91123769429514,10.762359245383832],[115.97151538003759,10.741544741478965],[116.0310085114706,10.718665806340303],[116.08964367455384,10.69375077596637],[116.14734857402487,10.666830498911546],[116.20405212600575,10.637938295818262],[116.25968454864507,10.607109915780775],[116.3141774506623,10.574383489614789],[116.36746391766894,10.539799480110364],[116.4194785961458,10.503400629351184],[116.47015777496456,10.465231903185552],[116.51943946434658,10.425340432940224],[116.56726347216095,10.383775454469543],[116.61357147746945,10.340588244637333],[116.65830710123433,10.295832055330534],[116.70141597411133,10.249562045106625],[116.74284580125793,10.2018352085798],[116.7825464240938,10.152710303651235],[116.82046987895754,10.102247776692522],[116.85657045261019,10.050509685791617],[116.89080473454348,9.997559622172],[116.92313166605639,9.943462629896928],[116.95351258607047,9.888285123971805],[116.98191127366047,9.832094806957388],[117.0082939872818,9.774960584207635],[117.03262950068262,9.716952477845943],[117.05488913549372,9.658141539593034],[117.07504679049292,9.598599762560612],[117.09307896754748,9.53839999212322],[117.10896479424002,9.477615835981561],[117.12268604318939,9.41632157352874],[117.13422714808061,9.354592064631484],[117.14357521642135,9.292502657935966],[117.15072003904676,9.230129098808678],[117.15565409639562,9.167547437020557],[117.15837256158511,9.104833934282127],[117.15887330031262,9.042064971736222],[117.15715686761612,8.979316957513651],[117.15322650152605,8.916666234456157],[117.14708811364359,8.854188988109698],[117.13875027668223,8.79196115508997],[117.12822420901034,8.730058331920839],[117.11552375623438,8.66855568444497],[117.10066536986365,8.607527857905009],[117.08366808309822,8.547048887792021],[117.06455348378327,8.487192111556922],[117.04334568457408,8.42803008127954],[117.0200712903567,8.369634477387697],[116.99475936297092,8.312076023518829],[116.96744138328235,8.255424402614157],[116.93815121065299,8.199748174334733],[116.90692503985875,8.145114693886976],[116.87380135550593,8.091590032344332],[116.83882088399764,8.039238898549646],[116.80202654310422,7.988124562682221],[116.76346338919215,7.938308781570989],[116.7231785621677,7.88985172583471],[116.68122122819311,7.8428119089277235],[116.63764252023438,7.797246118168348],[116.59249547650248,7.753209347825509],[116.54583497684996,7.7107547343366925],[116.49771767718845,7.6699334937291255],[116.44820194199299,7.630794861313779],[116.39734777496251,7.593386033719339],[116.34521674790632,7.557752113331433],[116.29187192792985,7.523936055200647],[116.23737780299413,7.491978616478815],[116.18180020592577,7.461918308442539],[116.12520623695626,7.433791351158986],[116.06766418487192,7.407631630846282],[116.00924344685676,7.383470659978854],[115.95001444711394,7.361337540184532],[115.8900485543519,7.341258927976735],[115.82941799822441,7.323259003363064],[115.76819578481455,7.307359441367546],[115.70645561125468,7.2935793865003715],[115.64427177957612,7.281935430206518],[115.58171910988288,7.272441591319623],[115.51887285294633,7.265109299545766],[115.45580860231681,7.259947381996338],[115.39260220605145,7.256962052787167],[115.32932967815599,7.2561569057158675],[115.26606710984022,7.257532910027094],[115.20289058068704,7.261088409270297],[115.13987606983397,7.26681912325177],[115.0770993672681,7.274718153078288],[115.01463598533314,7.2847759892863975],[114.95256107054806,7.296980523047377],[114.89094931583581,7.311317060434106],[114.82987487326021,7.3277683397324935],[114.76941126736732,7.346314551776595],[114.70963130922767,7.366933363282592],[114.6506070112734,7.389599943153524],[114.5924095030236,7.414286991723247],[114.53510894778967,7.440964772904362],[114.47877446044994,7.469601149202267],[114.42347402638264,7.500161619553135],[114.36927442164269,7.532609359941665],[114.31624113446746,7.5669052667508945],[114.26443828819316,7.603008002793312],[114.21392856566298,7.640874045969969],[114.16477313520487,7.680457740501569],[114.11703157825521,7.721711350672765],[114.07076181870286,7.764585117028526],[114.02602005402542,7.809027314959118],[113.98286068828783,7.854984315607559],[113.94133626707148,7.902400649032085],[113.90149741439991,7.9512190695528195],[113.86339277172527,8.00138062321123],[113.82706893903799,8.052824717268017],[113.79257041816024,8.105489191663565],[113.75993955828228,8.159310392363746],[113.72921650379884,8.214223246511592],[113.70043914450142,8.27016133930389],[113.67364306818097,8.327056992510736],[113.64886151569407,8.384841344553802],[113.62612533854374,8.443444432058028],[113.6054629590263,8.5027952727901],[113.58690033299258,8.562821949895733],[113.57046091527255,8.623451697345715],[113.55616562780985,8.684610986500628],[113.54403283055248,8.746225613701581],[113.53407829514481,8.808220788793747],[113.52631518146421,8.870521224488101],[113.52075401704568,8.933051226465043],[113.51740267943592,8.995734784123265],[113.51626638151704,9.058495661874554],[113.51734765983934,9.121257490885718],[113.52064636600065,9.183943861165664],[113.52615966110852,9.246478413896549]]]}},{"type":"Feature","properties":{"group":"C6","age_Ma":0.0,"plate_id":8031,"material":"inherited nucleus parcel; radius 200 km","area_km2":125627.88959134792},"geometry":{"type":"Polygon","coordinates":[[[166.93942016073345,-10.656495595124726],[166.9020918475471,-10.605562230125079],[166.86660614223118,-10.553376033856477],[166.83300564949258,-10.500001166647793],[166.80133059615497,-10.44550321128072],[166.77161878666493,-10.389949090351623],[166.74390556192247,-10.333406982193146],[166.71822376144985,-10.27594623547],[166.69460368890813,-10.217637282563448],[166.67307308096505,-10.158551551858915],[166.6536570795133,-10.09876137905082],[166.63637820723395,-10.038339917578314],[166.6212563464943,-9.97736104830483],[166.60830872156652,-9.915899288554147],[166.59754988414986,-9.854029700613946],[166.5889917021748,-9.79182779981803],[166.58264335186527,-9.729369462316543],[166.57851131303173,-9.666730832642733],[166.57659936756576,-9.603988231183962],[166.57690860110446,-9.541218061662784],[166.57943740782966,-9.478496718733826],[166.5841814983672,-9.415900495799614],[166.59113391074774,-9.353505493148274],[166.60028502439005,-9.291387526514596],[166.6116225770664,-9.229622036163784],[166.62513168480803,-9.168283996597216],[166.64079486470672,-9.10744782697729],[166.65859206056965,-9.04718730236739],[166.67850067138107,-8.987575465881568],[166.70049558252504,-8.928684541837693],[166.72454919972145,-8.87058585000554],[166.75063148562776,-8.81334972104097],[166.77870999905656,-8.757045413195154],[166.80874993675894,-8.701741030386858],[166.84071417772233,-8.647503441724416],[166.87456332993037,-8.59439820256208],[166.91025577953133,-8.542489477174685],[166.94774774236,-8.491839963132552],[166.9869933177573,-8.442510817457102],[167.02794454463,-8.39456158463599],[167.07055145969153,-8.348050126575295],[167.11476215782363,-8.303032554563934],[167.1605228544969,-8.259563163324179],[167.20777795018586,-8.217694367220057],[167.25647009671422,-8.177476638693497],[167.30654026546202,-8.138958448996036],[167.35792781736617,-8.102186211281733],[167.41057057464283,-8.06720422612491],[167.46440489415988,-8.034054629523583],[167.51936574238272,-8.002777343447486],[167.57538677181807,-7.973410028986982],[167.6324003988767,-7.945988042155787],[167.69033788307365,-7.92054439239927],[167.74912940748425,-7.8971097038554054],[167.80870416037055,-7.87571217941401],[167.86899041789297,-7.8563775676158585],[167.92991562781813,-7.839129132430878],[167.99140649413414,-7.8239876259509185],[168.05338906248153,-7.81097126402941],[168.11578880630876,-7.800095704896901],[168.17853071365636,-7.7913740307783],[168.2415393744773,-7.784816732533163],[168.30473906839643,-7.7804316973382885],[168.36805385281252,-7.778224199426719],[168.43140765124667,-7.778196893894741],[168.49472434183775,-7.780349813584322],[168.5579278458896,-7.784680369044389],[168.62094221636875,-7.791183351571505],[168.68369172625796,-7.799850939325962],[168.7461009566655,-7.8106727065159],[168.80809488459442,-7.823635635638525],[168.86959897027472,-7.83872413276366],[168.93053924396278,-7.855920045841167],[168.9908423921132,-7.8752026860105335],[169.0504358428291,-7.896548851886944],[169.1092478504991,-7.919932856795184],[169.16720757952902,-7.945326558918826],[169.22424518707925,-7.972699394329439],[169.28029190471972,-8.002018412856891],[169.33528011891616,-8.03324831675854],[169.38914345026285,-8.066351502142954],[169.44181683137967,-8.101288103099789],[169.49323658339245,-8.138016038485056],[169.54334049091747,-8.176491061308855],[169.59206787547413,-8.216666810668602],[169.63935966724924,-8.25849486617007],[169.68515847514206,-8.301924804774336],[169.72940865501684,-8.346904260007838],[169.77205637609572,-8.393378983469427],[169.8130496854228,-8.441292908567169],[169.85233857033563,-8.490588216414583],[169.88987501887902,-8.541205403814839],[169.92561307809973,-8.593083353259175],[169.9595089101616,-8.646159404864184],[169.99152084622187,-8.70036943017043],[170.02160943801144,-8.75564790772414],[170.04973750706284,-8.81192800036082],[170.0758701915309,-8.8691416341095],[170.09997499055328,-8.927219578633181],[170.122021806097,-8.986091529121525],[170.14198298224133,-9.045686189548361],[170.1598333418452,-9.105931357206781],[170.1755502205508,-9.166754008432447],[170.18911349807502,-9.22808038542403],[170.20050562674055,-9.289836084069663],[170.2097116572015,-9.351946142685277],[170.2167192613174,-9.41433513157047],[170.22151875213152,-9.476927243286065],[170.22410310091013,-9.539646383555764],[170.2244679512014,-9.602416262693426],[170.22261162987226,-9.665160487455877],[170.2185351550845,-9.727802653220252],[170.2122422411727,-9.790266436383005],[170.20373930038704,-9.852475686877035],[170.1930354414676,-9.914354520701941],[170.18014246501852,-9.975827412360774],[170.16507485565108,-10.036819287096227],[170.14784977086984,-10.097255612817804],[170.1284870266772,-10.157062491609876],[170.10700907987518,-10.216166750710446],[170.08344100704664,-10.274496032849125],[170.0578104802023,-10.331978885831543],[170.0301477390826,-10.3885448512579],[170.0004855601099,-10.444124552261158],[169.96885922198885,-10.498649780151489],[169.93530646795887,-10.552053579852274],[169.89986746470802,-10.604270334013075],[169.86258475796254,-10.655235845685109],[169.823503224772,-10.704887419445143],[169.78267002251715,-10.753163940853495],[169.74013453467228,-10.800005954133505],[169.69594831336204,-10.845355737959391],[169.65016501875803,-10.889157379242207],[169.60284035536876,-10.931356844803119],[169.55403200528295,-10.97190205082641],[169.50379955843277,-11.010742929985739],[169.45220443995282,-11.047831496139414],[169.39930983471598,-11.08312190649322],[169.34518060913607,-11.116570521131864],[169.28988323033397,-11.148135959823161],[169.23348568277126,-11.177779156002494],[169.17605738246297,-11.20546340784879],[169.11766908888725,-11.231154426366967],[169.058392814718,-11.254820380396044],[168.99830173351128,-11.276431938467015],[168.93747008548445,-11.29596230743843],[168.87597308153138,-11.3133872678435],[168.8138868056242,-11.328685205887236],[168.7512881157557,-11.341837142037935],[168.6882545435827,-11.35282675616241],[168.62486419293398,-11.361640409160982],[168.56119563735055,-11.368267161063615],[168.49732781682943,-11.372698785554915],[168.43333993394444,-11.374929780902331],[168.36931134952,-11.374957377267553],[168.30532147803493,-11.372781540388479],[168.24144968293504,-11.368404971624718],[168.17777517203237,-11.361833104366731],[168.1143768931703,-11.353074096815059],[168.05133343033063,-11.34213882114268],[167.9887229003599,-11.329040849059648],[167.92662285048763,-11.313796433806006],[167.8651101568077,-11.296424488605162],[167.80426092389158,-11.276946561615521],[167.74415038569595,-11.255386807425214],[167.6848528079262,-11.231771955139479],[167.62644139200933,-11.206131273116789],[167.56898818082686,-11.178496530414693],[167.51256396635242,-11.14890195501189],[167.4572381993307,-11.117384188878193],[167.40307890113164,-11.0839822399679],[167.35015257790374,-11.048737431217917],[167.29852413714582,-11.011693346635017],[167.24825680680837,-10.972895774561126],[167.19941205702878,-10.932392648209078],[167.152049524598,-10.8902339835645],[167.1062269402475,-10.846471814752649],[167.0620000588389,-10.801160126971803],[167.01942259253187,-10.754354787097391],[166.9785461469969,-10.706113472062656],[166.93942016073345,-10.656495595124726]]]}},{"type":"Feature","properties":{"group":"C1","age_Ma":2.0,"plate_id":101,"material":"inherited nucleus parcel; radius 200 km","area_km2":125627.88959134828},"geometry":{"type":"Polygon","coordinates":[[[-31.167700240414117,23.222745431959613],[-31.20828769183658,23.172263302473944],[-31.250735215183465,23.123102085713217],[-31.294990476529556,23.07532015570569],[-31.34099916757336,23.02897419266894],[-31.388705072281667,22.98411912105087],[-31.43805013485282,22.940808049682584],[-31.48897452893101,22.899092214086743],[-31.541416728006865,22.85902092098297],[-31.595313576940466,22.82064149502951],[-31.650600364545806,22.783999227839704],[-31.707210897175727,22.749137329309058],[-31.765077573249997,22.71609688128696],[-31.82413145866849,22.684916793626726],[-31.884302363053727,22.65563376264375],[-31.945518916768727,22.628282232011777],[-32.00770864865521,22.602894356124583],[-32.07079806444069,22.579499965948546],[-32.13471272576128,22.558126537390446],[-32.19937732975002,22.53879916220271],[-32.26471578913912,22.521540521446365],[-32.33065131282684,22.506370861530442],[-32.39710648685893,22.493307972844985],[-32.46400335577578,22.482367171002537],[-32.53126350427605,22.47356128070112],[-32.598808139148744,22.46690062222081],[-32.666558171424946,22.46239300056269],[-32.73443429870132,22.460043697238287],[-32.802357087587666,22.459855464715464],[-32.87024705622974,22.46182852352417],[-32.93802475686087,22.465960562024637],[-33.005610858333206,22.472246738837885],[-33.07292622858195,22.480679687937098],[-33.139892016973626,22.491249526395592],[-33.206429736491465,22.503943864786947],[-33.27246134570906,22.518747820228732],[-33.3379093305043,22.535644032061835],[-33.402696785465075,22.554612680153106],[-33.46674749493797,22.575631505809238],[-33.52998601367085,22.59867583528676],[-33.59233774699977,22.623718605881642],[-33.653729030530194,22.650730394580037],[-33.71408720926217,22.6796794492502],[-33.77334071610821,22.710531722353466],[-33.83141914975189,22.743250907150475],[-33.888253351794894,22.77779847637766],[-33.94377548313849,22.814133723366282],[-33.99791909954531,22.85221380557545],[-34.05061922632534,22.89199379050819],[-34.101812432089616,22.933426703978714],[-34.15143690151291,22.976463580695906],[-34.19943250704621,23.02105351712829],[-34.2457408795172,23.067143726611885],[-34.2903054775557,23.114679596662125],[-34.33307165577978,23.163604748448705],[-34.37398673167481,23.21386109838998],[-34.41300005109727,23.265388921822414],[-34.450063052331735,23.318126918698187],[-34.48512932862812,23.372012281262222],[-34.518154689142975,23.426980763657856],[-34.54909721820711,23.48296675340854],[-34.57791733283871,23.53990334472034],[-34.60457783841858,23.597722413548254],[-34.62904398244237,23.65635469436685],[-34.651283506260754,23.715729858583394],[-34.671266694717396,23.775776594529223],[-34.688966423591204,23.836422688962173],[-34.70435820474712,23.897595110011366],[-34.71742022889775,23.9592200914911],[-34.7281334058757,24.021223218509874],[-34.7364814023145,24.08352951429575],[-34.74245067663486,24.146063528157523],[-34.74603051123043,24.208749424497753],[-34.74721304174728,24.271511072790254],[-34.745993283349726,24.334272138431732],[-34.74236915386479,24.396956174374008],[-34.73634149369733,24.459486713439542],[-34.7279140824092,24.52178736122016],[-34.7170936518554,24.583781889455043],[-34.70388989577203,24.645394329780704],[-34.68831547571363,24.706549067742618],[-34.67038602323876,24.767170936954212],[-34.65012013824682,24.827185313286325],[-34.62753938337218,24.886518208966155],[-34.602668274347224,24.945096366462298],[-34.57553426624984,25.00284735202919],[-34.54616773555797,25.059699648780974],[-34.514601957939455,25.115582749162748],[-34.4808730817138,25.170427246684028],[-34.445020096929504,25.224164926777483],[-34.40708480001011,25.276728856643093],[-34.367111753931766,25.328053473937256],[-34.32514824390406,25.37807467416381],[-34.28124422853851,25.426729896623353],[-34.23545228649921,25.47395820877607],[-34.187827558642404,25.519700388873574],[-34.13842768566496,25.563899006714216],[-34.08731274129407,25.60649850237721],[-34.03454516106429,25.647445262792516],[-33.980189666741985,25.686687696002878],[-33.92431318647092,25.724176302978456],[-33.86698477072767,25.759863746844744],[-33.80827550418959,25.793704919388684],[-33.74825841363218,25.82565700471025],[-33.68700837198853,25.855679539891327],[-33.62460199871565,25.883734472557027],[-33.56111755662855,25.909786215210524],[-33.496634845375716,25.933801696226787],[-33.43123509174261,25.95575040739706],[-33.36500083698339,25.97560444792154],[-33.29801582139243,25.993338564755224],[-33.23036486633939,26.008930189218344],[-33.162133754001204,26.022359469790153],[-33.09340910503563,26.033609301013843],[-33.024278254447935,26.0426653484473],[-32.95482912591193,26.049516069603676],[-32.885150104811956,26.05415273083428],[-32.815329910278976,26.056569420115938],[-32.7454574664975,26.0567630557128],[-32.67562177356398,26.054733390693713],[-32.60591177817912,26.050483013293952],[-32.536416244456966,26.044017343121585],[-32.46722362513358,26.03534462321581],[-32.39842193345598,26.024475907976704],[-32.330098616029304,26.011425046992855],[-32.26234042689551,25.99620866480439],[-32.19523330311221,25.97884613664682],[-32.1288622420929,25.9593595602304],[-32.063311180962856,25.937773723618538],[-31.99866287817584,25.91411606927645],[-31.934998797627483,25.88841665436993],[-31.87239899549091,25.86070810740084],[-31.81094200998781,25.831025581274275],[-31.750704754297697,25.79940670289775],[-31.69176241279404,25.76589151942032],[-31.634188340783897,25.730522441224707],[-31.57805396791286,25.69334418179076],[-31.523428705384344,25.654403694554272],[-31.470379857127227,25.613750106888588],[-31.418972535031443,25.571434651340947],[-31.369269578357134,25.527510594258676],[-31.32133147740822,25.482033161943043],[-31.275216301546585,25.435059464471415],[-31.230979631609696,25.386648417329567],[-31.1886744967796,25.33686066099792],[-31.148351315938868,25.285758478636335],[-31.11005784353457,25.233405712012086],[-31.073839119959814,25.17986767581661],[-31.039737426449992,25.125211070515036],[-31.007792244478516,25.069503893873023],[-30.978040219627157,25.01281535130347],[-30.95051512989485,24.955215765174408],[-30.925247858399548,24.896776483217963],[-30.90226637041864,24.83756978617791],[-30.881595694705783,24.77766879483093],[-30.86325790901361,24.717147376515108],[-30.84727212974558,24.656080051294587],[-30.8336545056548,24.594541897889233],[-30.82241821550038,24.532608459491904],[-30.81357346956984,24.47035564959587],[-30.807127514970134,24.40785965794905],[-30.803084644587063,24.345196856750526],[-30.80144620961126,24.28244370719992],[-30.802210635525004,24.219676666507645],[-30.805373441444257,24.156972095470493],[-30.810927262708447,24.094406166713316],[-30.818861876610352,24.032054773694664],[-30.82916423115845,23.96999344057039],[-30.841818476764292,23.908297233006397],[-30.856806000748474,23.847040670028054],[-30.874105464559964,23.786297636991126],[-30.893692843604317,23.72614129975523],[-30.915541469579136,23.666644020138964],[-30.93962207521577,23.60787727273133],[-30.96590284132956,23.54991156313308],[-30.994349446082058,23.492816347697296],[-31.02492511636175,23.43665995483663],[-31.057590681192284,23.38150950796223],[-31.092304627078963,23.32743085011613],[-31.129023155207946,23.27448847035746],[-31.167700240414117,23.222745431959613]]]}},{"type":"Feature","properties":{"group":"C2","age_Ma":2.0,"plate_id":201,"material":"inherited nucleus parcel; radius 200 km","area_km2":125627.88959134831},"geometry":{"type":"Polygon","coordinates":[[[-98.3134067594144,-0.16447243574926823],[-98.31656702704957,-0.22716374287166435],[-98.32191224406321,-0.28970665935133677],[-98.32943594922648,-0.35202505795110467],[-98.3391290419742,-0.4140430821357453],[-98.35097979285003,-0.47568523772829197],[-98.36497385699776,-0.5368764841616558],[-98.38109429069115,-0.5975423252222413],[-98.39932157089166,-0.6576088991823629],[-98.41963361782189,-0.7170030682190941],[-98.44200582054019,-0.7756525070163423],[-98.46641106549933,-0.8334857904484791],[-98.49281976806964,-0.8904324802429484],[-98.5211999070045,-0.9464232105208076],[-98.55151706182319,-1.0013897721140397],[-98.58373445308284,-1.0552651955589116],[-98.61781298550879,-1.1079838326663058],[-98.65371129394859,-1.1594814365691246],[-98.69138579211203,-1.2096952401497423],[-98.73079072405577,-1.2585640327496788],[-98.77187821836733,-1.3060282350660426],[-98.8145983449997,-1.3520299721403166],[-98.8588991747032,-1.3965131443456087],[-98.9047268409978,-1.4394234962822061],[-98.95202560462462,-1.4807086834904144],[-99.00073792041071,-1.5203183368937088],[-99.05080450647758,-1.5582041248862482],[-99.1021644157188,-1.594319812981583],[-99.15475510946821,-1.628621320941556],[-99.20851253327545,-1.6610667773072467],[-99.2633711947012,-1.6916165712569002],[-99.31926424304046,-1.7202334017181224],[-99.37612355087764,-1.7468823236657494],[-99.43387979737301,-1.7715307915397045],[-99.49246255317665,-1.7941486997204916],[-99.55180036686119,-1.81470842000483],[-99.61182085276192,-1.8331848360263077],[-99.67245078010863,-1.8495553745716777],[-99.73361616333081,-1.8638000337463065],[-99.79524235341442,-1.8759014079477496],[-99.85725413018616,-1.8858447096099311],[-99.91957579539815,-1.8936177876861804],[-99.98213126648454,-1.8992111428432616],[-100.04484417085908,-1.9026179393434404],[-100.1076379406216,-1.9038340135973506],[-100.17043590754024,-1.9028578793740776],[-100.23316139817558,-1.899690729661285],[-100.29573782901177,-1.8943364351722185],[-100.35808880146088,-1.8868015395017623],[-100.42013819660619,-1.8770952509391379],[-100.48181026955093,-1.8652294309494242],[-100.54302974324047,-1.8512185793409686],[-100.60372190162691,-1.8350798161413013],[-100.66381268204712,-1.81683286020816],[-100.72322876668728,-1.7965000046080113],[-100.78189767300897,-1.7741060887977484],[-100.83974784301545,-1.7496784676514008],[-100.89670873123876,-1.7232469773766945],[-100.95271089133212,-1.6948438983714365],[-101.00768606115528,-1.664503915073447],[-101.06156724624455,-1.6322640728619855],[-101.1142888015621,-1.598163732071942],[-101.16578651142468,-1.562244519186356],[-101.21599766751449,-1.5245502752755862],[-101.26486114487994,-1.4851270017554807],[-101.31231747583891,-1.4440228035388651],[-101.35830892169983,-1.4012878296589604],[-101.40277954222249,-1.356974211444676],[-101.44567526274274,-1.3111359983313258],[-101.48694393889144,-1.2638290913917538],[-101.52653541884122,-1.2151111746756695],[-101.56440160301935,-1.165041644446688],[-101.60049650122923,-1.1136815364082264],[-101.63477628712701,-1.061093451011306],[-101.66719935000394,-1.0073414769386047],[-101.69772634382896,-0.9524911128605374],[-101.72632023350958,-0.8966091875601692],[-101.75294633833295,-0.8397637785249757],[-101.77757237255241,-0.7820241291042954],[-101.80016848308796,-0.7234605643320212],[-101.82070728431232,-0.6641444055152584],[-101.83916388989728,-0.6041478836892454],[-101.855515941698,-0.5435440520409229],[-101.86974363565487,-0.482406697402118],[-101.88182974469656,-0.42081025091519814],[-101.89175963862816,-0.3588296979738169],[-101.89952130099329,-0.29654048754105156],[-101.90510534289821,-0.23401844094855162],[-101.9085050137909,-0.17133966027926154],[-101.90971620918796,-0.10858043643767853],[-101.9087374753454,-0.045817157010217366],[-101.90557001087056,0.01687378598022321],[-101.90021766527468,0.07941608832258583],[-101.89268693446738,0.14173362576519313],[-101.88298695319598,0.203750545959259],[-101.87112948443477,0.2653913600950357],[-101.8571289057311,0.3265810341274422],[-101.84100219251718,0.3872450794882407],[-101.82276889839838,0.4473096431813724],[-101.80245113243147,0.5067015971597565],[-101.78007353340766,0.5653486268799446],[-101.7556632411586,0.6231793189337385],[-101.72924986490523,0.6801232476540212],[-101.7008654486724,0.7361110605943503],[-101.67054443379513,0.7910745627810221],[-101.63832361854448,0.8449467996379634],[-101.60424211490515,0.8976621384843763],[-101.5683413025395,0.9491563485074717],[-101.53066477997615,0.9993666791116017],[-101.491258313065,1.0482319365477877],[-101.45016978074399,1.0956925587280593],[-101.40744911816715,1.1416906881303157],[-101.36314825724664,1.1861702427011487],[-101.31732106466656,1.229076984665326],[-101.27002327742949,1.2703585871531866],[-101.22131243600164,1.3099646985578162],[-101.17124781512628,1.347847004537393],[-101.11989035237995,1.3839592875796862],[-101.06730257454991,1.4182574840480109],[-101.01354852191558,1.4506997386311324],[-100.95869367052174,1.481246456122101],[-100.9028048525345,1.5098603504541803],[-100.84595017477612,1.536506490925274],[-100.78819893553849,1.5611523455454903],[-100.72962153977893,1.5837678214464461],[-100.67028941280618,1.6043253022940047],[-100.61027491256775,1.6227996826510747],[-100.54965124065313,1.6391683992400798],[-100.48849235213142,1.653411459059858],[-100.42687286434331,1.665511464315191],[-100.3648679647721,1.675453634123109],[-100.30255331811877,1.6832258229628512],[-100.24000497270964,1.6888185358426606],[-100.17729926636663,1.6922249401608254],[-100.114512731871,1.693440874242786],[-100.05172200215313,1.6924648525420456],[-99.98900371534167,1.6892980674968934],[-99.92643441980508,1.6839443880400229],[-99.8640904793198,1.6764103547634166],[-99.80204797849738,1.6667051717457395],[-99.74038262860381,1.6548406950546222],[-99.67916967390197,1.64083141794058],[-99.61848379864757,1.6246944527449991],[-99.55839903486658,1.606449509549179],[-99.49898867104054,1.5861188715956236],[-99.44032516182368,1.5637273675182397],[-99.38248003891279,1.5393023404218809],[-99.32552382318833,1.5128736138568915],[-99.26952593824187,1.4844734547372476],[-99.21455462540122,1.4541365332568321],[-99.16067686036185,1.421899879860463],[-99.10795827152816,1.3878028393311255],[-99.05646306016557,1.3518870220587873],[-99.00625392245911,1.3141962525580946],[-98.95739197357089,1.274776515307438],[-98.90993667378389,1.2336758979832394],[-98.86394575681572,1.1909445321674739],[-98.81947516038144,1.1466345316081192],[-98.77657895907983,1.100799928115435],[-98.73530929967384,1.0534966051791925],[-98.6957163388313,1.0047822293933977],[-98.65784818338737,0.9547161797784575],[-98.62175083318671,0.9033594750907779],[-98.58746812655909,0.8507746992130492],[-98.55504168847777,0.7970259247186869],[-98.52451088144689,0.7421786347061666],[-98.49591275915957,0.686299642999456],[-98.46928202296588,0.6294570128124113],[-98.44465098118546,0.5717199739751906],[-98.42204951129679,0.5131588388227254],[-98.40150502503235,0.45384491684456746],[-98.38304243640502,0.3938504281973335],[-98.36668413268934,0.3332484161806555],[-98.35244994837794,0.2721126587781246],[-98.34035714213084,0.21051757936608712],[-98.33042037673387,0.148538156691526],[-98.32265170207873,0.08624983422256804],[-98.31706054117666,0.02372842897401903],[-98.31365367921397,-0.038949960088859134],[-98.31243525565753,-0.10170904396530073],[-98.3134067594144,-0.16447243574926823]]]}},{"type":"Feature","properties":{"group":"C3","age_Ma":2.0,"plate_id":601,"material":"inherited nucleus parcel; radius 200 km","area_km2":125627.88959134837},"geometry":{"type":"Polygon","coordinates":[[[52.6271468806845,-8.259831623067607],[52.637393786190714,-8.197885363652137],[52.64981408082937,-8.136330212017729],[52.66439171466885,-8.075240894564256],[52.68110805415734,-8.014691540843737],[52.699941908419376,-7.9547555950656665],[52.72086955835887,-7.895505728535374],[52.74386478852554,-7.8370137531204636],[52.768898921700156,-7.779350535836801],[52.79594085615286,-7.722585914645846],[52.82495710552787,-7.666788615553588],[52.85591184130635,-7.612026171099027],[52.88876693779815,-7.558364840320639],[52.92348201961148,-7.505869530285803],[52.9600145115488,-7.454603719268562],[52.998319690874645,-7.404629381658172],[53.038350741900665,-7.356006914680543],[53.08005881283063,-7.30879506701224],[53.123393074806984,-7.263050869365381],[53.16830078309826,-7.218829567120003],[53.21472734036502,-7.176184555078816],[53.26261636193997,-7.135167314416824],[53.31190974305588,-7.095827351897078],[53.36254772795281,-7.058212141420786],[53.41446898079372,-7.022367067978756],[53.46761065831606,-6.988335374068084],[53.521908484144106,-6.956158108636132],[53.5772968246847,-6.925874078610524],[53.6337087665273,-6.897519803072784],[53.691076195266334,-6.871129470128126],[53.74932987566257,-6.846734896523859],[53.8083995330573,-6.824365490063245],[53.86821393595169,-6.804048214860507],[53.928700979661585,-6.785807559478553],[53.98978777095599,-6.769665507987753],[54.051400713585956,-6.755641513981468],[54.1134655946092,-6.743752477579068],[54.175907671413746,-6.7340127254456865],[54.23865175934301,-6.726433993852385],[54.301622319823856,-6.721025414798169],[54.36474354889746,-6.717793505210432],[54.42793946605265,-6.71674215923788],[54.49113400326066,-6.717872643644844],[54.55425109410974,-6.721183596313124],[54.6172147629378,-6.726671027852855],[54.679949213861676,-6.73432832632089],[54.74237891960127,-6.7441462650403885],[54.804428709997616,-6.756113013511954],[54.86602386012423,-6.7702141514033745],[54.92709017789231,-6.786432685599894],[54.9875540910507,-6.804749070294443],[55.047342733483134,-6.825141230093513],[55.10638403070668,-6.847584586109382],[55.16460678447605,-6.872052085007978],[55.22194075640099,-6.898514230976505],[55.27831675048499,-6.926939120572121],[55.3336666944955,-6.957292480410292],[55.387923720078135,-6.989537707647102],[55.44102224152903,-7.0236359132079444],[55.49289803314166,-7.059545967711064],[55.5434883050465,-7.097224550031941],[55.59273177746452,-7.136626198452455],[55.64056875329698,-7.177703364334458],[55.68694118897682,-7.220406468256724],[55.73179276350891,-7.264683958550575],[55.77506894562849,-7.310482372167722],[55.81671705900927,-7.3577463978112005],[55.85668634545526,-7.406418941259303],[55.89492802601148,-7.456441192808449],[55.93139535993178,-7.507752696761364],[55.966043701442764,-7.560291422882921],[55.99883055424585,-7.613993839746086],[56.029715623700014,-7.66879498988732],[56.05866086663056,-7.724628566690405],[56.08563053870977,-7.781426992914827],[56.110591239357916,-7.839121500784805],[56.133511954113295,-7.897642213552452],[56.154364094422654,-7.956918228447837],[56.17312153480323,-8.016877700927015],[56.189760647330196,-8.077447930128242],[56.20426033340374,-8.138555445444675],[56.2166020527508,-8.200126094121348],[56.22676984961924,-8.262085129781875],[56.23475037612118,-8.324357301790696],[56.24053291268531,-8.38686694535395],[56.24410938557798,-8.449538072261536],[56.24547438145483,-8.512294462171901],[56.24462515890566,-8.575059754339684],[56.24156165695678,-8.63775753968479],[56.236286500496846,-8.700311453101172],[56.22880500259356,-8.762645265901975],[56.219125163670526,-8.824682978296169],[56.20725766751593,-8.88634891179156],[56.19321587409639,-8.947567801417872],[56.177015809151804,-9.008264887661364],[56.15867615055075,-9.06836600800394],[56.13821821138676,-9.127797687955773],[56.11566591980146,-9.186487231472976],[56.09104579552175,-9.244362810647447],[56.0643869231035,-9.301353554559348],[56.03572092187766,-9.357389637178713],[56.00508191259821,-9.412402364204118],[55.97250648079773,-9.466324258726319],[55.93803363685924,-9.519089145602834],[55.901704772819414,-9.570632234431953],[55.86356361592319,-9.620890201012545],[55.82365617895548,-9.669801267178464],[55.782030707381814,-9.717305278895159],[55.738737623335275,-9.763343782508656],[55.69382946649463,-9.807860099036684],[55.647360831903555,-9.850799396393818],[55.59938830478901,-9.892108759444307],[55.5499703924425,-9.93173725777683],[55.49916745323592,-9.969636011099066],[55.44704162284944,-10.005758252151315],[55.393656737797365,-10.040059387040868],[55.33907825634363,-10.072497052902847],[55.283373176906295,-10.103031172795134],[55.22660995405713,-10.131624007738992],[55.16885841222906,-10.15824020582112],[55.11018965725062,-10.182846848276084],[55.05067598583364,-10.205413492472811],[54.99039079314553,-10.22591221173341],[54.92940847860413,-10.244317631916907],[54.86780435003836,-10.260606964706055],[54.80565452636268,-10.274760037539956],[54.74303583891859,-10.28675932014141],[54.68002573164053,-10.296589947592764],[54.61670216020711,-10.304239739920119],[54.55314349034217,-10.309699218152092],[54.489428395433166,-10.312961616824579],[54.42563575363587,-10.314022892909838],[54.36184454463713,-10.31288173115395],[54.29813374624773,-10.309539545813514],[54.234582230998434,-10.304000478788309],[54.17126866291206,-10.296271394153184],[54.10827139462398,-10.286361869099133],[54.04566836502224,-10.274284181298988],[53.98353699757644,-10.2600532927205],[53.92195409952309,-10.24368682991455],[53.86099576207127,-10.225205060813586],[53.80073726178978,-10.204630868079757],[53.741252963332855,-10.181989719049827],[53.68261622365765,-10.157309632327634],[53.62489929788072,-10.130621141081894],[53.568173246917986,-10.101957253111342],[53.512507847043864,-10.071353407744533],[53.45797150150273,-10.038847429646632],[53.404631154297356,-10.004479479609232],[53.35255220627373,-9.96829200240476],[53.30179843361491,-9.930329671789565],[53.25243190884959,-9.890639332744568],[53.20451292447413,-9.849269941045549],[53.15809991928048,-9.806272500257943],[53.11324940747445,-9.761699996254006],[53.070015910662306,-9.715607329353645],[53.02845189277695,-9.668051244191012],[52.98860769800726,-9.6190902574125],[52.95053149178785,-9.56878458331264],[52.91426920490005,-9.517196057516296],[52.8798644807274,-9.464388058816926],[52.84735862570388,-9.410425429281426],[52.8167905629859,-9.355374392733225],[52.788196789373785,-9.299302471725825],[52.76161133550261,-9.242278403118984],[52.73706572931677,-9.184372052371053],[52.714588962837894,-9.125654326659372],[52.694207462230324,-9.066197086942282],[52.67594506116451,-9.006073059074579],[52.65982297747353,-8.945355744088832],[52.64585979309508,-8.884119327754007],[52.634071437286565,-8.822438589522063],[52.62447117309793,-8.760388810973025],[52.61706958708396,-8.698045683867653],[52.611874582234485,-8.635485217916138],[52.60889137409821,-8.572783648370569],[52.60812249007416,-8.510017343547615],[52.609567771841775,-8.447262712386284],[52.613224380898764,-8.384596112146465],[52.619086807174455,-8.322093756349966],[52.6271468806845,-8.259831623067607]]]}},{"type":"Feature","properties":{"group":"C4","age_Ma":2.0,"plate_id":712,"material":"inherited nucleus parcel; radius 200 km","area_km2":125627.95238073096},"geometry":{"type":"MultiPolygon","coordinates":[[[[-13.289154747271963,-88.34072804301182],[-11.207122630006921,-88.35935270421378],[-9.10031131592156,-88.37787847648961],[-6.968016750341875,-88.39627897548645],[-4.809549997366934,-88.41452703624304],[-2.6242429345546157,-88.43259471959233],[-0.4114546188996585,-88.45045332450113],[1.8294216508241972,-88.46807340727175],[4.098950560465867,-88.485424808594],[6.397646294013705,-88.50247668947553],[8.72596334921093,-88.51919757712801],[11.08428669056733,-88.53555542189434],[13.472921299183815,-88.55151766629054],[15.892081206744738,-88.56705132718885],[18.341878132616607,-88.58212309208477],[20.82230987762984,-88.5966994302445],[23.33324866512431,-88.61074671935214],[25.874429657851426,-88.6242313880125],[28.44543991687405,-88.63712007415882],[31.045708103497727,-88.64937979903702],[33.67449525521583,-88.66097815598897],[36.33088698883105,-88.67188351278199],[39.01378749547714,-88.68206522566331],[41.72191569037059,-88.69149386279867],[44.45380386213398,-88.70014143413896],[47.207799130571104,-88.70798162425638],[49.982067966621244,-88.71499002417754],[52.77460395403536,-88.72114435784567],[55.58323888055414,-88.72642469856986],[58.405657140032986,-88.73081367066885],[61.23941331060456,-88.73429663157641],[64.08195265345519,-88.73686182988993],[66.93063415894969,-88.73850053528459],[69.782755658957,-88.7392071368028],[72.63558043345977,-88.73897920683812],[75.48636467210041,-88.73781752900909],[78.33238511212939,-88.73572608914974],[81.17096616605073,-88.73271202966427],[83.9995058757956,-88.72878556852761],[86.8155000836918,-88.72395988518646],[89.61656429002325,-88.71825097644721],[92.40045276693958,-88.71167748615402],[95.16507461212963,-88.70426051297235],[97.90850654571403,-88.6960234009254],[100.62900237310575,-88.68699151746905],[103.32499914870694,-88.67719202384296],[105.99512017501635,-88.66665364222749],[108.63817505519468,-88.655406423885],[111.25315708212374,-88.64348152203112],[113.83923829272777,-88.63091097263927],[116.39576254331978,-88.61772748584282],[118.92223697157561,-88.60396425002332],[121.4183222057394,-88.58965475011645],[123.8838216645471,-88.57483260115754],[126.31867026503596,-88.55953139761432],[128.72292282273216,-88.54378457864124],[131.09674239221636,-88.52762530905767],[133.44038875809719,-88.51108637554267],[135.75420724869247,-88.49420009734982],[138.03861800876814,-88.47699825065371],[140.29410583443115,-88.45951200555166],[142.52121064345118,-88.44177187465382],[144.7205186281649,-88.42380767218965],[146.89265411590276,-88.40564848253786],[149.03827214335968,-88.38732263713199],[151.1580517364177,-88.36885769872131],[153.25268987520784,-88.35028045203977],[155.32289611534924,-88.33161689998921],[157.36938782999357,-88.31289226452226],[159.39288603302646,-88.29413099148373],[161.39411174134187,-88.27535675873457],[163.37378283302718,-88.25659248697195],[165.33261135838026,-88.23786035270254],[167.2713012616224,-88.2191818029158],[169.19054647274692,-88.2005775710452],[171.09102933100394,-88.18206769386892],[172.97341930385724,-88.16367152905035],[174.83837196778867,-88.14540777306004],[176.68652821992873,-88.12729447926793],[178.51851369211983,-88.1093490760167],[180.0,-88.09486335471307],[180.0,-90.0],[-17.381743468914742,-90.0],[-17.381743468914742,-88.30328368465184],[-15.34712178518236,-88.32203009531945],[-13.289154747271963,-88.34072804301182]]],[[[-177.86360380525736,-88.07402863659026],[-176.0765347765543,-88.056685491687],[-174.30329266567412,-88.03957405390595],[-172.54333154501057,-88.02270888814589],[-170.7961212981245,-88.00610403583434],[-169.0611473832534,-87.98977303003338],[-167.33791053977302,-87.97372890993122],[-165.62592644774273,-87.95798423470035],[-163.92472534938113,-87.94255109672561],[-162.23385164016503,-87.92744113419342],[-160.5528634362023,-87.91266554305972],[-158.88133212362314,-87.89823508839746],[-157.2188418948934,-87.88416011514556],[-155.56498927626203,-87.8704505582664],[-153.91938264988295,-87.85711595233882],[-152.28164177361236,-87.84416544059907],[-150.65139730097567,-87.83160778345429],[-149.02829030337907,-87.81945136648504],[-147.4119717962448,-87.80770420796082],[-145.80210227043963,-87.7963739658888],[-144.19835123006425,-87.78546794461599],[-142.6003967374347,-87.77499310100241],[-141.00792496586558,-87.76495605019178],[-139.4206297606808,-87.75536307098955],[-137.83821220872045,-87.74622011087506],[-136.26038021647392,-87.73753279065895],[-134.68684809685453,-87.72930640880746],[-133.11733616452557,-87.72154594544405],[-131.55157033960973,-87.71425606604951],[-129.98928175953773,-87.70744112486986],[-128.43020639873205,-87.70110516804675],[-126.87408469576863,-87.69525193648172],[-125.32066118762117,-87.68988486844938],[-123.76968415055072,-87.68500710196459],[-122.22090524717899,-87.68062147691676],[-120.67407917925414,-87.67673053697891],[-119.12896334560193,-87.67333653130027],[-117.58531750473526,-87.67044141598718],[-116.04290344158355,-87.66804685538216],[-114.50148463779178,-87.6661542231423],[-112.96082594503136,-87.66476460312477],[-111.42069326075654,-87.66387879008093],[-109.88085320583673,-87.66349729016565],[-108.34107280349147,-87.66362032125818],[-106.80111915895054,-87.66424781310128],[-105.26075913926235,-87.66537940725613],[-103.71975905267232,-87.66701445687495],[-102.17788432699444,-87.66915202628783],[-100.63489918640039,-87.6717908904048],[-99.09056632605422,-87.67492953392791],[-97.54464658402446,-87.67856615037238],[-95.99689860991185,-87.68269864089062],[-94.44707852963717,-87.68732461289622],[-92.8949396058461,-87.6924413784796],[-91.34023189339575,-87.69804595261203],[-89.78270188940735,-87.70413505112697],[-88.22209217738259,-87.7107050884731],[-86.65814106490944,-87.71775217522902],[-85.09058221450408,-87.7252721153688],[-83.51914426717349,-87.73326040326961],[-81.94355045831907,-87.7417122204464],[-80.36351822565035,-87.75062243200524],[-78.77875880883255,-87.75998558279613],[-77.1889768406586,-87.76979589325674],[-75.5938699296139,-87.78004725492802],[-73.9931282337945,-87.79073322562505],[-72.38643402624604,-87.80184702424923],[-70.77346125191997,-87.81338152522115],[-69.1538750765863,-87.82532925251604],[-67.52733142822018,-87.83768237328307],[-65.89347653157034,-87.85043269102898],[-64.25194643685603,-87.86357163834387],[-62.60236654379878,-87.87709026915083],[-60.944351122506134,-87.890979250457],[-59.27750283307205,-87.90522885358438],[-57.60141224616831,-87.9198289448637],[-55.915657367353845,-87.93476897576744],[-54.219803168365445,-87.95003797246632],[-52.51340112924248,-87.96562452478956],[-50.795988795825394,-87.981516774578],[-49.06708935792682,-87.99770240341283],[-47.32621125435361,-88.0141686197158],[-45.57284781191771,-88.0309021452135],[-43.80647692668191,-88.04788920076959],[-42.026560796890635,-88.06511549159096],[-40.23254571840533,-88.08256619182755],[-38.423861954953054,-88.1002259285866],[-36.599923697161216,-88.11807876540512],[-34.76012912614908,-88.13610818522967],[-32.903860599427674,-88.1542970729694],[-31.0304849789743,-88.1726276977154],[-29.13935412362798,-88.19108169472919],[-27.229805570368683,-88.20964004733933],[-25.30116343154566,-88.22828306890733],[-23.352739537736454,-88.24699038506449],[-21.38383485852637,-88.26574091644558],[-19.393741236092012,-88.28451286220809],[-17.38174346891475,-88.30328368465184],[-17.38174346891475,-90.0],[-180.0,-90.0],[-180.0,-88.09486335471307],[-179.66506165842927,-88.09158838454016],[-177.86360380525736,-88.07402863659026]]]]}},{"type":"Feature","properties":{"group":"C5","age_Ma":2.0,"plate_id":8011,"material":"inherited nucleus parcel; radius 200 km","area_km2":125627.88959134842},"geometry":{"type":"Polygon","coordinates":[[[114.70969903939887,8.46579462702895],[114.71739730432786,8.528102072209146],[114.72729147010345,8.590105790186358],[114.73937056041848,8.651730144683224],[114.75362092624144,8.712899923220252],[114.77002625671905,8.77354042898243],[114.7885675933139,8.83357757227205],[114.80922334719422,8.892937961439516],[114.83196931989006,8.951548993180479],[114.85677872722626,9.009338942090638],[114.8836222265389,9.066237049364796],[114.91246794717904,9.122173610529844],[114.943281524301,9.177080062098945],[114.97602613593061,9.230889067034415],[115.01066254330189,9.283534598907217],[115.0471491344467,9.334952024640224],[115.08544197101597,9.38507818572397],[115.12549483830591,9.433851477792048],[115.16725929845619,9.481211928446298],[115.21068474678194,9.5271012732215],[115.25571847119338,9.571463029579323],[115.30230571465289,9.614242568826263],[115.35038974061005,9.655387185846914],[115.39991190135072,9.694846166550112],[115.45081170918738,9.732570852925376],[115.50302691041301,9.768514705609322],[115.55649356193192,9.8026333638656],[115.61114611047543,9.834884702883992],[115.66691747430299,9.865228888307238],[115.72373912728199,9.893628427898912],[115.78154118523368,9.920048220267287],[115.84025249442608,9.944455600566888],[115.89980072208729,9.966820383100684],[115.96011244880863,9.987114900753049],[116.02111326269912,10.005314041186583],[116.08272785514953,10.021395279741842],[116.14488011805724,10.035338708983724],[116.20749324235987,10.047127064843803],[116.27048981772151,10.056745749313974],[116.33379193320995,10.064182849651678],[116.39732127880265,10.069429154063178],[116.46099924755437,10.072478163838193],[116.52474703825793,10.073326101913947],[116.58848575842858,10.07197191785421],[116.6521365274398,10.068417289233935],[116.71562057963993,10.062666619427938],[116.7788593672769,10.054727031806273],[116.8417746630609,10.04460836034824],[116.90428866219455,10.032323136689266],[116.96632408370293,10.017886573625567],[117.02780427089766,10.001316545103395],[117.08865329081179,9.982633562729266],[117.14879603244648,9.961860748840454],[117.20815830367336,9.93902380618289],[117.26666692664128,9.914150984248554],[117.32424983154077,9.887273042328788],[117.3808361485844,9.858423209346707],[117.43635629806732,9.827637140535874],[117.49074207837727,9.794952871037205],[117.54392675182974,9.760410766490923],[117.5958451282109,9.724053470703797],[117.64643364591636,9.68592585047713],[117.6956304505809,9.646074937683055],[117.7433754711021,9.604549868681609],[117.78961049296599,9.561401821172783],[117.8342792287909,9.516683948582234],[117.8773273860128,9.470451312079872],[117.91870273164093,9.422760810334976],[117.95835515402159,9.373671107111786],[117.99623672155234,9.323242556812488],[118.03230173829684,9.271537128075336],[118.06650679645745,9.218618325537278],[118.09881082566692,9.164551109871516],[118.12917513906893,9.109401816210545],[118.15756347616157,9.053238071067549],[118.18394204238358,8.996128707867248],[118.20827954542946,8.938143681198966],[118.23054722828302,8.879353979904723],[118.25071889896486,8.819831539114217],[118.26877095699402,8.7596491513388],[118.28468241656647,8.69888037673663],[118.29843492645941,8.637599452659744],[118.31001278667198,8.57588120259355],[118.31940296181733,8.51380094459953],[118.3265950912843,8.451434399368678],[118.33158149618875,8.388857597995258],[118.33435718313852,8.326146789577967],[118.33491984483739,8.263378348754076],[118.333269857556,8.20062868327285],[118.32941027549975,8.137974141711668],[118.32334682210507,8.07549092143879],[118.31508787829833,8.013254976924292],[118.30464446775106,7.951341928500316],[118.29203023916916,7.889826971670666],[118.2772614456531,7.828784787068208],[118.26035692116824,7.768289451157451],[118.24133805416584,7.708414347779156],[118.22022875839598,7.649232080631519],[118.19705544095511,7.590814386782446],[118.17184696761208,7.53323205130524],[118.14463462545771,7.476554823129197],[118.11545208292432,7.420851332196149],[118.08433534722255,7.366189008010348],[118.05132271924475,7.312633999671142],[118.01645474598502,7.260251097472837],[117.97977417052795,7.209103656158657],[117.9413258796592,7.15925351990999],[117.90115684915341,7.110760949154321],[117.8593160867957,7.063684549271701],[117.81585457319595,7.0180812012780445],[117.77082520045553,6.974005994562359],[117.7242827087502,6.931512161753038],[117.67628362089211,6.890651015785748],[117.62688617493907,6.851471889245023],[117.57615025491874,6.814022076047484],[117.52413731973924,6.7783467755338505],[117.47091033035936,6.744489039034665],[117.41653367529369,6.71248971897065],[117.36107309453055,6.682387420548282],[117.30459560194268,6.6542184561065225],[117.24716940627266,6.6280168021690775],[117.1888638307781,6.6038140592532875],[117.12974923162218,6.581639414483708],[117.06989691509891,6.561519607055433],[117.00937905378348,6.543478896588774],[116.94826860169962,6.527539034414205],[116.88663920859909,6.51371923782215],[116.82456513344778,6.502036167309728],[116.76212115721707,6.49250390685195],[116.69938249507786,6.485133947222265],[116.63642470809755,6.479935172382766],[116.5733236145403,6.476913848961068],[116.51015520087252,6.476073618827082],[116.44699553257473,6.477415494778731],[116.38392066486297,6.4809378593421885],[116.32100655342191,6.486636466687922],[116.25832896525236,6.494504447660485],[116.19596338973518,6.504532317915339],[116.13398495001414,6.516707989152925],[116.07246831479796,6.531016783435881],[116.01148761068333,6.547441450571529],[115.9511163350968,6.565962188538383],[115.89142726995524,6.586556666930986],[115.83249239614055,6.609200053394669],[115.7743828088852,6.633865043017605],[115.71716863416134,6.660521890644517],[115.66091894616596,6.6891384460721],[115.60570168599243,6.719680192084717],[115.55158358157591,6.752110285283328],[115.4986300689993,6.786389599660044],[115.44690521524316,6.822476772865853],[115.39647164246149,6.860328255116938],[115.34739045386313,6.899898360681996],[115.29972116127516,6.941139321891441],[115.25352161446438,6.984001345604516],[115.20884793228859,7.02843267207045],[115.16575443574871,7.074379636116233],[115.12429358300976,7.121786730590863],[115.08451590645713,7.170596671995139],[115.04646995185159,7.220750468223526],[115.01020221964578,7.272187488342053],[114.97575710852169,7.324845534325541],[114.94317686120753,7.378660914674924],[114.9125015126304,7.433568519833945],[114.88376884045923,7.489501899323538],[114.85701431809127,7.546393340509272],[114.83227107013357,7.604173948917718],[114.80956983042935,7.662773730014299],[114.78893890267787,7.7221216723552315],[114.77040412369551,7.7821458320242405],[114.75398882936342,7.842773418263175],[114.73971382330714,7.903930880205152],[114.72759734835132,7.96554399461707],[114.71765506079215,8.027537954557037],[114.70990000752876,8.089837458851548],[114.70434260609322,8.152366802296],[114.70099062761847,8.215049966479903],[114.69984918278104,8.277810711139017],[114.70092071075501,8.340572665933239],[114.70420497121188,8.403259422549798],[114.70969903939887,8.46579462702895]]]}},{"type":"Feature","properties":{"group":"C6","age_Ma":2.0,"plate_id":8031,"material":"inherited nucleus parcel; radius 200 km","area_km2":125627.88959134773},"geometry":{"type":"Polygon","coordinates":[[[166.973116780807,-10.8534088946895],[166.93536565029362,-10.802759745359598],[166.89944878358918,-10.750843767273738],[166.86540931948446,-10.697724808135005],[166.83328802583418,-10.6434681558102],[166.8031232543778,-10.588140455957046],[166.77495089889192,-10.531809628188677],[166.74880435668933,-10.474544780889813],[166.724714493475,-10.416416124799747],[166.7027096115627,-10.357494885476799],[166.68281542145291,-10.297853214758508],[166.66505501676482,-10.237564101331994],[166.6494488525149,-10.17670128052743],[166.63601472672616,-10.11533914344763],[166.62476776535286,-10.05355264554567],[166.615720410497,-9.991417214761164],[166.6088824118944,-9.929008659325834],[166.60426082164255,-9.866403075346456],[166.60185999214,-9.80367675427376],[166.60168157720568,-9.740906090363305],[166.6037245363436,-9.678167488234017],[166.6079851421166,-9.61553727062819],[166.61445699059075,-9.553091586476175],[166.62313101481146,-9.490906319366983],[166.6339955012693,-9.429056996525107],[166.6470361093142,-9.36761869839209],[166.66223589347288,-9.306665968911236],[166.6795753286269,-9.246272726610522],[166.69903233800335,-9.186512176579296],[166.72058232393306,-9.127456723432156],[166.74419820132806,-9.069177885351676],[166.76985043382953,-9.011746209301275],[166.797507072577,-8.955231187497125],[166.8271337975478,-8.899701175227387],[166.85869396141572,-8.845223310104982],[166.89214863587605,-8.791863432839174],[166.92745666038294,-8.739686009609656],[166.96457469324488,-8.688754056124834],[167.00345726502164,-8.639129063445395],[167.0440568341657,-8.590870925651425],[167.0863238448492,-8.544037869430891],[167.1302067869154,-8.49868638566498],[167.1756522578948,-8.454871163083418],[167.22260502702025,-8.412645024062614],[167.27100810117733,-8.372058862635852],[167.3208027927229,-8.333161584783767],[167.37192878910304,-8.296000051070727],[167.42432422419992,-8.260619021691124],[167.47792575133528,-8.227061103986449],[167.5326686178565,-8.195366702492121],[167.58848674122825,-8.165573971571032],[167.64531278655315,-8.137718770686565],[167.70307824543963,-8.111834622367487],[167.76171351613658,-8.087952672911927],[167.82114798485043,-8.066101655876572],[167.8813101081595,-8.046307858393071],[167.94212749643816,-8.028595090351226],[168.00352699820266,-8.012984656485047],[168.06543478528758,-7.999495331394678],[168.12777643876265,-7.988143337533189],[168.1904770354951,-7.978942326185418],[168.25346123526572,-7.9719033614604005],[168.31665336834223,-7.967034907317134],[168.3799775234147,-7.96434281763908],[168.44335763579664,-7.963830329369306],[168.50671757579477,-7.965498058714339],[168.5699812371504,-7.969344000421594],[168.63307262545493,-7.975363530130953],[168.6959159464424,-7.983549409797879],[168.75843569406155,-7.99389179618146],[168.8205567382321,-8.006378252387035],[168.88220441218667,-8.020993762450182],[168.9433045993059,-8.037720748943656],[169.00378381935008,-8.056539093587293],[169.06356931399517,-8.077426160835621],[169.12258913158055,-8.100356824415753],[169.18077221097732,-8.125303496783793],[169.2380484644886,-8.15223616146553],[169.2943488596928,-8.18112240824338],[169.34960550014517,-8.2119274711483],[169.40375170485086,-8.244614269213582],[169.45672208642947,-8.279143449942282],[169.508452627888,-8.315473435439479],[169.55888075792438,-8.353560471156467],[169.60794542468443,-8.39335867719144],[169.65558716789616,-8.434820102089498],[169.70174818930985,-8.477894779080929],[169.74637242137084,-8.52253078469623],[169.7894055940566,-8.568674299691983],[169.83079529980992,-8.616269672221868],[169.8704910565026,-8.665259483182576],[169.90844436836514,-8.715584613664587],[169.9446087848205,-8.767184314434177],[169.9789399571597,-8.819996277372832],[170.0113956930016,-8.87395670879649],[170.04193600847682,-8.929000404577673],[170.0705231780811,-8.985060826989464],[170.09712178214085,-9.042070183191209],[170.12169875183764,-9.099959505272205],[170.14422341173864,-9.158658731769195],[170.16466751978044,-9.218096790571973],[170.18300530465524,-9.278201683129774],[170.19921350055,-9.338900569869622],[170.2132713791887,-9.400119856736767],[170.22516077913022,-9.461785282765364],[170.234866132274,-9.523822008587299],[170.242374487528,-9.586154705783986],[170.24767553159333,-9.64870764698637],[170.25076160682102,-9.711404796626205],[170.25162772609912,-9.774169902239576],[170.25027158472713,-9.836926586224239],[170.24669356923823,-9.89959843794903],[170.24089676312983,-9.962109106113491],[170.23288694946623,-10.024382391254074],[170.22267261031686,-10.086342338292333],[170.21026492299774,-10.147913329018861],[170.1956777530848,-10.209020174405914],[170.17892764417093,-10.269588206640224],[170.16003380434083,-10.329543370766523],[170.13901808934096,-10.38881231583157],[170.11590498242614,-10.447322485416342],[170.09072157086592,-10.50500220744533],[170.06349751910045,-10.561780783158701],[170.03426503853728,-10.617588575134054],[170.0030588539869,-10.672357094243731],[169.9699161667392,-10.726019085432355],[169.93487661428733,-10.778508612200843],[169.89798222671246,-10.829761139680741],[169.85927737974748,-10.879713616185363],[169.81880874454436,-10.928304553122846],[169.77662523417607,-10.975474103157259],[169.7327779469107,-11.02116413650488],[169.68732010630112,-11.065318315254665],[169.64030699814296,-11.107882165600524],[169.59179590435795,-11.148803147878377],[169.54184603386875,-11.188030724299269],[169.4905184505385,-11.225516424274488],[169.4378759982552,-11.261213907229777],[169.38398322324946,-11.295079022808464],[169.32890629373995,-11.32706986836694],[169.27271291701092,-11.357146843668607],[169.21547225403032,-11.385272702686361],[169.15725483172642,-11.41141260242742],[169.09813245304787,-11.435534148698105],[169.03817810493615,-11.457607438731593],[168.9774658643501,-11.477605100604793],[168.91607080248372,-11.495502329377493],[168.85406888732822,-11.511276919889813],[168.79153688473198,-11.524909296161312],[168.72855225811767,-11.536382537339959],[168.66519306702128,-11.545682400154636],[168.6015378646201,-11.552797337831695],[168.5376655944212,-11.557718515441545],[168.47365548628474,-11.560439821647812],[168.40958695195766,-11.560957876837978],[168.34553948029713,-11.559272037621023],[168.2815925323611,-11.555384397683747],[168.21782543654712,-11.549299785004155],[168.1543172839579,-11.541025755427436],[168.09114682417237,-11.530572582615406],[168.0283923615995,-11.51795324438814],[167.9661316525904,-11.503183405481586],[167.90444180348084,-11.486281396752819],[167.8433991697336,-11.467268190869374],[167.78307925634755,-11.446167374525887],[167.72355661969365,-11.423005117237247],[167.66490477093564,-11.39781013676295],[167.60719608118683,-11.370613661222901],[167.5505016885498,-11.341449387970172],[167.4948914071779,-11.310353439291639],[167.44043363849434,-11.277364315011507],[167.38719528469443,-11.242522842078253],[167.33524166465278,-11.205872121218887],[167.28463643234855,-11.167457470748966],[167.23544149791442,-11.127326367630438],[167.18771695140913,-11.085528385872502],[167.1415209894043,-11.042115132374407],[167.09690984446996,-10.997140180311193],[167.05393771763488,-10.950659000166612],[167.01265671389163,-10.902728888519094],[166.973116780807,-10.8534088946895]]]}},{"type":"Feature","properties":{"group":"C1","age_Ma":5.0,"plate_id":101,"material":"inherited nucleus parcel; radius 200 km","area_km2":125627.88959134815},"geometry":{"type":"Polygon","coordinates":[[[-31.239309299290692,23.001499631292003],[-31.279956319352667,22.9511036453576],[-31.32245730702988,22.902032629503402],[-31.36675988664309,22.854344862231134],[-31.412809712983606,22.808096924062514],[-31.46055053792316,22.763343635627265],[-31.50992427834908,22.720137997866132],[-31.560871085358333,22.67853113439236],[-31.613329414644934,22.638572236053836],[-31.66723609801719,22.600308507735303],[-31.722526415983875,22.563785117439462],[-31.77913417134822,22.529045147682954],[-31.83699176375188,22.496129549242042],[-31.896030265111207,22.465077097280997],[-31.956179495889323,22.43592434989438],[-32.01736810214961,22.40870560909244],[-32.079523633336116,22.383452884257824],[-32.14257262072739,22.360195858099097],[-32.20644065651196,22.338961855125312],[-32.27105247343305,22.31977581266452],[-32.33633202495194,22.302660254446188],[-32.40220256587862,22.28763526676665],[-32.46858673342021,22.27471847725481],[-32.53540662859711,22.263925036252825],[-32.602583897976984,22.25526760082524],[-32.670039815678024,22.24875632140825],[-32.737695365591854,22.244398831108267],[-32.805471323777596,22.24220023765761],[-32.87328834097835,22.242163118033364],[-32.941067025211154,22.24428751574258],[-33.008728024382215,22.248570940776688],[-33.07619210887872,22.25500837223424],[-33.1433802540885,22.26359226361088],[-33.21021372279907,22.27431255075202],[-33.276614147427374,22.28715666246333],[-33.342503612031194,22.302109533770555],[-33.40780473405352,22.31915362181995],[-33.47244074575008,22.338268924407434],[-33.53633557525136,22.359433001123517],[-33.599413927208474,22.382620997098766],[-33.661601362973435,22.407805669332767],[-33.72282438026236,22.43495741558822],[-33.783010492251485,22.464044305829297],[-33.842088306053185,22.495032116181687],[-33.89998760052047,22.527884365390968],[-33.95663940332607,22.562562353752472],[-34.01197606726251,22.59902520448572],[-34.065931345707945,22.63722990752373],[-34.1184404672016,22.677131365685785],[-34.16944020907149,22.718682443201665],[-34.218868970056114,22.76183401655136],[-34.26666684185939,22.806535027585447],[-34.31277567957809,22.852732538886546],[-34.35713917093756,22.90037179133291],[-34.39970290427167,22.94939626382217],[-34.44041443517903,22.999747735111278],[-34.4792233517871,23.05136634772786],[-34.51608133855298,23.10419067390507],[-34.55094223852746,23.158157783491067],[-34.58376211400662,23.213203313781435],[-34.61449930549307,23.26926154122145],[-34.643114488886674,23.326265454922424],[-34.6695707308212,23.384146831934608],[-34.69383354206209,23.442836314216382],[-34.71587092887737,23.50226348723741],[-34.73565344229112,23.56235696015114],[-34.75315422512703,23.623044447468743],[-34.768349056747,23.684252852165045],[-34.781216395387524,23.74590835014327],[-34.79173741799434,23.807936475983265],[-34.79989605745464,23.870262209894648],[-34.80567903712373,23.93281006579372],[-34.80907590254209,23.995504180419097],[-34.810079050237114,24.05826840339929],[-34.80868375350441,24.121026388180574],[-34.80488818506102,24.183701683721612],[-34.798693436464916,24.246217826857343],[-34.790103534194394,24.30849843523125],[-34.779125452282564,24.3704673006922],[-34.76576912140288,24.432048483048128],[-34.750047434304584,24.493166404065903],[-34.73197624749889,24.553745941603324],[-34.71157437910013,24.61371252375569],[-34.68886360272997,24.67299222289611],[-34.66386863739751,24.731511849486395],[-34.636617133273134,24.789199045531202],[-34.6071396532796,24.8459823775461],[-34.575469650431536,24.90179142890732],[-34.541643440860284,24.95655689144822],[-34.505700172470895,25.010210656165686],[-34.467681789185434,25.062685902897055],[-34.42763299073667,25.11391718882723],[-34.38560118798701,25.163840535683203],[-34.341636453757154,25.212393515473234],[-34.2957914691616,25.259515334625906],[-34.248121465458844,25.305146916385254],[-34.19868416143782,25.349230981316957],[-34.147539696374395,25.391712125782007],[-34.094750558604964,25.43253689823444],[-34.040381509778776,25.471653873201554],[-33.984499504863514,25.509013722806625],[-33.92717360799391,25.544569285696547],[-33.868474904266606,25.57827563323942],[-33.808476407599386,25.610090132860915],[-33.74725296478691,25.639972508391416],[-33.68488115589941,25.667884897300862],[-33.621439191184244,25.693791904702223],[-33.55700680464448,25.717660654011272],[-33.49166514448118,25.739460834154283],[-33.42549666059864,25.75916474322295],[-33.358584989384234,25.776747328481882],[-33.291014835985656,25.792186222641412],[-33.22287185431818,25.805461776315617],[-33.15424252504544,25.81655708659361],[-33.08521403178416,25.825458021660555],[-33.01587413579312,25.832153241412787],[-32.9463110494107,25.83663421402065],[-32.87661330851324,25.838895228401757],[-32.806869644268836,25.838933402575975],[-32.737168854465594,25.83674868788336],[-32.66759967469425,25.832343869055403],[-32.59825064966695,25.82572456013944],[-32.52921000495176,25.816899196285274],[-32.460565519401975,25.80587902141312],[-32.392404398555996,25.792678071790554],[-32.324813149278405,25.77731315555574],[-32.25787745590862,25.759803828233313],[-32.19168205817628,25.74017236429749],[-32.126310631135084,25.71844372484661],[-32.06184566735789,25.694645521459755],[-31.998368361626916,25.668807976316426],[-31.93595849834204,25.640963878665126],[-31.874694341858618,25.611148537735975],[-31.81465252995532,25.579399732198016],[-31.755907970618424,25.545757656268382],[-31.698533742318048,25.51026486258675],[-31.64260099793544,25.472966201972824],[-31.588178872489483,25.43390876019072],[-31.535334394794468,25.393141791847352],[-31.484132403167425,25.350716651556397],[-31.43463546528971,25.30668672250236],[-31.386903802311934,25.26110734254243],[-31.340995217278188,25.214035727986133],[-31.296965027931254,25.165530895193832],[-31.25486600394598,25.115653580138],[-31.214748308626167,25.064466156070694],[-31.17665944508554,25.012032549441784],[-31.14064420692223,24.958418154212495],[-31.106744633383737,24.903689744708334],[-31.074999969007106,24.84791538715488],[-31.04544662771037,24.791164350038446],[-31.018118161298197,24.733507013432906],[-30.993045232338048,24.67501477743146],[-30.970255591352107,24.615759969820406],[-30.949774058263777,24.555815753130236],[-30.931622508028997,24.495256031195908],[-30.915819860376605,24.434155355356207],[-30.902382073575964,24.372588830419165],[-30.891322142144233,24.310632020517062],[-30.8826500984022,24.24836085497206],[-30.87637301778253,24.185851534289945],[-30.872495027791675,24.123180436395913],[-30.871017320524203,24.060424023223938],[-30.87193816862563,23.99765874776658],[-30.875252944598806,23.93496096169009],[-30.88095414334824,23.87240682361494],[-30.88903140785531,23.810072208160296],[-30.899471557878332,23.748032615845215],[-30.912258621571183,23.686363083938808],[-30.9273738699152,23.625138098346493],[-30.944795853860146,23.564431506616575],[-30.964500444071305,23.504316432149505],[-30.986460873181546,23.44486518968777],[-31.010647780449045,23.38614920216209],[-31.037029258723212,23.328238918967052],[-31.065570903624085,23.271203735736016],[-31.09623586484168,23.21511191568299],[-31.12898489946589,23.1600305125761],[-31.163776427257947,23.106025295405658],[-31.20056658777874,23.053160674806367],[-31.239309299290692,23.001499631292003]]]}},{"type":"Feature","properties":{"group":"C2","age_Ma":5.0,"plate_id":201,"material":"inherited nucleus parcel; radius 200 km","area_km2":125627.88959134826},"geometry":{"type":"Polygon","coordinates":[[[-98.47784420096791,-0.3170756331251848],[-98.4808178268632,-0.3797760720351639],[-98.48597688717372,-0.4423346256617065],[-98.49331516575204,-0.5046751462976539],[-98.50282380599985,-0.566721748425131],[-98.51449132093585,-0.6283989004158601],[-98.52830360631289,-0.6896315158390829],[-98.54424395677722,-0.7503450442744026],[-98.56229308505999,-0.8104655615263628],[-98.5824291441898,-0.8699198591374084],[-98.60462775271218,-0.9286355330967768],[-98.6288620228997,-0.9865410716429587],[-98.65510259193402,-1.0435659420568633],[-98.68331765603821,-1.0996406763449391],[-98.71347300753497,-1.1546969557099116],[-98.74553207480366,-1.2086676937094667],[-98.77945596510544,-1.261487118001884],[-98.81520351024278,-1.3130908505798426],[-98.85273131501627,-1.3634159863940656],[-98.8919938084378,-1.4124011702691766],[-98.93294329765541,-1.4599866720155183],[-98.97553002454171,-1.5061144596422453],[-99.01970222489288,-1.5507282705778314],[-99.06540619018203,-1.593773680806277],[-99.1125863318058,-1.6351981718289017],[-99.16118524775911,-1.6749511953630263],[-99.2111437916685,-1.7129842356921674],[-99.26240114410984,-1.7492508695829991],[-99.31489488613217,-1.7837068236887423],[-99.3685610749046,-1.8163100293591006],[-99.42333432139901,-1.8470206747818794],[-99.47914787001656,-1.8758012543831977],[-99.53593368006229,-1.902616615416184],[-99.5936225089673,-1.9274340016729443],[-99.65214399715423,-1.950223094256207],[-99.71142675443778,-1.970956049352987],[-99.77139844784857,-1.9896075329543357],[-99.83198589076409,-2.00615475247105],[-99.89311513322878,-2.0205774851991736],[-99.95471155334072,-2.032858103592276],[-100.01669994958066,-2.042981597303864],[-100.07900463395595,-2.0509355919668253],[-100.1415495258304,-2.056710364681506],[-100.20425824630857,-2.0602988561894944],[-100.2670542130421,-2.061696679714878],[-100.32986073532429,-2.0609021264590055],[-100.3926011093381,-2.0579161677414954],[-100.45519871342287,-2.052742453783196],[-100.51757710322451,-2.0453873091337496],[-100.57966010659457,-2.0358597247500323],[-100.64137191810387,-2.0241713467380444],[-100.70263719303831,-2.0103364617745867],[-100.76338114074426,-1.9943719792311192],[-100.82352961719478,-1.976297410026233],[-100.8830092166482,-1.956134842238492],[-100.94174736227384,-1.9339089135158662],[-100.99967239562243,-1.9096467803224284],[-101.05671366482112,-1.8833780840678507],[-101.11280161137712,-1.8551349141690032],[-101.16786785547657,-1.8249517680974958],[-101.2218452796695,-1.79286550847096],[-101.27466811083545,-1.7589153172493361],[-101.32627200032854,-1.7231426471017308],[-101.37659410220421,-1.685591170012043],[-101.42557314943532,-1.6463067231958848],[-101.47314952802873,-1.6053372524032605],[-101.51926534895811,-1.5627327526850487],[-101.56386451783355,-1.5185452067044793],[-101.60689280223247,-1.4728285206760656],[-101.64829789662107,-1.425638458017896],[-101.68802948480013,-1.3770325708048652],[-101.72603929981273,-1.3270701291128824],[-101.76228118125657,-1.2758120483445106],[-101.79671112994671,-1.2233208146305212],[-101.82928735987971,-1.1696604084008517],[-101.85997034745313,-1.1148962262212365],[-101.88872287789862,-1.0590950009928377],[-101.91551008889081,-1.0023247206126682],[-101.94029951129654,-0.944654545193889],[-101.96306110703381,-0.8861547229460842],[-101.98376730401182,-0.8268965048158319],[-102.00239302812717,-0.7669520579886655],[-102.0189157322938,-0.7063943783543287],[-102.03331542248726,-0.6452972020371702],[-102.04557468078609,-0.583734916094039],[-102.0556786853961,-0.5217824684826582],[-102.06361522764506,-0.4595152774032365],[-102.06937472593779,-0.39700914011615596],[-102.07295023666387,-0.3343401413397022],[-102.07433746205199,-0.27158456133036135],[-102.07353475496694,-0.20881878374961976],[-102.07054312064744,-0.14611920342054263],[-102.06536621538423,-0.08356213407730793],[-102.05801034214056,-0.021223716211613876],[-102.04848444311827,0.04082017488110642],[-102.0368000892751,0.10249402075260233],[-102.02297146680043,0.1637227510459921],[-102.00701536055867,0.22443183423112562],[-101.98895113451206,0.284547367727551],[-101.96880070913573,0.34399616731332144],[-101.94658853584113,0.4027058557164202],[-101.92234156842572,0.4606049502879997],[-101.89608923156942,0.5176229496546598],[-101.86786338640084,0.5736904192496992],[-101.8376982931592,0.6287390756221033],[-101.80563057098063,0.6827018694238003],[-101.77169915484029,0.7355130669753105],[-101.73594524968593,0.7871083303124528],[-101.69841228180019,0.8374247956151386],[-101.65914584743425,0.8864011499231177],[-101.61819365875765,0.9339777060428516],[-101.57560548717356,0.9800964755512628],[-101.53143310405262,1.0247012398044584],[-101.48573021894224,1.0677376188599943],[-101.43855241531236,1.1091531382239659],[-101.38995708390337,1.148897293335231],[-101.3400033537451,1.186921611702288],[-101.28875202092128,1.2231797126094017],[-101.23626547515725,1.2576273643121672],[-101.18260762431342,1.2902225386443538],[-101.1278438168713,1.3209254629616416],[-101.07204076250301,1.349698669349881],[-101.01526645081925,1.3765070410299296],[-100.95759006839523,1.4013178558931014],[-100.89908191417749,1.4241008271061395],[-100.83981331337839,1.4448281407273043],[-100.77985652996949,1.4634744902798982],[-100.71928467788689,1.4800171082329705],[-100.6581716310663,1.494435794343591],[-100.59659193242793,1.5067129408190572],[-100.53462070193387,1.5168335542623512],[-100.47233354384315,1.5247852743681538],[-100.4098064532919,1.5305583893419614],[-100.34711572232784,1.5341458480193506],[-100.28433784552942,1.5355432686672559],[-100.22154942534132,1.5347489444541738],[-100.15882707725893,1.5317638455813505],[-100.09624733499454,1.526591618071382],[-100.03388655575807,1.5192385792162],[-99.97182082578497,1.5097137096914193],[-99.91012586624336,1.4980286423485576],[-99.84887693965096,1.4841976477019883],[-99.78814875693185,1.4682376161320212],[-99.72801538524028,1.4501680368307441],[-99.66855015667811,1.4300109735215376],[-99.60982557802858,1.4077910369879452],[-99.55191324162807,1.3835353544523188],[-99.49488373749328,1.3572735358486012],[-99.43880656681903,1.3290376370381551],[-99.38375005695809,1.2988621200220032],[-99.32978127799112,1.2667838102054727],[-99.27696596099062,1.2328418507769112],[-99.22536841807955,1.197077654264091],[-99.17505146438073,1.1595348513362371],[-99.12607634194893,1.1202592369226738],[-99.07850264577391,1.079298713722116],[-99.03238825193793,1.0367032331794281],[-98.98778924800672,0.9925247340096593],[-98.94475986572932,0.9468170783512332],[-98.90335241611741,0.899635985633098],[-98.86361722697029,0.8510389642421283],[-98.82560258290815,0.801085241079736],[-98.78935466797147,0.74983568909784],[-98.7549175108409,0.6973527529064427],[-98.72233293272743,0.6437003725464048],[-98.6916404979797,0.5889439055221605],[-98.66287746745081,0.5331500471908015],[-98.63607875466397,0.4763867496046033],[-98.61127688481284,0.41872313890510293],[-98.58850195662907,0.3602294313679306],[-98.56778160714661,0.30097684819791615],[-98.54914097938934,0.2410375291751926],[-98.53260269300593,0.18048444525284726],[-98.518186817873,0.11939131020799001],[-98.5059108506853,0.05783249144785565],[-98.49578969454923,-0.0041170799271468776],[-98.48783564159392,-0.06638199970020023],[-98.48205835861135,-0.12888648165275693],[-98.47846487573595,-0.19155444911364078],[-98.47705957817094,-0.2543096268397757],[-98.47784420096791,-0.3170756331251848]]]}},{"type":"Feature","properties":{"group":"C3","age_Ma":5.0,"plate_id":601,"material":"inherited nucleus parcel; radius 200 km","area_km2":125627.88959134846},"geometry":{"type":"Polygon","coordinates":[[[52.38276472973677,-8.753293461865052],[52.39347343494309,-8.691421432791866],[52.406355061443385,-8.6299558855175],[52.42139294489059,-8.568971418233703],[52.43856784148777,-8.508542012045723],[52.4578579552451,-8.448740942754641],[52.47923896802313,-8.389640693604019],[52.502684072317265,-8.331312869084291],[52.528164006737214,-8.273828109886233],[52.555647094134066,-8.217256009093962],[52.585099282326176,-8.161665029706777],[52.6164841873748,-8.107122423577136],[52.64976313935813,-8.053694151851559],[52.6848952305918,-8.001444806998878],[52.72183736624296,-7.950437536509651],[52.760544317282026,-7.900733968348357],[52.80096877571686,-7.852394138238982],[52.843061412051014,-7.8054764188624],[52.886770934906586,-7.760037451042857],[52.93204415275059,-7.716132076998589],[52.97882603766171,-7.673813275730385],[53.02705979107265,-7.633132100618672],[53.07668691142134,-7.594137619299665],[53.12764726364203,-7.556876855887274],[53.17987915042562,-7.521394735605851],[53.2333193851765,-7.487734031896986],[53.28790336659057,-7.455935316060221],[53.34356515477783,-7.4260369094861005],[53.40023754885029,-7.398074838536189],[53.45785216589384,-7.372082792122924],[53.516339521241356,-7.348092082039031],[53.57562910996149,-7.326131606082616],[53.635649489476144,-7.306227814022291],[53.69632836321807,-7.288404676442146],[53.757592665237574,-7.272683656504292],[53.81936864566643,-7.259083684662604],[53.88158195694498,-7.247621136358156],[53.944157740717806,-7.238309812723404],[54.00702071530113,-7.231160924318534],[54.07009526362518,-7.226183077919606],[54.133305521552856,-7.223382266374844],[54.19657546647606,-7.222761861541352],[54.25982900609033,-7.2243226103106375],[54.322990067247495,-7.228062633728629],[54.385982684787145,-7.233977429209901],[54.44873109024645,-7.242059875845047],[54.51115980034905,-7.252300242793166],[54.5731937051735,-7.264686200750264],[54.63475815590288,-7.279202836479089],[54.69577905205754,-7.295832670382803],[54.756182928114285,-7.314555677101035],[54.81589703941598,-7.335349309103611],[54.874849447277306,-7.35818852325311],[54.93296910319346,-7.383045810304763],[54.99018593206018,-7.409891227307701],[55.046430914315614,-7.438692432869667],[55.10163616691541,-7.4694147252426015],[55.155735023055,-7.502021083184951],[55.20866211055499,-7.536472209551852],[55.26035342882714,-7.572726577562996],[55.310746424340444,-7.610740479694331],[55.3597800645096,-7.650468079137064],[55.407394909929415,-7.691861463765131],[55.45353318488107,-7.734870702549607],[55.498138846038636,-7.779443904356524],[55.5411576493055,-7.82552727906163],[55.5825372147129,-7.873065200914078],[55.62222708931502,-7.922000274078718],[55.66017880801581,-7.972273400284388],[55.69634595226613,-8.023823848504486],[55.730684206570125,-8.076589326593389],[55.76315141274243,-8.130506054801087],[55.793707621858815,-8.185508841086618],[55.8223151438448,-8.241531158149478],[55.84893859464796,-8.298505222095828],[55.87354494094091,-8.356362072656353],[55.8961035423039,-8.415031654869376],[55.91658619083615,-8.474442902142766],[55.93496714814725,-8.534523820606498],[55.95122317968045,-8.595201574665712],[55.9653335863208,-8.656402573663607],[55.97728023324262,-8.718052559562304],[55.987047575951365,-8.780076695547017],[55.99462268347615,-8.842399655459998],[55.99999525867045,-8.904945713967201],[56.00315765557973,-8.967638837360532],[56.00410489383537,-9.030402774897578],[56.00283467003669,-9.093161150578066],[55.99934736608283,-9.15583755525678],[55.993646054419166,-9.218355638989886],[55.985736500164144,-9.280639203512091],[55.97562716008338,-9.342612294738961],[55.96332917838192,-9.40419929518921],[55.94885637928556,-9.465325016220014],[55.932225256386396,-9.525914789966963],[55.913454958729744,-9.585894560880256],[55.8925672736222,-9.645190976746507],[55.869586606144786,-9.70373147908632],[55.844539955358094,-9.761444392814816],[55.81745688718994,-9.8182590150542],[55.788369504000926,-9.874105702984778],[55.757312410827005,-9.928915960621174],[55.724322678303196,-9.982622524400917],[55.68943980227765,-10.0351594474708],[55.65270566013025,-10.086462182558453],[55.61416446381624,-10.136467663314669],[55.57386270965986,-10.185114384014634],[55.53184912493098,-10.232342477504583],[55.48817461124205,-10.278093791283549],[55.442892184810965,-10.322311961608627],[55.396056913640784,-10.364942485515787],[55.347725851675236,-10.405932790647942],[55.297957969995174,-10.445232302784905],[55.246814085128854,-10.482792510971905],[55.19435678455551,-10.518567030145267],[55.14065034948943,-10.552511661156714],[55.08576067503854,-10.584584448101285],[55.029755187839235,-10.614745732856184],[54.97270276127492,-10.642958206741895],[54.914673628394404,-10.66918695922086],[54.855739292651506,-10.693399523552733],[54.79597243659454,-10.715565919329658],[54.73544682864024,-10.735658691820085],[54.67423722807255,-10.753652948053581],[54.612419288412674,-10.769526389585039],[54.55006945931137,-10.783259341881932],[54.48726488711971,-10.794834780282896],[54.42408331429857,-10.804238352483015],[54.36060297783104,-10.811458397505668],[54.296902506805125,-10.816485961128022],[54.23306081933715,-10.819314807732967],[54.16915701900812,-10.819941428565533],[54.10527029098718,-10.818365046380618],[54.04147979801743,-10.814587616472295],[53.97786457643948,-10.808613824083965],[53.914503432428496,-10.800451078203233],[53.85147483861918,-10.790109501753161],[53.78885683129244,-10.777601918196545],[53.7267269082952,-10.762943834577799],[53.66516192786209,-10.746153421031684],[53.604238008506066,-10.727251486795323],[53.54403043013929,-10.706261452765418],[53.48461353658373,-10.683209320648487],[53.42606063962533,-10.658123638757573],[53.368443924760335,-10.631035464514559],[53.31183435877847,-10.601978323721601],[53.256301599320054,-10.570988166671778],[53.20191390653963,-10.538103321171835],[53.1487380570016,-10.50336444255617],[53.096839259926796,-10.466814460774312],[53.04628107590254,-10.428498524638352],[52.99712533816122,-10.388463943321161],[52.949432076525866,-10.346760125198356],[52.90325944411346,-10.303438514131471],[52.858663646880444,-10.258552523291314],[52.815698876086316,-10.212157466624463],[52.774417243745475,-10.164310488066683],[52.73486872112965,-10.115070488610014],[52.697101080375916,-10.06449805133205],[52.66115983924959,-10.01265536449637],[52.6270882091036,-9.959606142835668],[52.59492704606975,-9.905415547129246],[52.5647148055116,-9.850150102187293],[52.536487499761826,-9.793877613355615],[52.51027865916177,-9.736667081653541],[52.48611929641532,-9.678588617659726],[52.464037874264,-9.619713354258396],[52.444060276485146,-9.56011335835987],[52.42620978221095,-9.499861541708748],[52.410507043561026,-9.43903157089173],[52.39697006657807,-9.377697776657337],[52.38561419545199,-9.315935062658728],[52.376452100014156,-9.253818813730028],[52.36949376648121,-9.191424803805804],[52.3647464914241,-9.128829103591798],[52.36221487893568,-9.066107988095101],[52.36190084096807,-9.003337844120004],[52.363803600808545,-8.940595077834162],[52.36791969966057,-8.877956022510498],[52.37424300629525,-8.815496846546761],[52.38276472973677,-8.753293461865052]]]}},{"type":"Feature","properties":{"group":"C4","age_Ma":5.0,"plate_id":712,"material":"inherited nucleus parcel; radius 200 km","area_km2":125628.00272921874},"geometry":{"type":"Polygon","coordinates":[[[-40.31049599857434,-88.23510675612971],[-38.840861376328135,-88.27918362302287],[-37.34642220503022,-88.3236626553945],[-35.82491214312113,-88.36852034479058],[-34.273792822949865,-88.41373185226492],[-32.69021301656077,-88.45927082711242],[-31.070960545931428,-88.50510919043938],[-29.412405475673843,-88.55121687578473],[-27.710432808901967,-88.59756151703853],[-25.96036252169834,-88.6441080714185],[-24.156854307826997,-88.69081836206514],[-22.293793854190675,-88.73765052071471],[-20.36415682627362,-88.78455830565471],[-18.359846021882348,-88.83149026339807],[-16.27149638838894,-88.87838869386246],[-14.088241882152996,-88.92518836780769],[-11.79743766191945,-88.97181493135612],[-9.38433120234065,-89.01818291517814],[-6.831677235720853,-89.06419324509599],[-4.119295130711007,-89.10973012708642],[-1.2235753875794535,-89.15465715501993],[1.8830422875714456,-89.19881246954223],[5.23256798785266,-89.24200279323958],[8.861836205744597,-89.28399620452147],[12.812571994101221,-89.32451363452931],[17.130837600965556,-89.36321935327109],[21.865372043462028,-89.39971126901763],[27.064134055474174,-89.43351284547623],[32.76822714172475,-89.46406995333025],[39.00255307722076,-89.49075788762245],[45.76338992060107,-89.5129053502992],[53.004974441878154,-89.5298416373445],[60.629814345108045,-89.54096804972814],[68.48918909045244,-89.54584350644848],[76.39837550201759,-89.54426139716908],[84.16453309355389,-89.53628970335527],[91.61768297159077,-89.52225750391348],[98.63319480457126,-89.50269370521224],[105.13957470353147,-89.47824240276941],[111.11318552096814,-89.44958209067423],[116.56598467914522,-89.41736564344394],[121.53217310914363,-89.38218505630827],[126.05715912488974,-89.34455664516287],[130.18985988995144,-89.30491977217949],[133.97800857478148,-89.2636429353916],[137.4656731677682,-89.22103294979944],[140.6922106523617,-89.1773447097169],[143.69206523539563,-89.13279026900521],[146.4950150407287,-89.0875467310732],[149.12662446467763,-89.0417628464981],[151.60876333535725,-88.99556440793313],[153.9601191874884,-88.94905860535194],[156.1966674998611,-88.90233751810237],[158.33208639030974,-88.8554809067744],[160.37811374961845,-88.80855844463481],[162.34485041165934,-88.76163150374697],[164.2410153083741,-88.71475458840159],[166.07415917399922,-88.66797648942136],[167.8508431145274,-88.62134121731098],[169.5767877280707,-88.57488875978375],[171.25699770676948,-88.52865569937904],[172.8958661012243,-88.48267571922402],[174.49726174383485,-88.43698001899881],[176.06460272995784,-88.39159765851512],[177.60091834816362,-88.34655584268546],[179.10890142673958,-88.3018801588303],[180.0,-88.2752531165231],[180.0,-90.0],[-43.183260450251396,-90.0],[-43.18326045025142,-90.0],[-180.0,-90.0],[-180.0,-88.2752531165231],[-179.40904728711502,-88.25759477505592],[-177.95078138706003,-88.21372260670043],[-176.51437661374632,-88.170285456473],[-175.09810330730787,-88.12730413282897],[-173.7004027633611,-88.0847985502782],[-172.31986687803496,-88.04278781461676],[-170.95522057245296,-88.00129029555215],[-169.6053065729762,-87.96032368873065],[-168.26907219397685,-87.91990506883549],[-166.9455578277964,-87.88005093513323],[-165.6338868942851,-87.84077725061057],[-164.33325704172145,-87.80209947565717],[-163.0429324235648,-87.76403259709222],[-161.76223690260147,-87.72659115320822],[-160.49054805662857,-87.68978925539142],[-159.2272918786653,-87.65364060680406],[-157.9719380804608,-87.6181585185259],[-156.72399592133215,-87.58335592350642],[-155.4830104954974,-87.54924538861529],[-154.24855942049953,-87.51583912504988],[-153.02024987727177,-87.48314899730718],[-151.79771595914974,-87.45118653091465],[-150.58061629289153,-87.41996291907327],[-149.36863189964683,-87.38948902835475],[-148.16146426802365,-87.35977540357311],[-146.95883361496587,-87.33083227193384],[-145.76047731324647,-87.30266954655148],[-144.56614846701908,-87.2752968294177],[-143.3756146191649,-87.24872341388469],[-142.18865657613188,-87.22295828673059],[-141.00506733768128,-87.19801012985623],[-139.82465112043158,-87.17388732166053],[-138.64722246538486,-87.1505979381397],[-137.47260542073235,-87.12814975374344],[-136.3006327922235,-87.1065502420218],[-135.1311454542315,-87.0858065760927],[-133.96399171539852,-87.06592562895388],[-132.79902673339913,-87.0469139736637],[-131.63611197393615,-87.02877788341027],[-130.47511470958557,-87.01152333148616],[-129.31590755455852,-86.99515599118853],[-128.15836803183316,-86.97968123565244],[-127.0023781694579,-86.96510413763806],[-125.84782412313231,-86.95142946927699],[-124.69459582243843,-86.93866170179109],[-123.54258663833474,-86.9268050051921],[-122.39169306973142,-86.91586324797102],[-121.24181444715148,-86.90583999678299],[-120.09285265164374,-86.89673851613611],[-118.94471184725671,-86.88856176808773],[-117.79729822550422,-86.88131241195576],[-116.65051976036739,-86.87499280404705],[-115.50428597246642,-86.86960499740881],[-114.3585077011204,-86.86515074160481],[-113.21309688308025,-86.86163148251904],[-112.06796633677993,-86.85904836219261],[-110.92302955099473,-86.85740221868946],[-109.77820047683824,-86.85669358600003],[-108.63339332205251,-86.8569226939767],[-107.48852234657002,-86.85808946830699],[-106.34350165833348,-86.86019353052302],[-105.19824500836347,-86.86323419804509],[-104.05266558405688,-86.867210484263],[-102.90667579968442,-86.87212109865133],[-101.76018708303138,-86.87796444691655],[-100.61310965709362,-86.88473863117842],[-99.46535231569771,-86.89244145017894],[-98.31682219186206,-86.9010703995192],[-97.16742451765333,-86.91062267191889],[-96.01706237421547,-86.92109515749765],[-94.86563643056525,-86.93248444407176],[-93.71304466964227,-86.9447868174608],[-92.5591820999893,-86.95799826180327],[-91.40394045130392,-86.97211445986946],[-90.2472078519499,-86.98713079336784],[-89.08886848634654,-87.00304234323777],[-87.92880222995603,-87.01984388991815],[-86.76688425936868,-87.03752991358202],[-85.60298463473168,-87.05609459432931],[-84.43696785148376,-87.07553181232161],[-83.26869235803355,-87.09583514784826],[-82.09801003565076,-87.11699788130731],[-80.92476563642651,-87.13901299308387],[-79.74879617467985,-87.16187316330874],[-78.56993026665538,-87.1855707714725],[-77.38798741273865,-87.21009789587457],[-76.20277721572052,-87.23544631287777],[-75.01409852784036,-87.26160749593669],[-73.82173851842907,-87.28857261437001],[-72.6254716529237,-87.31633253183256],[-71.42505857282794,-87.34487780444464],[-70.22024486481376,-87.37419867853012],[-69.01075970557162,-87.40428508790379],[-67.79631436718239,-87.43512665064485],[-66.57660056567158,-87.46671266527981],[-65.35128863294392,-87.49903210629428],[-64.12002548945719,-87.53207361887058],[-62.88243239167031,-87.56582551274481],[-61.6381024244418,-87.60027575505171],[-60.38659770403348,-87.63541196200751],[-59.12744625207921,-87.67122138926227],[-57.86013849466627,-87.70769092071846],[-56.584123333353205,-87.74480705558545],[-55.29880372631317,-87.78255589339648],[-54.003531707563354,-87.82092311667337],[-52.69760276012141,-87.85989397086142],[-51.38024944449438,-87.89945324110353],[-50.05063416670288,-87.93958522532532],[-48.70784094945975,-87.9802737030241],[-47.35086604544409,-88.02150189903139],[-45.97860720192767,-88.06325244137281],[-44.5898513502363,-88.10550731218983],[-43.183260450251396,-88.14824779046421],[-41.757355167739895,-88.19145438504334],[-40.31049599857434,-88.23510675612971]]]}},{"type":"Feature","properties":{"group":"C5","age_Ma":5.0,"plate_id":8011,"material":"inherited nucleus parcel; radius 200 km","area_km2":125627.88959134852},"geometry":{"type":"Polygon","coordinates":[[[116.478542808516,7.272831086868985],[116.48616502701215,7.335145033888044],[116.49597662869932,7.3971571461280705],[116.50796658812257,7.458791801421571],[116.52212121874709,7.519973804109533],[116.53842418463061,7.580628476751518],[116.55685651529713,7.640681751394497],[116.577396623824,7.700060260292647],[116.60002032815287,7.758691425968907],[116.62470087563014,7.816503550509165],[116.6514089707803,7.873425903978279],[116.6801128063111,7.929388811848417],[116.7107780973454,7.9843237413292805],[116.74336811887083,8.038163386488565],[116.77784374639306,8.090841752053041],[116.81416349977434,8.14229423577979],[116.85228359023327,8.19245770928682],[116.89215797047737,8.241270597234696],[116.93373838793283,8.28867295474949],[116.97697444103258,8.334606542979824],[117.0218136385149,8.379014902680966],[117.06820146168167,8.421843425721477],[117.11608142955639,8.463039424407631],[117.16539516687806,8.502552198524752],[117.21608247485858,8.540333099995578],[117.26808140462671,8.57633559505801],[117.32132833327299,8.610515323867835],[117.37575804240579,8.642830157434481],[117.43130379912004,8.673240251801303],[117.48789743927536,8.70170809938469],[117.54546945297321,8.728198577390888],[117.60394907211676,8.752678993232472],[117.66326435993166,8.775119126870933],[117.7233423023192,8.795491270016257],[117.78410890090953,8.813770262119315],[117.84548926767582,8.829933523096644],[117.90740772096657,8.843961082733838],[117.96978788280894,8.85583560671749],[118.03255277733118,8.86554241925235],[118.09562493014964,8.87306952222482],[118.15892646856223,8.878407610880483],[118.22237922238783,8.881550085988863],[118.28590482528897,8.882493062474524],[118.34942481641356,8.881235374499585],[118.41286074219067,8.877778576989096],[118.47613425811419,8.872126943596708],[118.5391672303491,8.864287461113586],[118.60188183699516,8.854269820331417],[118.66420066884379,8.84208640337344],[118.72604682946591,8.827752267516768],[118.78734403447072,8.811285125532574],[118.84801670977743,8.792705322578279],[118.907990088746,8.772035809680656],[118.96719030801556,8.749302113853982],[119.02554450190406,8.724532304904551],[119.08298089522656,8.697756958976088],[119.13942889439447,8.6690091188962],[119.19481917666354,8.638324251389992],[119.24908377740319,8.605740201229885],[119.30215617526618,8.571297142395915],[119.35397137514298,8.535037526325285],[119.40446598879178,8.497006027332537],[119.45357831304104,8.457249485287063],[119.50124840546799,8.415816845636167],[119.54741815746324,8.372759096866602],[119.59203136459777,8.328129205499915],[119.63503379421518,8.28198204871768],[119.67637325017904,8.234374344719273],[119.71599963471115,8.18536458091135],[119.7538650072627,8.135012940035304],[119.78992364036756,8.083381224336623],[119.82413207243157,8.030532777883945],[119.85644915741878,7.976532407144828],[119.88683611140097,7.921446299927963],[119.91525655594187,7.86534194280085],[119.94167655829322,7.808288037093367],[119.96606466838507,7.75035441359692],[119.98839195259653,7.691611946071111],[120.00863202429885,7.6321324636670616],[120.02676107116659,7.571988662378905],[120.04275787925565,7.511254015633115],[120.05660385385276,7.450002684126646],[120.06828303710246,7.388309425021101],[120.07778212242191,7.326249500604786],[120.08509046571677,7.26389858652835],[120.09020009341413,7.2013326797230315],[120.09310570733058,7.138628006107841],[120.09380468639657,7.075860928191613],[120.0922970852601,7.013107852675617],[120.08858562979452,6.950445138159836],[120.0826757095371,6.887949003057692],[120.07457536708793,6.82569543382062],[120.06429528449802,6.763760093574007],[120.05184876667931,6.702218231265788],[120.03725172186964,6.641144591425778],[120.02052263918678,6.580613324635459],[120.00168256330812,6.520697898804911],[119.98075506631314,6.461471011353422],[119.95776621672705,6.40300450238938],[119.93274454580624,6.34536926898271],[119.90572101110656,6.288635180624444],[119.87672895737781,6.23287099596383],[119.84580407482828,6.178144280914637],[119.81298435480626,6.124521328220136],[119.77831004294544,6.072067078564405],[119.74182358982421,6.020845043317621],[119.70356959918976,5.970917229000224],[119.66359477380065,5.9223440635504785],[119.6219478589426,5.8751843244776385],[119.57867958367522,5.8294950689816165],[119.53384259986886,5.785331566118733],[119.4874914190938,5.742747231090264],[119.43968234742543,5.701793561729744],[119.39047341823238,5.662520077262678],[119.33992432301602,5.6249742594091625],[119.28809634037374,5.5892014958994976],[119.23505226315878,5.555245026468987],[119.1808563239144,5.523145891396165],[119.12557411866064,5.492942882646612],[119.06927252911568,5.464672497680898],[119.01201964343568,5.438368895982626],[118.95388467556013,5.414063858360657],[118.89493788325102,5.391786749074284],[118.83525048491751,5.371564480829333],[118.77489457531948,5.353421482688344],[118.71394304024535,5.337379670934544],[118.65246947026156,5.323458422927232],[118.59054807363323,5.311674553980726],[118.52825358851665,5.302042297296241],[118.46566119452598,5.294573286973195],[118.40284642377772,5.289276544120037],[118.3398850715177,5.286158466083789],[118.27685310643632,5.285222818811271],[118.21382658077752,5.286470732352101],[118.15088154034902,5.289900699509345],[118.08809393453991,5.295508577639239],[118.0255395264529,5.3032875935980295],[117.96329380325739,5.313228351829206],[117.90143188686979,5.325318845581082],[117.84002844506635,5.339544471240366],[117.77915760313294,5.355888045762702],[117.71889285615555,5.374329827179209],[117.65930698205332,5.394847538151677],[117.60047195545465,5.417416392547186],[117.54245886251594,5.44200912499894],[117.48533781677958,5.468596023415418],[117.42917787616663,5.497144964397627],[117.37404696119746,5.5276214515205195],[117.32001177453081,5.55998865643083],[117.26713772191056,5.5942074627113385],[117.2154888346057,5.630236512457402],[117.16512769342798,5.668032255509512],[117.11611535440778,5.707549001282745],[117.06851127620754,5.748738973130406],[117.02237324934872,5.791552365177843],[116.97775732732573,5.835937401558944],[116.93471775967843,5.881840397986167],[116.8933069270913,5.929205825582085],[116.85357527858582,5.977976376899047],[116.81557127086984,6.028093034051038],[116.77934130990504,6.079495138879999],[116.74492969475226,6.132120465077425],[116.71237856375116,6.1859052921797355],[116.68172784308948,6.240784481355255],[116.65301519781471,6.296691552897865],[116.62627598533943,6.353558765342056],[116.60154321148907,6.41131719611221],[116.57884748914007,6.469896823617558],[116.55821699949391,6.529226610703331],[116.53967745603161,6.589234589366759],[116.52325207119083,6.649847946646478],[116.50896152580772,6.710993111591346],[116.49682394136262,6.772595843215194],[116.48685485506867,6.834581319340999],[116.47906719784005,6.8968742262387925],[116.47347127517588,6.9593988489597],[116.4700747509943,7.022079162266877],[116.46888263444936,7.084838922064478],[116.46989726976254,7.147601757223697],[116.47311832909894,7.210291261704284],[116.478542808516,7.272831086868985]]]}},{"type":"Feature","properties":{"group":"C6","age_Ma":5.0,"plate_id":8031,"material":"inherited nucleus parcel; radius 200 km","area_km2":125627.88959134804},"geometry":{"type":"Polygon","coordinates":[[[167.0309313656968,-11.14910663648794],[166.99254751569805,-11.098890016702057],[166.95598521335492,-11.047385677593171],[166.9212883986806,-10.994656990290268],[166.88849865139414,-10.940768792593182],[166.8576551447038,-10.885787307006547],[166.82879460243262,-10.829780057276883],[166.80195125950405,-10.772815783547504],[166.7771568257972,-10.714964356247233],[166.75444045337832,-10.656296688827366],[166.73382870710745,-10.596884649462694],[166.7153455386164,-10.536800971830418],[166.69901226364888,-10.476119165081402],[166.68484754274846,-10.41491342311681],[166.67286736527777,-10.353258533282636],[166.6630850367477,-10.29122978459379],[166.6555111694318,-10.228902875597939],[166.65015367623965,-10.16635382198888],[166.64701776781737,-10.103658864077659],[166.64610595284486,-10.04089437422824],[166.6474180414927,-9.978136764363972],[166.6509511520034,-9.915462393649163],[166.65669972035815,-9.852947476448763],[166.66465551298776,-9.790667990668512],[166.6748076424871,-9.728699586575939],[166.6871425862897,-9.667117496200852],[166.70164420825762,-9.60599644341409],[166.71829378314214,-9.545410554779963],[166.73707002386814,-9.485433271278081],[166.75794911159508,-9.426137260988101],[166.78090472850602,-9.367594332829134],[166.805908093276,-9.309875351445614],[166.83292799916924,-9.253050153328028],[166.861930854714,-9.19718746425749],[166.89288072690408,-9.142354818159877],[166.9257393868728,-9.08861847745536],[166.96046635798638,-9.03604335498663],[166.99701896630143,-8.984692937607853],[167.03535239333053,-8.934629211515277],[167.07541973105836,-8.885912589398],[167.11717203914958,-8.838601839486556],[167.160558404289,-8.792754016574914],[167.2055260015918,-8.748424395089357],[167.25202015802157,-8.70566640427658],[167.2999844177505,-8.66453156558122],[167.34936060939705,-8.625069432280212],[167.4000889150716,-8.587327531440756],[167.45210794116113,-8.55135130826525],[167.50535479078144,-8.517184072884936],[167.55976513782318,-8.484866949661349],[167.61527330251704,-8.454438829052613],[167.67181232844018,-8.425936322098377],[167.72931406088614,-8.39939371757528],[167.78770922651657,-8.374842941871753],[167.8469275142123,-8.352313521628039],[167.90689765704113,-8.331832549184126],[167.96754751525344,-8.313424650876554],[168.02880416022128,-8.297111958219764],[168.09059395923006,-8.282914082006553],[168.1528426610329,-8.270848089357598],[168.21547548207678,-8.260928483747106],[168.2784171933064,-8.2531671880284],[168.34159220745357,-8.247573530479073],[168.40492466671608,-8.24415423388289],[168.4683385307319,-8.242913407660946],[168.53175766475246,-8.243852543061653],[168.5951059279189,-8.246970511415155],[168.6583072615448,-8.252263565454475],[168.7212857773096,-8.259725343701732],[168.78396584526575,-8.269346877913998],[168.84627218156487,-8.28111660358009],[168.90812993580568,-8.295020373456113],[168.96946477791164,-8.311041474122932],[169.03020298444204,-8.329160645546644],[169.09027152424486,-8.349356103618804],[169.14959814335987,-8.371603565649432],[169.20811144908018,-8.395876278783541],[169.2657409930848,-8.42214505130733],[169.32241735355296,-8.450378286808236],[169.37807221617533,-8.480542021148597],[169.4326384539763,-8.512599962211114],[169.48605020586643,-8.546513532369673],[169.53824295384234,-8.582241913637741],[169.5891535987558,-8.619742095443046],[169.63872053457484,-8.658968924974145],[169.68688372106072,-8.699875160043423],[169.73358475478773,-8.742411524406771],[169.77876693843402,-8.786526765479094],[169.82237534827328,-8.83216771438187],[169.86435689979888,-8.879279348257795],[169.90466041141457,-8.927804854783558],[169.9432366661266,-8.97768569881168],[169.98003847117377,-9.028861691069961],[170.01502071553415,-9.08127105884401],[170.0481404252484,-9.134850518568323],[170.07935681649977,-9.189535350248649],[170.10863134639476,-9.245259473636505],[170.13592776138688,-9.301955526076151],[170.16121214328896,-9.359554941941411],[170.1844529528197,-9.417988033579556],[170.20562107063154,-9.477184073676975],[170.22468983576766,-9.53707137896011],[170.24163508149715,-9.597577395144333],[170.25643516847794,-9.658628783040985],[170.26907101519822,-9.720151505732161],[170.27952612564795,-9.78207091672139],[170.28778661417306,-9.84431184896609],[170.29384122746558,-9.90679870469791],[170.29768136364422,-9.969455545933796],[170.29930108838118,-10.032206185580788],[170.2986971480314,-10.094974279035455],[170.29586897972308,-10.15768341617734],[170.290818718368,-10.220257213655124],[170.28355120055366,-10.282619407362175],[170.27407396527937,-10.344693944997216],[170.26239725150165,-10.406405078604768],[170.24853399245595,-10.467677456987458],[170.23249980672367,-10.528436217883753],[170.21431298601792,-10.588607079800026],[170.1939944796616,-10.64811643338797],[170.17156787573833,-10.706891432255029],[170.14705937889624,-10.764860083096131],[170.12049778479204,-10.821951335033303],[170.0919144511648,-10.878095168049146],[170.06134326553467,-10.933222680399993],[170.0288206095252,-10.98726617489364],[169.99438531981474,-11.040159243916317],[169.95807864572632,-11.091836853094046],[169.91994420347226,-11.142235423472478],[169.88002792707542,-11.191292912100808],[169.83837801599464,-11.238948890904835],[169.79504487949058,-11.285144623735526],[169.75008107777094,-11.3298231414806],[169.70354125996744,-11.37292931512656],[169.655482098996,-11.414409926662444],[169.60596222336707,-11.454213737715337],[169.55504214601413,-11.492291555812429],[169.50278419021956,-11.528596298165036],[169.44925241272352,-11.563083052873143],[169.39451252410845,-11.595709137451992],[169.3386318065608,-11.626434154585214],[169.28167902911747,-11.65522004501285],[169.22372436051248,-11.68203113746595],[169.16483927974699,-11.706834195563513],[169.1050964845117,-11.729598461592877],[169.04456979759732,-11.750295697097505],[168.98333407143664,-11.768900220202799],[168.9214650909255,-11.78538893961447],[168.85903947467705,-11.799741385230046],[168.79613457486857,-11.811939735309453],[168.73282837584404,-11.821968840156403],[168.66919939164066,-11.829816242268341],[168.60532656261117,-11.835472192918829],[168.5412891513159,-11.83892966514274],[168.47716663786213,-11.840184363100485],[168.41303861486972,-11.83923472780462],[168.34898468224316,-11.836081939198616],[168.28508434193122,-11.830729914583348],[168.22141689285485,-11.823185303395137],[168.15806132618403,-11.813457478343999],[168.0950962211431,-11.801558522928376],[168.03259964152124,-11.787503215348973],[167.97064903306344,-11.771309008850649],[167.9093211219143,-11.752996008527393],[167.84869181428274,-11.732586944631828],[167.78883609749164,-11.71010714243709],[167.729827942573,-11.685584488703439],[167.67174020856248,-11.65904939480962],[167.61464454864276,-11.630534756612144],[167.55861131827953,-11.600075911102612],[167.5037094854859,-11.567710589937516],[167.45000654334677,-11.533478869918886],[167.39756842492613,-11.497423120510174],[167.34645942067377,-11.459587948474137],[167.29674209844097,-11.420020139724482],[167.24847722620615,-11.378768598486246],[167.20172369760604,-11.33588428386267],[167.15653846035735,-11.291420143910184],[167.11297644764971,-11.245431047324878],[167.07109051258072,-11.197973712846348],[167.0309313656968,-11.14910663648794]]]}},{"type":"Feature","properties":{"group":"C1","age_Ma":23.0,"plate_id":101,"material":"inherited nucleus parcel; radius 200 km","area_km2":125627.88959134834},"geometry":{"type":"Polygon","coordinates":[[[-32.01373002011185,21.106643327258666],[-32.05346719235137,21.055993163887436],[-32.09504625981183,21.00665728109793],[-32.1384160000218,20.958694416472298],[-32.183523211238395,20.91216162241786],[-32.2303127777286,20.86711420304889],[-32.27872773648999,20.823605653172443],[-32.328709345343185,20.781687599426995],[-32.38019715233133,20.74140974361927],[-32.43312906636116,20.702819808303612],[-32.487441429023306,20.665963484645488],[-32.543069087529304,20.630884382610503],[-32.59994546870445,20.59762398351631],[-32.65800265397651,20.56622159498475],[-32.717171455300544,20.536714308328875],[-32.777381491961656,20.509136958407794],[-32.838561268197445,20.483522085980272],[-32.900638251582826,20.459899902586443],[-32.9635389521199,20.43829825798446],[-33.02718900197681,20.418742610168106],[-33.09151323581885,20.40125599798792],[-33.15643577167581,20.385859016397482],[-33.2218800922901,20.372569794344304],[-33.2877691268896,20.361403975322464],[-33.35402533332997,20.35237470060205],[-33.42057078055116,20.34549259514896],[-33.48732723129223,20.340765756245837],[-33.55421622500994,20.338199744822877],[-33.621159160945496,20.337797579506034],[-33.688077381284124,20.339559733386327],[-33.75489225435268,20.343484133513833],[-33.821525257799834,20.349566163115835],[-33.88789806170381,20.357798666538084],[-33.95393261155224,20.368171956904746],[-34.019551211039435,20.3806738264915],[-34.08467660462522,20.395289559803196],[-34.14923205980039,20.41200194934611],[-34.21314144900349,20.43079131408221],[-34.276329331133006,20.451635520551253],[-34.33872103260014,20.474510006643747],[-34.40024272786562,20.499387808006773],[-34.460821519405044,20.526239587061543],[-34.520385517046726,20.55503366461068],[-34.578863916624975,20.585736054009832],[-34.636187077892586,20.61831049787826],[-34.69228660163498,20.652718507318827],[-34.747095405927915,20.688919403617746],[-34.80054780148116,20.72687036239167],[-34.852579566008146,20.766526460147865],[-34.903128017562594,20.807840723221748],[-34.95213208678084,20.850764179053744],[-34.99953238796848,20.895245909766007],[-35.04527128896864,20.94123310799734],[-35.0892929797477,20.98867113495292],[-35.13154353963357,21.037503580623948],[-35.171971003139724,21.087672326129823],[-35.21052542430711,21.139117608133937],[-35.247158939493936,21.19177808528242],[-35.281825828542715,21.24559090661277],[-35.31448257425038,21.300491781877774],[-35.34508792006772,21.356415053727794],[-35.373602925950976,21.413293771692405],[-35.399991022286365,21.47105976790068],[-35.42421806180789,21.529643734476615],[-35.44625236942522,21.588975302544224],[-35.466064789877464,21.648983122774858],[-35.48362873312662,21.70959494740595],[-35.49892021740233,21.77073771365925],[-35.5119179098084,21.83233762848281],[-35.522603164399605,21.894320254539196],[-35.530960057635866,21.956610597359404],[-35.536975421120296,22.019133193579343],[-35.540638871525324,22.081812200172347],[-35.54194283761181,22.14457148458984],[-35.540882584245104,22.20733471571692],[-35.537456233310806,22.27002545554939],[-35.53166478143537,22.332567251493003],[-35.52351211441548,22.394883729185363],[-35.51300501826215,22.456898685735382],[-35.50015318676677,22.518536183273838],[-35.48496922549841,22.579720642704853],[-35.46746865214471,22.64037693754502],[-35.44766989311066,22.700430487734234],[-35.42559427629488,22.759807353299276],[-35.4012660199661,22.818434327748157],[-35.374712217668076,22.876239031071215],[-35.34596281908651,22.933150002221257],[-35.31505060681799,22.989096790943943],[-35.282011168987644,23.044010048826667],[-35.24688286766983,23.09782161943185],[-35.209706803074106,23.150464627379932],[-35.17052677346798,23.201873566244686],[-35.12938923081673,23.25198438512291],[-35.08634323213097,23.300734573739447],[-35.04144038652295,23.348063245947976],[-34.99473479798379,23.39391122148757],[-34.94628300390478,23.43822110585554],[-34.896143909379184,23.480937368157267],[-34.84437871733113,23.522006416794866],[-34.79105085453297,23.56137667285795],[-34.73622589358391,23.598998641081387],[-34.67997147093622,23.63482497823755],[-34.62235720106883,23.668810558832742],[-34.56345458692003,23.70091253798168],[-34.50333692670611,23.7310904113363],[-34.442079217263625,23.75930607195037],[-34.37975805406708,23.7855238639656],[-34.31645152808611,23.809710633009942],[-34.252239119657666,23.831835773204485],[-34.187201589560686,23.851871270681027],[-34.12142086749218,23.8697917435192],[-34.05497993815327,23.885574478018455],[-33.98796272516373,23.899199461227493],[-33.920453973032785,23.91064940966102],[-33.8525391274214,23.919909794141944],[-33.78430421393891,23.926968860714737],[-33.71583571572256,23.931817647584232],[-33.647220450054256,23.93444999804288],[-33.578545444272294,23.934862569357662],[-33.50989781123928,23.93305483759728],[-33.441364624629124,23.92902909838887],[-33.373032794297025,23.92279046360277],[-33.30498894199577,23.91434685397205],[-33.23731927769998,23.903708987664004],[-33.17010947679812,23.890890364828138],[-33.1034445584075,23.875907248154697],[-33.0374087650633,23.858778639486722],[-32.97208544402638,23.839526252536075],[-32.907556930448855,23.818174481763066],[-32.843904432626964,23.794750367486547],[-32.78120791956417,23.76928355729926],[-32.71954601105642,23.741806263870405],[-32.658995870502466,23.712353219224212],[-32.59963310063052,23.68096162559014],[-32.54153164232163,23.647671102926076],[-32.48476367669853,23.612523633221695],[-32.429399530635195,23.5755635016946],[-32.37550758583156,23.536837234996362],[-32.323154191583015,23.49639353655012],[-32.27240358136257,23.454283219144955],[-32.223317793320284,23.410559134916262],[-32.17595659479035,23.36527610284327],[-32.130377410884606,23.31849083389857],[-32.08663525723741,23.27026185398508],[-32.04478267695412,23.220649424798903],[-32.00486968180358,23.169715462756404],[-31.96694369768227,23.11752345612514],[-31.931049514366517,23.064138380498886],[-31.897229239558055,23.009626612755692],[-31.865522257216757,22.954055843639043],[-31.835965190165513,22.897494989100295],[-31.80859186694115,22.84001410053955],[-31.78343329285745,22.781684274081467],[-31.76051762523733,22.72257755901976],[-31.739870152763604,22.662766865563174],[-31.721513278890935,22.602325872013196],[-31.70546650925439,22.54132893150099],[-31.6917464430056,22.479850978409626],[-31.68036676800012,22.417967434603792],[-31.671338259757594,22.35575411558762],[-31.664668784110606,22.293287136707164],[-31.66036330345476,22.230642819512198],[-31.65842388651135,22.16789759838848],[-31.658849721509714,22.10512792756846],[-31.661637132695628,22.042410188625762],[-31.666779600071315,21.979820598555424],[-31.67426778227048,21.917435118538965],[-31.684089542472723,21.855329363489968],[-31.69622997726078,21.79357851247376],[-31.710671448324696,21.73225722009034],[-31.72739361691776,21.6714395289085],[-31.746373480969705,21.611198783034848],[-31.76758541476391,21.551607542899507],[-31.79100121108663,21.49273750133707],[-31.816590125758218,21.43465940103924],[-31.84431892445696,21.37744295345228],[-31.87415193174914,21.32115675919096],[-31.90605108224002,21.2658682300371],[-31.939975973762063,21.2116435125894],[-31.975883922519856,21.15854741362843],[-32.01373002011185,21.106643327258666]]]}},{"type":"Feature","properties":{"group":"C2","age_Ma":23.0,"plate_id":201,"material":"inherited nucleus parcel; radius 200 km","area_km2":125627.88959134843},"geometry":{"type":"Polygon","coordinates":[[[-99.57506897555496,-2.811447561381127],[-99.57638787086306,-2.874204648285353],[-99.57989809924109,-2.9368775859880945],[-99.58559575996819,-2.9993900716974067],[-99.59347429914673,-3.0616659842194203],[-99.60352451555764,-3.123629476057558],[-99.61573456960146,-3.18520506526442],[-99.63008999532912,-3.2463177269411765],[-99.64657371556345,-3.3068929842801666],[-99.66516606011119,-3.3668569990455017],[-99.68584478706151,-3.4261366613869644],[-99.708585107166,-3.4846596788816915],[-99.73335971129062,-3.542354664698853],[-99.7601388009287,-3.599151224782076],[-99.78889012175985,-3.6549800439448314],[-99.81957900023693,-3.7097729707738964],[-99.85216838317938,-3.7634631012370017],[-99.88661888034783,-3.815984860890266],[-99.92288880997059,-3.8672740855827588],[-99.96093424718914,-3.9172681005550642],[-100.00070907538475,-3.965905797830899],[-100.04216504034453,-4.013127711800473],[-100.08525180722039,-4.058876092896673],[-100.12991702022954,-4.1030949792659195],[-100.17610636504067,-4.145730266336947],[-100.2237636337842,-4.186729774193401],[-100.27283079262118,-4.2260433126566825],[-100.3232480517988,-4.2636227439890675],[-100.37495393811656,-4.299422043128642],[-100.42788536972125,-4.333397355370079],[-100.48197773314376,-4.365507051408868],[-100.5371649624861,-4.39571177966871],[-100.59337962066098,-4.42397451583559],[-100.65055298258268,-4.450260609525266],[-100.70861512020164,-4.47453782801439],[-100.76749498927161,-4.496776396969872],[-100.82712051773305,-4.516949038114485],[-100.88741869559291,-4.535031003771276],[-100.94831566617584,-4.551000108233806],[-101.0097368186191,-4.564836755913732],[-101.07160688147964,-4.576523966221879],[-101.13385001731847,-4.586047395144107],[-101.19638991812525,-4.593395353478077],[-101.25914990144277,-4.598558821702073],[-101.32205300704982,-4.6015314614527565],[-101.38502209405895,-4.60230962359319],[-101.44797993828419,-4.6008923528589385],[-101.51084932973346,-4.597281389074273],[-101.5735531700797,-4.591481164936932],[-101.63601456996514,-4.583498800374891],[-101.69815694599282,-4.573344093484026],[-101.75990411726202,-4.561029508060958],[-101.82118040130331,-4.546570157751133],[-101.88191070927284,-4.529983786836609],[-101.9420206402664,-4.511290747694375],[-102.00143657461624,-4.4905139749598675],[-102.06008576603759,-4.467678956436581],[-102.11789643249351,-4.4428137007964645],[-102.17479784565164,-4.415948702121046],[-102.23072041880937,-4.387116901337883],[-102.2855957931683,-4.356353644610713],[-102.33935692234344,-4.323696638746324],[-102.39193815499672,-4.289185903685399],[-102.44327531548934,-4.252863722147229],[-102.4933057824526,-4.2147745865035695],[-102.54196856518128,-4.174965142958259],[-102.58920437775936,-4.133484133114145],[-102.6349557108325,-4.090382333010733],[-102.67916690094744,-4.04571248971893],[-102.72178419738286,-3.9995292555821274],[-102.7627558264025,-3.951889120194611],[-102.80203205286541,-3.9028503402109],[-102.83956523913386,-3.852472867080995],[-102.8753099012243,-3.800818272808946],[-102.90922276215133,-3.7479496738323648],[-102.94126280241964,-3.693931653123898],[-102.9713913076234,-3.6388301806141534],[-102.99957191311645,-3.5827125320393245],[-103.02577064572198,-3.52564720631509],[-103.04995596245294,-3.467703841541238],[-103.07209878621948,-3.4089531297402873],[-103.09217253850284,-3.349466730434797],[-103.11015316897851,-3.289317183168249],[-103.12601918207497,-3.2285778190741103],[-103.13975166045718,-3.1673226715984426],[-103.15133428542717,-3.105626386481158],[-103.16075335423635,-3.0435641311009336],[-103.1679977943073,-2.981211503288751],[-103.17305917436471,-2.918644439715135],[-103.17593171247758,-2.8559391239555496],[-103.17661228101726,-2.7931718943382986],[-103.17510040853716,-2.7304191516794334],[-103.17139827858287,-2.667757267007987],[-103.16551072544281,-2.605262489385343],[-103.157445226851,-2.5430108539217438],[-103.1472118936563,-2.48107809009253],[-103.13482345647331,-2.419539530456451],[-103.12029524933236,-2.3584700198778363],[-103.10364519034772,-2.297943825354129],[-103.08489375942528,-2.2380345465490463],[-103.06406397303192,-2.178815027132436],[-103.04118135605181,-2.1203572670255766],[-103.01627391075658,-2.0627323356518645],[-102.98937208291775,-2.006010286290564],[-102.96050872509286,-1.9502600716316454],[-102.9297190571189,-1.8955494606280943],[-102.8970406238485,-1.841944956742428],[-102.86251325016772,-1.7895117176813093],[-102.8261789933363,-1.7383134767133828],[-102.78808209269445,-1.688412465662083],[-102.74826891678286,-1.6398693396659756],[-102.7067879079261,-1.5927431037960735],[-102.66368952433226,-1.547091041619455],[-102.61902617976502,-1.5029686457962805],[-102.57285218084826,-1.4604295507952845],[-102.52522366206604,-1.4195254678120328],[-102.4761985185245,-1.3803061219710067],[-102.42583633654615,-1.3428191918912518],[-102.37419832217027,-1.3071102516924624],[-102.32134722763668,-1.273222715516812],[-102.26734727593424,-1.241197784637629],[-102.21226408349855,-1.2110743972251659],[-102.15616458114704,-1.1828891808350417],[-102.09911693334335,-1.1566764076829985],[-102.04119045588607,-1.1324679527658634],[-101.9824555321201,-1.1102932548850615],[-101.92298352777274,-1.0901792806259005],[-101.86284670451845,-1.0721504913417825],[-101.80211813238036,-1.0562288131886572],[-101.74087160107865,-1.0424336102514131],[-101.67918153043804,-1.0307816607992917],[-101.61712287996939,-1.0212871367036533],[-101.55477105774251,-1.013961586046813],[-101.4922018286683,-1.0088139189465295],[-101.42949122231033,-1.0058503966158596],[-101.36671544034697,-1.0050746236742925],[-101.30395076380613,-1.0064875437204461],[-101.24127346019503,-1.0100874381732532],[-101.17875969064775,-1.0158699283827397],[-101.11648541721367,-1.0238279810075732],[-101.05452631040866,-1.0339519166519748],[-100.99295765715132,-1.0462294217495418],[-100.93185426920473,-1.0606455636771963],[-100.87129039224331,-1.0771828090780873],[-100.81133961566316,-1.0958210453677202],[-100.75207478325154,-1.116537605393048],[-100.69356790483039,-1.1393072952104395],[-100.6358900689852,-1.164102424943484],[-100.57911135698906,-1.1908928426786907],[-100.5233007580283,-1.2196459713518568],[-100.46852608583376,-1.250326848575264],[-100.41485389681819,-1.282898169351397],[-100.36234940981728,-1.3173203316155362],[-100.31107642752882,-1.3535514845468724],[-100.26109725974,-1.3915475795831336],[-100.212472648431,-1.4312624240723415],[-100.16526169483757,-1.4726477374910278],[-100.11952178855316,-1.515653210156341],[-100.0753085387469,-1.5602265643567583],[-100.03267570757,-1.6063136178229105],[-99.99167514581988,-1.6538583494595345],[-99.95235673092778,-1.7028029672551235],[-99.91476830733151,-1.7530879782859232],[-99.8789556292926,-1.8046522607280886],[-99.84496230621275,-1.857433137790161],[-99.81282975050205,-1.911366453476703],[-99.78259712804766,-1.9663866500926002],[-99.75430131132931,-2.0224268473958644],[-99.72797683522427,-2.079418923305907],[-99.70365585554244,-2.137293596072946],[-99.68136811032929,-2.1959805078131662],[-99.66114088397147,-2.255408309313691],[-99.64299897413815,-2.3155047460100886],[-99.62696466158836,-2.3761967450385453],[-99.61305768287302,-2.437410503264465],[-99.60129520595709,-2.499071576187716],[-99.59169180878689,-2.561104967625283],[-99.58425946082444,-2.6234352200704194],[-99.5790075075691,-2.6859865056276857],[-99.57594265808562,-2.7486827174221884],[-99.57506897555496,-2.811447561381127]]]}},{"type":"Feature","properties":{"group":"C3","age_Ma":23.0,"plate_id":601,"material":"inherited nucleus parcel; radius 200 km","area_km2":125627.88959134834},"geometry":{"type":"Polygon","coordinates":[[[51.16463487880671,-10.986944582742872],[51.177495323838855,-10.92545661294582],[51.19252663690489,-10.864445807424277],[51.20970930630745,-10.803986113348264],[51.22902126142483,-10.74415076837165],[51.25043790433593,-10.685012213804587],[51.27393214413094,-10.626642008888307],[51.299474433854044,-10.569110746261794],[51.3270328100248,-10.512487968707587],[51.356572934682795,-10.456842087262464],[51.388058139900714,-10.402240300777708],[51.42144947470946,-10.348748517011524],[51.456705754378774,-10.29643127533519],[51.49378361199519,-10.245351671131786],[51.53263755227969,-10.195571281966785],[51.57322000758455,-10.147150095605447],[51.6154813960101,-10.100146439952711],[51.659370181578765,-10.054616914987843],[51.70483293640479,-10.0106163267652],[51.751814404794956,-9.968197623549898],[51.80025756921561,-9.92741183415651],[51.850103718059295,-9.888308008554674],[51.90129251514325,-9.850933160806193],[51.953762070870084,-9.81533221439356],[52.007449014980196,-9.781547949999215],[52.06228857082304,-9.74962095579203],[52.118214631073585,-9.7195895802745],[52.17515983481829,-9.69148988774292],[52.23305564593363,-9.665355616408808],[52.291832432678206,-9.641218139228231],[52.351419548418576,-9.619106427482425],[52.41174541340705,-9.599047017150333],[52.472737597528166,-9.581063978110663],[52.53432290392979,-9.56517888620831],[52.59642745345266,-9.551410798216601],[52.658976769771904,-9.539776229723794],[52.72189586516224,-9.530289135969127],[52.78510932679807,-9.522960895650014],[52.84854140349844,-9.517800297719406],[52.912116092826885,-9.514813531187833],[52.975757228454256,-9.51400417794257],[53.03938856769388,-9.515373208591527],[53.10293387911656,-9.518918981337054],[53.166317030153884,-9.524637243881088],[53.229462074597784,-9.532521138358769],[53.29229333990465,-9.542561209295648],[53.354735514212514,-9.55474541457879],[53.416713732980384,-9.569059139429491],[53.47815366515948,-9.585485213361215],[53.53898159880656,-9.604003930103824],[53.599124526050865,-9.624593070470855],[53.658510227326836,-9.647227928144309],[53.71706735478594,-9.671881338347278],[53.77472551480237,-9.698523709372322],[53.83141534948825,-9.727123056930168],[53.88706861713608,-9.757645041279893],[53.9416182715065,-9.790053007099687],[53.99499853988222,-9.824308026053753],[54.04714499980922,-9.860368942008328],[54.09799465444934,-9.898192418847444],[54.147486006468,-9.937732990835915],[54.19555913038459,-9.978943115475364],[54.24215574331274,-10.021773228795757],[54.28721927402039,-10.06617180302338],[54.330694930240455,-10.11208540656368],[54.372529764164575,-10.159458766235064],[54.412672736053906,-10.208234831688307],[54.45107477590197,-10.258354841943248],[54.48768884308617,-10.309758393973587],[54.52246998394552,-10.362383513268073],[54.555375387223485,-10.416166726294657],[54.586364437315524,-10.471043134792753],[54.61539876526256,-10.526946491816759],[54.64244229743162,-10.583809279452272],[54.66746130182676,-10.641562788125142],[54.69042443197298,-10.700137197421771],[54.71130276831806,-10.759461658337056],[54.73006985709633,-10.819464376865612],[54.746701746600316,-10.880072698849814],[54.761177020806386,-10.941213195996724],[54.773476830301156,-11.002811752974502],[54.783584920455695,-11.064793655497564],[54.79148765679703,-11.127083679307809],[54.79717404752421,-11.189606179958133],[54.80063576312018,-11.25228518330246],[54.801867153009816,-11.315044476595624],[54.80086525921564,-11.377807700103926],[54.79762982696514,-11.440498439127047],[54.79216331220342,-11.503040316328907],[54.78447088596762,-11.565357084274638],[54.77456043558134,-11.627372718069385],[54.76244256262804,-11.689011507992083],[54.74813057766659,-11.75019815201737],[54.731640491652925,-11.810857848116246],[54.71299100403575,-11.870916386225714],[54.692203487496776,-11.930300239775239],[54.66930196930954,-11.988936656658204],[54.644313109295005,-12.046753749533789],[54.61726617435527,-12.103680585344996],[54.588193009572585,-12.159647273937281],[54.55712800586435,-12.214585055661015],[54.52410806419051,-12.26842638784155],[54.4891725563156,-12.321105029999055],[54.45236328213242,-12.372556127700923],[54.41372442356171,-12.42271629492922],[54.37330249504774,-12.471523694845827],[54.33114629067694,-12.518918118838435],[54.28730682795332,-12.564841063731075],[54.24183728827222,-12.609235807044263],[54.19479295414094,-12.65204748019023],[54.146231143202456,-12.693223139490847],[54.096211139126915,-12.732711834907683],[54.04479411944223,-12.770464676374818],[53.992043080384825,-12.806434897628431],[53.93802275885786,-12.840577917429513],[53.88279955159377,-12.872851398078392],[53.826441431624716,-12.903215301124355],[53.76901786217367,-12.931631940175706],[53.710599708085226,-12.958066030721094],[53.65125914492384,-12.982484736875689],[53.59106956587406,-13.004857714971621],[53.53010548658403,-13.025157153915533],[53.46844244810089,-13.04335781224275],[53.40615691805228,-13.059437051801394],[53.34332619023425,-13.073374868006082],[53.280028282771454,-13.085153916607226],[53.21634183502009,-13.094759536926349],[53.152346003388395,-13.102179771515871],[53.08812035625344,-13.107405382206828],[53.0237447681561,-13.110429862515163],[52.95929931345823,-13.111249446384043],[52.89486415964861,-13.109863113245256],[52.830519460485,-13.10627258939133],[52.76634524916031,-13.10048234565479],[52.70242133168095,-13.092499591399973],[52.63882718064457,-13.082334264837266],[52.575641829602766,-13.069999019678942],[52.51294376819315,-13.055509208159997],[52.45081083822079,-13.038882860456187],[52.389320130867794,-13.020140660536036],[52.32854788520423,-12.999305918491798],[52.26856938816994,-12.976404539398477],[52.209458876191555,-12.951464988757932],[52.15128943859368,-12.92451825458957],[52.09413292295704,-12.89559780623472],[52.03805984257016,-12.864739549948144],[51.98313928611446,-12.831981781353745],[51.92943882971539,-12.797365134846737],[51.87702445148501,-12.760932530029978],[51.825960448673925,-12.722729115274543],[51.77630935754249,-12.682802208499783],[51.7281318760534,-12.64120123527107],[51.681486789480005,-12.597977664317106],[51.636430899016005,-12.553184940570736],[51.59301895346539,-12.50687841584057],[51.551303584081516,-12.459115277223082],[51.51133524261875,-12.409954473365913],[51.473162142650104,-12.35945663869554],[51.43683020419813,-12.30768401572429],[51.402383001718206,-12.254700375551332],[51.36986171546663,-12.200570936674655],[51.33930508627816,-12.145362282230952],[51.31074937377244,-12.089142275780537],[51.28422831800055,-12.03197997575513],[51.25977310453851,-11.973945548685577],[51.23741233302755,-11.91511018132723],[51.21717198915685,-11.85554599179903],[51.19907542007798,-11.795325939853212],[51.183143313236776,-11.734523736390251],[51.169393678603264,-11.673213752334291],[51.15784183427677,-11.611470926981761],[51.14850039543906,-11.549370675936368],[51.14137926662565,-11.486988798740908],[51.13648563728184,-11.424401386316505],[51.133823980567584,-11.361684728316991],[51.13339605537279,-11.2989152205065],[51.13520091150218,-11.236169272265435],[51.13923489798762,-11.173523214329157],[51.14549167448275,-11.111053206862154],[51.15396222569489,-11.048835147969166],[51.16463487880671,-10.986944582742872]]]}},{"type":"Feature","properties":{"group":"C4","age_Ma":23.0,"plate_id":712,"material":"inherited nucleus parcel; radius 200 km","area_km2":125627.88959134874},"geometry":{"type":"Polygon","coordinates":[[[-93.92154026505334,-85.04685277850876],[-94.01711352385118,-85.10908578248097],[-94.14086200096284,-85.17097500564499],[-94.29369692091619,-85.23243030495685],[-94.47651953294857,-85.29335846616391],[-94.69021394726808,-85.353663190899],[-94.93563894906045,-85.41324510559899],[-95.2136187268496,-85.4720017964558],[-95.52493246446261,-85.52982787500783],[-95.87030276385326,-85.58661507934717],[-96.25038289028112,-85.64225241623221],[-96.66574286262536,-85.69662634961485],[-97.11685445059459,-85.74962104119113],[-97.60407518766404,-85.80111864851814],[-98.12763156372706,-85.85099968596282],[-98.68760162412981,-85.89914345321829],[-99.28389727070275,-85.94542853528854],[-99.9162466334762,-85.98973337666699],[-100.58417695585548,-86.03193693088576],[-101.28699850697025,-86.07191938467281],[-102.02379009752077,-86.10956295363331],[-102.79338682369308,-86.14475274369599],[-103.59437069103465,-86.17737766961737],[-104.42506476995482,-86.2073314186997],[-105.28353150074439,-86.23451344471236],[-106.16757569406784,-86.25882997398804],[-107.07475266039027,-86.28019500297732],[-108.00238174935546,-86.29853126443633],[-108.94756539192682,-86.31377113807778],[-109.90721352217629,-86.32585748114029],[-110.8780730236523,-86.33474435505147],[-111.85676161194364,-86.34039762626017],[-112.83980534682473,-86.34279542236101],[-113.82367878085653,-86.3419284287453],[-114.8048466115789,-86.33780001597555],[-115.77980562318335,-86.33042619362128],[-116.74512568778881,-86.31983539210721],[-117.69748864751793,-86.30606807982812],[-118.63372401207623,-86.28917622806227],[-119.55084057281854,-86.26922264075246],[-120.44605323966279,-86.24628016979077],[-121.31680463554738,-86.22043083888676],[-122.16078121769087,-86.191764900369],[-122.9759239200147,-86.16037984939709],[-123.7604335135291,-86.12637941914882],[-124.51277105145583,-86.08987257876825],[-125.23165389737287,-86.05097255342362],[-125.91604792549553,-86.00979588292995],[-126.56515653341933,-85.96646153226881],[-127.17840712293064,-85.92109006417134],[-127.75543568928279,-85.8738028808784],[-128.2960701200717,-85.82472153937034],[-128.80031274817708,-85.77396714187806],[-129.26832263549855,-85.7216598013551],[-129.70039799102773,-85.6679181798646],[-130.0969590527898,-85.61285909648838],[-130.4585316919895,-85.55659720037082],[-130.78573193186654,-85.49924470384882],[-131.07925151497358,-85.440911170224],[-131.3398446016939,-85.38170335057761],[-131.56831564007317,-85.32172506405217],[-131.7655084122106,-85.261077116197],[-131.93229623500537,-85.19985725024473],[-132.06957327223182,-85.1381601265311],[-132.17824689986847,-85.07607732566383],[-132.2592310564571,-85.01369737145018],[-132.3134405041686,-84.95110577001513],[-132.34178592340336,-84.88838506194347],[-132.34516976346092,-84.82561488467111],[-132.32448277344147,-84.76287204271317],[-132.2806011405911,-84.7002305836533],[-132.21438416731098,-84.63776187812512],[-132.12667242269444,-84.57553470228939],[-132.01828630943422,-84.51361532155893],[-131.89002499205205,-84.45206757453472],[-131.74266563747793,-84.39095295631063],[-131.57696292392455,-84.33033070046332],[-131.39364877869176,-84.27025785918957],[-131.1934323099285,-84.21078938116801],[-130.97699990146003,-84.1519781868337],[-130.7450154435241,-84.09387524083026],[-130.49812067566853,-84.03652962148489],[-130.23693562113579,-83.97998858720653],[-129.96205909482154,-83.92429763975896],[-129.67406926935868,-83.86950058440156],[-129.3735242860655,-83.81563958691973],[-129.06096289943267,-83.76275522759624],[-128.73690514552584,-83.71088655219371],[-128.40185302617493,-83.66007112003162],[-128.05629120212555,-83.61034504925638],[-127.7006876894657,-83.56174305940863],[-127.33549455462705,-83.51429851139673],[-126.961148604114,-83.46804344499246],[-126.57807206585031,-83.42300861395941],[-126.18667325966555,-83.3792235189328],[-125.78734725498818,-83.33671643815973],[-125.38047651427398,-83.29551445621345],[-124.96643152109536,-83.2556434907881],[-124.54557139214904,-83.21712831767746],[-124.11824447272825,-83.17999259403926],[-123.68478891543704,-83.14425888003989],[-123.24553324212981,-83.10994865897126],[-122.8007968892228,-83.07708235592695],[-122.35089073666273,-83.0456793551195],[-121.89611762095203,-83.01575801591676],[-121.43677283272267,-82.98733568767064],[-120.97314459942562,-82.96042872340608],[-120.50551455376485,-82.93505249243508],[-120.03415818855142,-82.91122139195566],[-119.55934529869123,-82.88894885769099],[-119.08134041104947,-82.86824737362015],[-118.60040320295597,-82.8491284808483],[-118.11678891013106,-82.83160278566064],[-117.63074872482419,-82.8156799667984],[-117.14253018496309,-82.80136878199528],[-116.65237755511684,-82.78867707380579],[-116.16053220007767,-82.77761177475548],[-115.66723295186706,-82.76817891183912],[-115.17271647097103,-82.76038361039038],[-114.67721760260703,-82.75423009734158],[-114.18096972882496,-82.74972170389164],[-113.68420511724003,-82.74686086759493],[-113.18715526719637,-82.74564913388274],[-112.69005125415569,-82.746087157024],[-112.19312407310642,-82.74817470053216],[-111.69660498178649,-82.75191063701763],[-111.2007258445138,-82.75729294748784],[-110.70571947741844,-82.76431872008942],[-110.21181999587118,-82.77298414828653],[-109.71926316490567,-82.78328452846623],[-109.22828675343176,-82.79521425695799],[-108.73913089304065,-82.80876682645237],[-108.25203844220457,-82.82393482180049],[-107.76725535667401,-82.84070991517247],[-107.28503106687887,-82.8590828605504],[-106.80561886313815,-82.87904348752849],[-106.3292762894826,-82.90058069438761],[-105.85626554689152,-82.9236824404112],[-105.38685390673821,-82.94833573740338],[-104.92131413523082,-82.97452664036712],[-104.4599249296203,-83.00224023729739],[-104.00297136692937,-83.03146063803895],[-103.55074536593075,-83.06217096215609],[-103.10354616306942,-83.09435332575488],[-102.66168080298104,-83.12798882719756],[-102.22546464420421,-83.16305753164134],[-101.7952218806158,-83.19953845433128],[-101.37128607903455,-83.2374095425714],[-100.95400073333468,-83.27664765629399],[-100.54371983528452,-83.31722854714278],[-100.1408084621733,-83.35912683597958],[-99.74564338110487,-83.40231598872212],[-99.35861366961913,-83.44676829041344],[-98.98012135203807,-83.49245481742143],[-98.61058205062626,-83.5393454076621],[-98.25042565028836,-83.58740862873736],[-97.90009697509541,-83.63661174387522],[-97.56005647442913,-83.68692067555884],[-97.23078091594179,-83.73829996672887],[-96.91276408184495,-83.79071273944736],[-96.60651746424172,-83.84412065090827],[-96.31257095429595,-83.89848384668927],[-96.03147351896729,-83.95376091114382],[-95.76379385781709,-84.00990881484113],[-95.51012103098775,-84.06688285897785],[-95.27106504785557,-84.1246366167011],[-95.04725740403433,-84.18312187130508],[-94.8393515523397,-84.2422885512959],[-94.64802329099314,-84.30208466234987],[-94.47397104972408,-84.36245621624215],[-94.31791605150444,-84.42334715687201],[-94.18060232439916,-84.48469928358107],[-94.06279653443536,-84.54645217203671],[-93.96528760647199,-84.60854309305235],[-93.88888609580317,-84.67090692982337],[-93.8344232686735,-84.73347609419277],[-93.80274984506423,-84.79618044270984],[-93.7947343520949,-84.85894719342699],[-93.8112610312747,-84.92170084457624],[-93.85322723777362,-84.98436309650543],[-93.92154026505334,-85.04685277850876]]]}},{"type":"Feature","properties":{"group":"C5","age_Ma":23.0,"plate_id":8011,"material":"inherited nucleus parcel; radius 200 km","area_km2":125627.88959134824},"geometry":{"type":"Polygon","coordinates":[[[126.56541761541098,1.8324544472190623],[126.57026185139279,1.8950383538089526],[126.5772878339594,1.9574152606651445],[126.5864872641395,2.0195092180725247],[126.597849205694,2.081244610752662],[126.61136009672876,2.1425462493951577],[126.62700376437759,2.2033394617458324],[126.64476144255106,2.263550183146789],[126.66461179274549,2.323105046425199],[126.68653092790325,2.3819314710257067],[126.71049243931311,2.439957751283127],[126.73646742653743,2.4971131437312852],[126.76442453034815,2.553327953344348],[126.79432996865357,2.6085336186072574],[126.82614757539095,2.6626627953127056],[126.8598388423599,2.7156494389815915],[126.89536296396577,2.7674288858061358],[126.93267688483957,2.8179379320137454],[126.97173535029636,2.8671149115521453],[127.01249095959064,2.9148997719964838],[127.05489422192234,2.9612341485803233],[127.09889361514317,3.0060614362546554],[127.14443564710815,3.049326859679144],[127.1914649196128,3.0909775410528444],[127.2399241948514,3.1309625656926845],[127.28975446432784,3.1692330452706967],[127.3408950201441,3.205742178622551],[127.39328352858821,3.2404453100429524],[127.44685610593771,3.2732999849864908],[127.50154739639011,3.3042660030937303],[127.5572906520267,3.3333054684679637],[127.61401781471189,3.36038283712906],[127.6716595998255,3.3854649615754755],[127.73014558172021,3.4085211323890916],[127.78940428079346,3.4295231168212603],[127.84936325205774,3.4484451943021006],[127.90994917509005,3.4652641888204556],[127.97108794523727,3.4799594981247908],[128.03270476595117,3.492513119701411],[128.09472424212342,3.5029096734898553],[128.1570704742886,3.5111364213005847],[128.21966715356004,3.5171832829057545],[128.28243765716252,3.5210428487772822],[128.3453051444226,3.5227103894530414],[128.40819265307795,3.5221838615166767],[128.47102319576376,3.5194639101815137],[128.5337198565365,3.514553868474637],[128.596205887293,3.507459753022409],[128.6584048039439,3.498190256444112],[128.720240482202,3.4867567363652148],[128.7816372528455,3.4731732010676155],[128.84251999631925,3.4574562917987226],[128.9028142365376,3.439625261767287],[128.96244623375622,3.419701951857252],[129.02134307638045,3.3977107630978227],[129.0794327715841,3.3736786259310594],[129.1366443346117,3.3476349663236395],[129.19290787664457,3.3196116687740416],[129.248154691112,3.2896430362704603],[129.30231733833455,3.2577657472586887],[129.35532972838968,3.224018809683854],[129.40712720209473,3.188443512173062],[129.45764661000686,3.15108337242993],[129.50682638934416,3.111984082914925],[129.55460663873637,3.0711934538895513],[129.60092919071982,3.028761353904478],[129.64573768189413,2.9847396478144375],[129.68897762066487,2.9391821324067307],[129.7305964525005,2.8921444697303915],[129.77054362263618,2.843684118216951],[129.8087706361632,2.793860261685328],[129.84523111544576,2.7427337363243707],[129.87988085481308,2.6903669557493974],[129.9126778724778,2.636823834229338],[129.94358245963718,2.582169708183638],[129.97255722671716,2.526471256047979],[129.99956714672277,2.469796416609484],[130.02457959566416,2.41221430591279],[130.04756439002864,2.3537951328392794],[130.06849382127487,2.294610113461675],[130.0873426873272,2.2347313842775876],[130.10408832105213,2.174231914425173],[130.11871061570127,2.1131854169847597],[130.13119204730847,2.051666259470575],[130.14151769403097,1.9897493736163137],[130.14967525242773,1.9275101645589596],[130.15565505066914,1.8650244195251577],[130.15945005867587,1.802368216123724],[130.1610558951861,1.7396178303489576],[130.16047083175246,1.676849644397982],[130.15769579367168,1.614140054406469],[130.15273435785335,1.5515653782061383],[130.14559274763283,1.489201763206688],[130.13627982453983,1.4271250945064657],[130.1248070770309,1.3654109033335713],[130.11118860619996,1.3041342759203909],[130.09544110848125,1.2433697629136664],[130.07758385535988,1.1831912894219199],[130.0576386701099,1.1236720658015769],[130.03562990157872,1.0648844992825766],[130.0115843950418,1.0069001065340424],[129.9855314601509,0.9497894272705752],[129.95750283600412,0.8936219389967054],[129.92753265336685,0.8384659729905559],[129.89565739407533,0.7843886316222692],[129.86191584765842,0.7314557071061819],[129.82634906521483,0.6797316017813431],[129.7890003105865,0.6292792500168282],[129.749915008872,0.5801600418348435],[129.70914069232757,0.532433748345012],[129.66672694370513,0.48615844908101646],[129.62272533708241,0.44139046132939674],[129.5771893762418,0.3981842715390912],[129.5301744306602,0.35659246889797863],[129.48173766917375,0.31666568116114896],[129.43193799138723,0.27845251281281685],[129.38083595690028,0.24199948564342416],[129.32849371242784,0.20735098181774905],[129.27497491689417,0.17454918951132034],[129.22034466458635,0.1436340511859087],[129.16466940645458,0.11464321457450248],[129.10801686965155,0.08761198644208011],[129.05045597540737,0.06257328918494887],[128.9920567553386,0.03955762032874526],[128.93289026629506,0.01859301498107786],[128.87302850385007,-0.0002949887088274274],[128.8125443145441,-0.01708338103516522],[128.75151130699368,-0.03175170912033815],[128.69000376198076,-0.0442821021600553],[128.6280965416403,-0.054659293491741257],[128.56586499786545,-0.06287063945562134],[128.50338488005238,-0.0689061350206484],[128.440732242308,-0.07275842615347315],[128.3779833502453,-0.0744228189117217],[128.31521458749216,-0.07389728524936165],[128.25250236204022,-0.07118246552498639],[128.18992301256063,-0.06628166770973433],[128.12755271481385,-0.05920086329608458],[128.06546738828027,-0.04994867991313525],[128.00374260313777,-0.03853639065931886],[127.94245348771172,-0.024977900167933612],[127.8816746365214,-0.0092897274254491],[127.82148001904565,0.008509014632538704],[127.7619428893284,0.028396642718231946],[127.70313569654274,0.050348929948670434],[127.64512999663035,0.07433913572333542],[127.58799636512943,0.10033803868143756],[127.53180431130258,0.1283139726916483],[127.47662219367233,0.1582328658241799],[127.42251713706895,0.19005828225114385],[127.36955495129209,0.22375146701720966],[127.31780005148337,0.2592713936189753],[127.26731538030505,0.29657481432886623],[127.21816233201363,0.33561631319505986],[127.17040067851649,0.37634836164675556],[127.1240884974929,0.41872137663117137],[127.07928210265865,0.46268378120551795],[127.03603597624905,0.508182067504886],[126.99440270379125,0.5551608620052493],[126.95443291123246,0.6035629929975441],[126.9161752044881,0.6533295601877456],[126.87967611146827,0.7044000063349924],[126.84498002663959,0.7567121908393366],[126.8121291581736,0.8102024651883827],[126.78116347773114,0.8648057501699223],[126.75212067292819,0.9204556147583481],[126.72503610252512,0.9770843565796176],[126.69994275437926,1.0346230838590056],[126.67687120619618,1.0930017987556702],[126.6558495891142,1.1521494819857836],[126.63690355415211,1.2119941786366857],[126.62005624154921,1.272463085072445],[126.60532825302299,1.3334826368321107],[126.59273762696829,1.3949785974190558],[126.58229981661965,1.4568761478822732],[126.5740276711958,1.5190999770876144],[126.56793142004388,1.5815743725772684],[126.56401865979879,1.6442233119159375],[126.5622943445713,1.7069705544214453],[126.56276077917619,1.7697397331764635],[126.56541761541098,1.8324544472190623]]]}},{"type":"Feature","properties":{"group":"C6","age_Ma":23.0,"plate_id":8031,"material":"inherited nucleus parcel; radius 200 km","area_km2":125627.88959134805},"geometry":{"type":"Polygon","coordinates":[[[167.67280070559778,-12.696369951813926],[167.63157162286385,-12.648181211431721],[167.59210592371528,-12.598612725387959],[167.55445116960854,-12.547725632046879],[167.51865260849894,-12.49558265401694],[167.4847531238569,-12.442248018053862],[167.45279318709123,-12.387787373312053],[167.4228108134025,-12.332267708061279],[167.3948415210817,-12.275757264987249],[167.36891829426534,-12.218325455192904],[167.34507154914922,-12.16004277101947],[167.32332910366034,-12.100980697803132],[167.30371615057885,-12.041211624685666],[167.28625523409804,-11.980808754594099],[167.27096622980577,-11.919846013505452],[167.2578663280659,-11.858397959110722],[167.24697002077457,-11.796539688991425],[167.2382890914633,-11.734346748420885],[167.23183260871573,-11.6718950379016],[167.22760692286454,-11.60926072054742],[167.22561566592927,-11.546520129420013],[167.225859754757,-11.483749674924866],[167.22833739732172,-11.42102575237372],[167.23304410213987,-11.358424649815975],[167.23997269075562,-11.296022456242131],[167.24911331324927,-11.233894970259435],[167.26045346671975,-11.172117609339379],[167.27397801669227,-11.110765319734442],[167.28966922140037,-11.04991248715988],[167.30750675889084,-10.989632848335738],[167.32746775689958,-10.929999403481196],[167.3495268254455,-10.87108432985324],[167.3736560920885,-10.812958896419287],[167.3998252397983,-10.755693379752007],[167.42800154737802,-10.699356981232953],[167.45814993238804,-10.644017745650663],[167.49023299651384,-10.589742481276177],[167.5242110733209,-10.536596681498457],[167.56004227833918,-10.484644448099985],[167.59768256141908,-10.433948416251203],[167.6370857612997,-10.384569681301354],[167.67820366232948,-10.336567727440583],[167.72098605327838,-10.290000358307458],[167.7653807881789,-10.24492362961388],[167.81133384913383,-10.201391783857165],[167.8587894110258,-10.159457187187781],[167.9076899080631,-10.119170268499003],[167.9579761020951,-10.080579460802477],[168.0095871526286,-10.043731144952408],[168.0624606884763,-10.008669595777326],[168.11653288096474,-9.975436930678624],[168.17173851863078,-9.944073060749488],[168.22801108333095,-9.914615644468755],[168.28528282768912,-9.887100044018974],[168.34348485380428,-9.861559284277185],[168.4025471931407,-9.83802401452314],[168.46239888751936,-9.816522472907488],[168.5229680711297,-9.797080453719436],[168.58418205347843,-9.77972127749029],[168.64596740319092,-9.764465763966493],[168.70825003258014,-9.751332207982637],[168.77095528289593,-9.740336358261501],[168.83400801016768,-9.731491399165364],[168.89733267155083,-9.724807935419198],[168.96085341208877,-9.720293979823335],[169.02449415179973,-9.717954943969184],[169.08817867299805,-9.717793631969169],[169.15183070775882,-9.719810237207959],[169.21537402543512,-9.724002342118133],[169.2787325201365,-9.730364920981547],[169.34183029807693,-9.738890345752083],[169.40459176470236,-9.749568394894114],[169.4669417115061,-9.762386265225821],[169.528805402443,-9.777328586754269],[169.59010865985184,-9.79437744048517],[169.6507779497985,-9.81351237918725],[169.71074046675082,-9.834710451087103],[169.76992421749932,-9.857946226468773],[169.82825810423734,-9.883191827147067],[169.88567200671733,-9.9104169587821],[169.94209686339812,-9.939588945999072],[169.9974647515035,-9.970672770273662],[170.05170896591,-10.003631110541656],[170.10476409678634,-10.038424386487927],[170.1565661059057,-10.07501080446708],[170.20705240155593,-10.113346406006409],[170.25616191197287,-10.153385118837491],[170.3038351572243,-10.195078810402672],[170.35001431947248,-10.238377343777875],[170.3946433115456,-10.283228635953295],[170.43766784375003,-10.329578718409046],[170.4790354888564,-10.3773717999224],[170.51869574519245,-10.426550331540755],[170.5566000977798,-10.477055073652064],[170.5927020774507,-10.52882516508287],[170.62695731788176,-10.581798194152775],[170.65932361048536,-10.63591027161098],[170.6897609570966,-10.691096105380945],[170.71823162039823,-10.747289077034749],[170.74470017202407,-10.804421319920142],[170.76913353828408,-10.862423798858808],[170.7915010434535,-10.92122639133489],[170.8117744505707,-10.980757970090098],[170.8299279996876,-11.040946487040474],[170.8459384435177,-11.10171905842819],[170.85978508042803,-11.163002051120817],[170.87144978472114,-11.22472116996761],[170.8809170341534,-11.286801546122673],[170.8881739346388,-11.349167826241485],[170.8932102420849,-11.411744262456926],[170.89601838131256,-11.474454803038677],[170.8965934620073,-11.537223183639288],[170.89493329165558,-11.599973019026926],[170.89103838541766,-11.662627895205304],[170.88491197289196,-11.725111461818134],[170.87656000172558,-11.78734752473479],[170.86599113802947,-11.849260138711948],[170.85321676355758,-11.910773700024764],[170.83825096961195,-11.971813038959606],[170.82111054763845,-12.03230351205866],[170.80181497648084,-12.092171094006085],[170.78038640626355,-12.151342469043264],[170.75684963887824,-12.20974512180043],[170.7312321050517,-12.267307427429833],[170.7035638379779,-12.323958740925905],[170.67387744350137,-12.379629485515638],[170.64220806684358,-12.434251240002917],[170.60859335587006,-12.487756824949207],[170.57307342090064,-12.540080387572988],[170.53569079107214,-12.59115748525025],[170.49649036726842,-12.640925167497828],[170.45551937163975,-12.689322056322144],[170.41282729373975,-12.736288424816772],[170.36846583331604,-12.78176627389136],[170.3224888397978,-12.825699407017849],[170.2749522485307,-12.868033502878625],[170.22591401381786,-12.908716185804934],[170.17543403883357,-12.947697093894657],[170.12357410248424,-12.984927944700356],[170.07039778329857,-13.020362598382345],[170.0159703804391,-13.053957118222723],[169.9603588319317,-13.085669828400555],[169.90363163022292,-13.115461368930822],[169.84585873517693,-13.143294747674796],[169.78711148463668,-13.169135389331684],[169.72746250267824,-13.192951181327818],[169.6669856056964,-13.214712516521802],[169.60575570646498,-13.234392332652044],[169.54384871632362,-13.251966148454793],[169.48134144564756,-13.267412096389208],[169.41831150276337,-13.28071095190998],[169.35483719147877,-13.291846159234353],[169.29099740740008,-13.30080385355653],[169.22687153321294,-13.307572879668994],[169.16253933310864,-13.312144806956159],[169.09808084653875,-13.314513940732756],[169.03357628148422,-13.314677329906138],[168.9691059074275,-13.312634770947927],[168.9047499482154,-13.3083888081681],[168.84058847500305,-13.30194473029054],[168.77670129946736,-13.293310563336647],[168.71316786747775,-13.282497059830225],[168.65006715341124,-13.269517684343809],[168.5874775552955,-13.254388595412319],[168.52547679096108,-13.237128623848788],[168.46414179538098,-13.21775924750033],[168.40354861937016,-13.196304562491825],[168.3437723298148,-13.172791251008533],[168.28488691159487,-13.147248545676446],[168.2269651713571,-13.119708190604008],[168.17007864329136,-13.090204399154354],[168.11429749705513,-13.05877380852307],[168.0596904479841,-13.025455431200767],[168.0063246697214,-12.990290603404228],[167.95426570938724,-12.953322930565475],[167.90357740540634,-12.914598229970593],[167.8543218081007,-12.874164470645107],[167.80655910314778,-12.832071710585438],[167.7603475379957,-12.788372031439595],[167.7157433513202,-12.743119470742323],[167.67280070559778,-12.696369951813926]]]}},{"type":"Feature","properties":{"group":"C1","age_Ma":50.0,"plate_id":101,"material":"inherited nucleus parcel; radius 200 km","area_km2":125627.88959134834},"geometry":{"type":"Polygon","coordinates":[[[-33.02742886706054,15.413445913809584],[-33.06295050621041,15.36084138193765],[-33.10033541297174,15.309457448883716],[-33.13953745987028,15.259355753817813],[-33.18050844425879,15.210596359259654],[-33.22319814806256,15.163237682457709],[-33.26755439935672,15.117336428768876],[-33.31352313571043,15.072947527101318],[-33.36104846923138,15.030124067480198],[-33.41007275324511,14.988917240794619],[-33.46053665054342,14.949376280781818],[-33.512379203135254,14.911548408302979],[-33.565537903434546,14.875478777962647],[-33.61994876681768,14.841210427122038],[-33.675546405484155,14.808784227354101],[-33.73226410355282,14.778238838386642],[-33.79003389332596,14.749610664576315],[-33.84878663265281,14.722933813956121],[-33.90845208332359,14.69824005989407],[-33.96895899042484,14.675558805401263],[-34.030235162585896,14.654917050122625],[-34.09220755304555,14.63633936004248],[-34.15480234146856,14.619847839934648],[-34.217945016439515,14.60546210858342],[-34.28156045856195,14.593199276799547],[-34.34557302409046,14.583073928253224],[-34.40990662902185,14.575098103142372],[-34.47448483357219,14.569281284712206],[-34.53923092696573,14.565630388639962],[-34.604068012461056,14.564149755294343],[-34.668919092540634,14.564841144878422],[-34.73370715418827,14.567703735459485],[-34.79835525418057,14.572734123889173],[-34.862786604316696,14.579926329611602],[-34.926924656512924,14.589271801357098],[-34.9906931876861,14.60075942671367],[-35.054016384352764,14.614375544567709],[-35.11681892686893,14.630103960401167],[-35.17902607323766,14.647925964430389],[-35.24056374241012,14.667820352568684],[-35.30135859700801,14.689763450192357],[-35.361338125394376,14.713729138686551],[-35.42043072302106,14.739688884745716],[-35.47856577298152,14.767611772399636],[-35.535673725698004,14.79746453773458],[-35.59168617767304,14.829211606275804],[-35.64653594923546,14.862815132995555],[-35.700157161211884,14.898235044908667],[-35.752485310455356,14.935429086214416],[-35.80345734416268,14.974352865942835],[-35.853011732913316,15.014959908059193],[-35.90108854236258,15.0572017039805],[-35.94762950352256,15.101027767453953],[-35.992578081564,15.146385691745984],[-36.03587954307351,15.193221209088982],[-36.07748102169988,15.241478252329241],[-36.11733158212362,15.291099018719725],[-36.15538228228404,15.342024035797538],[-36.19158623379808,15.394192229285235],[-36.22589866050481,15.447540992952616],[-36.258276955069455,15.502006260374113],[-36.28868073358088,15.557522578514561],[-36.317071888075276,15.614023183075114],[-36.343414636919626,15.67144007552791],[-36.36767557298705,15.729704101767636],[-36.389823709556495,15.788745032304973],[-36.4098305238682,15.848491643925994],[-36.4276699982663,15.908871802738851],[-36.44331865885982,15.96981254852771],[-36.456755611631976,16.031240180331462],[-36.46796257592826,16.093080343163066],[-36.47692391525371,16.155258115783003],[-36.48362666530868,16.21769809943843],[-36.48806055919337,16.280324507477534],[-36.49021804971158,16.343061255746104],[-36.490094328703684,16.405832053671755],[-36.48768734334061,16.468560495938288],[-36.482997809310376,16.531170154651345],[-36.476029220831016,16.59358467189343],[-36.466787857423824,16.655727852564763],[-36.45528278738381,16.717523757404106],[-36.44152586788585,16.778896796081366],[-36.42553174166727,16.839771820251748],[-36.40731783023087,16.90007421645925],[-36.386904323515594,16.959729998775124],[-36.364314165985625,17.018665901055197],[-36.33957303909303,17.076809468697622],[-36.31270934007342,17.134089149781776],[-36.283754157039546,17.190434385466602],[-36.25274124034297,17.24577569952534],[-36.219706970180056,17.300044786893327],[-36.18469032042521,17.35317460110305],[-36.14773281868082,17.40509944048065],[-36.10887850254093,17.45575503297744],[-36.06817387207381,17.50507861950929],[-36.02566783853599,17.55300903567671],[-35.98141166933955,17.59948679173901],[-35.9354589293035,17.644454150715735],[-35.88786541822834,17.687855204489924],[-35.838689104843596,17.729635947788875],[-35.787990057187244,17.76974434991898],[-35.73583036948576,17.808130424133783],[-35.68227408561375,17.844746294516074],[-35.62738711922257,17.87954626025775],[-35.57123717063686,17.91248685722393],[-35.51389364062845,17.94352691669097],[-35.45542754118713,17.97262762115238],[-35.395911403417294,17.999752557089813],[-35.33541918269975,18.024867764611734],[-35.27402616126646,18.047941783866044],[-35.21180884834576,18.068945698139597],[-35.14884487804412,18.087853173561506],[-35.08521290513782,18.104640495334017],[-35.02099249895712,18.119286600420605],[-34.95626403555054,18.131773106627225],[-34.89110858832547,18.142084338019384],[-34.82560781736486,18.150207346624992],[-34.759843857626976,18.156131930379473],[-34.69389920623752,18.159850647277523],[-34.62785660908817,18.16135882570319],[-34.561798946957865,18.16065457091711],[-34.49580912137516,18.157738767688652],[-34.42996994044034,18.152615079066575],[-34.364364004827415,18.145289941291896],[-34.29907359418401,18.135772554862086],[-34.23418055414677,18.124074871765384],[-34.16976618418644,18.110211578910246],[-34.10591112649489,18.09420007778364],[-34.04269525612098,18.07606046037816],[-33.98019757255821,18.05581548143607],[-33.918496092981805,18.033490527064966],[-33.8576677473258,18.009113579786394],[-33.79778827538463,17.982715180085993],[-33.73893212611628,17.954328384538936],[-33.68117235931544,17.923988720591336],[-33.624580549817594,17.891734138083496],[-33.5692266943851,17.857604957606032],[-33.51517912141832,17.821643815785336],[-33.462504403623676,17.78389560759887],[-33.411267273762185,17.744407425825617],[-33.36153054359171,17.70322849774005],[-33.313355026105086,17.660410119162453],[-33.266799461157675,17.616005585980645],[-33.221920444566585,17.570070123261164],[-33.17877236075403,17.522660812070686],[-33.13740731899797,17.473836514129747],[-33.09787509334195,17.423657794422812],[-33.0602230662081,17.37218684189024],[-33.02449617574684,17.319487388327957],[-32.99073686694765,17.26562462562174],[-32.958985046528056,17.210665121443384],[-32.929278041607326,17.154676733535425],[-32.90165056216591,17.097728522711662],[-32.87613466728188,17.03989066469915],[-32.85275973513028,16.98123436094775],[-32.83155243672367,16.9218317485313],[-32.81253671336618,16.861755809263748],[-32.79573375778823,16.80108027815236],[-32.78116199892243,16.739879551308054],[-32.768837090278296,16.6782285934322],[-32.758771901867725,16.616202844995836],[-32.75097651562919,16.55387812922724],[-32.74545822429653,16.491330559020493],[-32.74222153365389,16.428636443875927],[-32.74126816811595,16.3658721969815],[-32.74259707957091,16.303114242541742],[-32.746204459421556,16.24043892345887],[-32.75208375375772,16.17792240946817],[-32.760225681592885,16.115640605827988],[-32.77061825609618,16.053669062662294],[-32.783246808751024,15.99208288505099],[-32.79809401637002,15.930956643962368],[-32.815139930896805,15.87036428811824],[-32.8343620119244,15.810379056881446],[-32.85573516186009,15.751073394252824],[-32.87923176366719,15.692518864062542],[-32.9048217211137,15.634786066438885],[-32.932472501459124,15.577944555635707],[-32.96214918051007,15.522062759297256],[-32.993814489976465,15.467207899237525],[-33.02742886706054,15.413445913809584]]]}},{"type":"Feature","properties":{"group":"C2","age_Ma":50.0,"plate_id":201,"material":"inherited nucleus parcel; radius 200 km","area_km2":125627.88959134831},"geometry":{"type":"Polygon","coordinates":[[[-100.37472901843313,-8.921223018589545],[-100.37707472086123,-8.983951146978576],[-100.38163546899202,-9.046560231596512],[-100.3884068670989,-9.108973985857943],[-100.39738182817575,-9.171116320377367],[-100.40855057661169,-9.232911435435252],[-100.42190065405946,-9.294283913308757],[-100.43741692852379,-9.355158810359388],[-100.45508160669297,-9.415461748769047],[-100.47487424953508,-9.475119007815158],[-100.49677179117607,-9.534057614575172],[-100.52074856107427,-9.592205433948394],[-100.54677630950196,-9.64949125788447],[-100.57482423634066,-9.705844893705274],[-100.60485902319265,-9.761197251408198],[-100.63684486880676,-9.81548042983679],[-100.67074352781135,-9.868627801606305],[-100.70651435274266,-9.920574096669764],[-100.74411433935082,-9.971255484412229],[-100.78349817516074,-10.020609654159527],[-100.82461829125893,-10.068575893989541],[-100.86742491727024,-10.115095167734113],[-100.91186613948415,-10.160110190060802],[-100.95788796208123,-10.203565499525393],[-101.00543437140564,-10.245407529486577],[-101.05444740322118,-10.28558467677681],[-101.10486721288255,-10.324047368024964],[-101.15663214834511,-10.360748123528628],[-101.20967882593051,-10.395641618576358],[-101.26394220875783,-10.428684742123416],[-101.31935568774239,-10.459836652727152],[-101.37585116505818,-10.489058831651649],[-101.43335913995237,-10.516315133055263],[-101.49180879679362,-10.541571831178224],[-101.55112809522967,-10.564797664451644],[-101.61124386232304,-10.585963876454255],[-101.67208188652775,-10.605044253647227],[-101.73356701336454,-10.622015159823006],[-101.795623242646,-10.636855567208782],[-101.85817382709912,-10.649547084171038],[-101.9211413722272,-10.66007397947278],[-101.9844479372498,-10.668423203041302],[-102.04801513695546,-10.67458440321004],[-102.11176424429914,-10.678549940403908],[-102.1756162935735,-10.680314897244314],[-102.23949218398138,-10.679877085055473],[-102.30331278343627,-10.677237046761153],[-102.36699903241464,-10.67239805616594],[-102.4304720476868,-10.665366113623056],[-102.49365322575075,-10.656149938095666],[-102.55646434579583,-10.644760955626523],[-102.61882767202455,-10.631213284235562],[-102.68066605516242,-10.61552371527288],[-102.74190303298909,-10.597711691259079],[-102.80246292972667,-10.577799280252515],[-102.8622709541256,-10.555811146787786],[-102.92125329609176,-10.531774519435578],[-102.97933722170387,-10.505719155040685],[-103.03645116647556,-10.477677299698358],[-103.0925248267206,-10.447683646536195],[-103.14748924888767,-10.415775290372233],[-103.20127691673524,-10.381991679325395],[-103.25382183622506,-10.34637456345841],[-103.30505961801828,-10.308967940537338],[-103.35492755746583,-10.269817998996002],[-103.40336471199134,-10.228973058197083],[-103.45031197577178,-10.186483506084297],[-103.49571215162872,-10.142401734324228],[-103.5395100200494,-10.096782071038044],[-103.58165240526483,-10.049680711225998],[-103.62208823831858,-10.00115564499033],[-103.66076861706732,-9.951266583663118],[-103.6976468630604,-9.900074883948065],[-103.73267857525371,-9.84764347018631],[-103.76582168051779,-9.79403675485668],[-103.79703648090828,-9.739320557423632],[-103.82628569767155,-9.683562021644233],[-103.8535345119652,-9.626829531448216],[-103.8787506022774,-9.569192625503963],[-103.90190417853613,-9.510721910584053],[-103.92296801290233,-9.45148897384363],[-103.94191746724786,-9.39156629412469],[-103.95873051732136,-9.331027152398825],[-103.97338777361105,-9.269945541460666],[-103.98587249891659,-9.208396074983398],[-103.99617062264518,-9.146453896047197],[-104.00427075185166,-9.084194585250433],[-104.01016417904383,-9.021694068512486],[-104.01384488677826,-8.959028524676407],[-104.01530954907358,-8.896274293018255],[-104.01455752967074,-8.833507780768953],[-104.01159087717204,-8.770805370753584],[-104.00641431709205,-8.70824332925152],[-103.99903524085603,-8.645897714180006],[-103.98946369178239,-8.583844283702456],[-103.9777123480872,-8.52215840536122],[-103.96379650295074,-8.460914965833918],[-103.9477340416866,-8.400188281410951],[-103.92954541605519,-8.34005200929002],[-103.90925361576495,-8.280579059783523],[-103.88688413720547,-8.221841509531977],[-103.86246494945765,-8.163910515816253],[-103.83602645762737,-8.10685623206002],[-103.80760146355028,-8.050747724612085],[-103.77722512391607,-7.99565289089742],[-103.74493490586246,-7.941638379023992],[-103.71077054008977,-7.888769508931562],[-103.67477397154852,-7.837110195166258],[-103.63698930775399,-7.786722871364529],[-103.5974627647831,-7.737668416527567],[-103.5562426110102,-7.690006083166026],[-103.51337910864036,-7.643793427393145],[-103.46892445310087,-7.599086241042903],[-103.42293271035183,-7.555938485887788],[-103.37545975218094,-7.514402230028699],[-103.32656318954729,-7.474527586528016],[-103.27630230404246,-7.436362654354551],[-103.22473797753864,-7.399953461706729],[-103.17193262009539,-7.365343911778249],[-103.11795009619945,-7.332575731028523],[-103.06285564941332,-7.3016884200167445],[-103.0067158255111,-7.272719206856981],[-102.94959839418159,-7.245703003347955],[-102.89157226938161,-7.220672363829134],[-102.83270742842315,-7.197657446811547],[-102.7730748298815,-7.176685979428733],[-102.71274633041214,-7.157783224749966],[-102.6517946005668,-7.140971951995079],[-102.59029303970014,-7.126272409686552],[-102.52831569006075,-7.113702301771422],[-102.46593715016098,-7.1032767667415815],[-102.40323248752193,-7.095008359778253],[-102.34027715089076,-7.088907037942298],[-102.2771468820284,-7.08498014842825],[-102.2139176271672,-7.083232419896729],[-102.15066544823745,-7.083665956895835],[-102.08746643396354,-7.086280237378084],[-102.0243966109298,-7.09107211331644],[-101.96153185471654,-7.0980358144182745],[-101.89894780120643,-7.107162954932763],[-101.8367197581614,-7.118442543543535],[-101.77492261716932,-7.131860996334375],[-101.71363076605938,-7.147402152811817],[-101.65291800188373,-7.1650472949656505],[-101.59285744456264,-7.184775169343428],[-101.53352145128835,-7.2065620121128005],[-101.47498153178216,-7.230381577080941],[-101.4173082644974,-7.256205166637434],[-101.36057121385925,-7.284001665583655],[-101.3048388486312,-7.31373757780794],[-101.25017846149517,-7.345377065763264],[-101.19665608993122,-7.378881992700803],[-101.14433643848055,-7.414211967609447],[-101.09328280247298,-7.451324392809235],[-101.04355699329884,-7.490174514143113],[-100.99521926530221,-7.530715473709503],[-100.94832824437127,-7.57289836507476],[-100.90294085829838,-7.61667229090325],[-100.85911226898133,-7.6619844229394305],[-100.81689580653462,-7.708780064274567],[-100.77634290537755,-7.757002713828899],[-100.73750304236454,-7.806594132977178],[-100.70042367702058,-7.857494414244515],[-100.66515019394272,-7.909642051996769],[-100.63172584742786,-7.962974015048852],[-100.60019170838389,-8.017425821111527],[-100.57058661358117,-8.072931612996799],[-100.5429471172982,-8.129424236499412],[-100.51730744541564,-8.186835319871228],[-100.49369945200985,-8.245095354803412],[-100.47215257849703,-8.304133778829867],[-100.45269381537712,-8.36387905906438],[-100.43534766662559,-8.424258777182018],[-100.42013611678064,-8.485199715554721],[-100.40707860077082,-8.546627944448828],[-100.39619197652918,-8.608468910191846],[-100.38749050043654,-8.670647524214184],[-100.38098580563725,-8.733088252869809],[-100.37668688326872,-8.79571520793955],[-100.37460006664492,-8.858452237718693],[-100.37472901843313,-8.921223018589545]]]}},{"type":"Feature","properties":{"group":"C3","age_Ma":50.0,"plate_id":601,"material":"inherited nucleus parcel; radius 200 km","area_km2":125627.88959134814},"geometry":{"type":"Polygon","coordinates":[[[49.951936917839454,-10.837903407774313],[49.96410751942488,-10.776281404685422],[49.978453424452184,-10.715113302416512],[49.9949559584928,-10.654473256944671],[50.01359387941999,-10.594434742765019],[50.03434340805195,-10.535070465702113],[50.057178261501164,-10.476452276792381],[50.08206968917739,-10.418651087327012],[50.10898651139096,-10.361736785143288],[50.13789516050263,-10.30577815225127],[50.16875972456464,-10.25084278388091],[50.201541993398386,-10.196997009032964],[50.236201507051746,-10.144305812615915],[50.27269560657934,-10.092832759249223],[50.31097948708798,-10.042639918811929],[50.35100625298788,-9.993787793813182],[50.3927269753902,-9.946335248661084],[50.43609075158989,-9.90033944090258],[50.48104476657133,-9.85585575450723],[50.52753435647391,-9.812937735264152],[50.57550307395213,-9.771637028361212],[50.624892755364996,-9.732003318211461],[50.675643589726484,-9.694084270592354],[50.72769418934845,-9.657925477158637],[50.78098166210535,-9.623570402389014],[50.835441685248625,-9.591060333024565],[50.89100858069715,-9.560434330053077],[50.94761539172841,-9.531729183292756],[51.00519396099345,-9.50497936862489],[51.063675009777306,-9.48021700792278],[51.12298821842446,-9.4574718317219],[51.18306230784828,-9.436771144672564],[51.243825122040874,-9.418139793814706],[51.30520371149932,-9.401600139709663],[51.36712441748207,-9.387172030462228],[51.42951295700898,-9.374872778662823],[51.49229450851628,-9.364717141275532],[51.55539379807778,-9.356717302495184],[51.6187351861018,-9.350882859593876],[51.68224275441336,-9.347220811772026],[51.74584039362983,-9.345735552028088],[51.80945189073821,-9.346428862055388],[51.87300101678179,-9.349299910172428],[51.93641161456351,-9.354345252289097],[51.99960768627379,-9.361558835907314],[52.06251348095009,-9.370932007151996],[52.12505358167633,-9.38245352082347],[52.187152992430605,-9.396109553460805],[52.248737224489645,-9.411883719399736],[52.309732382300055,-9.429757089807772],[52.370065248726775,-9.449708214673949],[52.429663369589896,-9.471713147728588],[52.48845513740258,-9.495745474264025],[52.54636987422418,-9.521776341825477],[52.60333791354281,-9.549774493736535],[52.659290681104515,-9.579706305422324],[52.71416077460659,-9.611535823488696],[52.767882042174456,-9.645224807514955],[52.82038965954308,-9.680732774512629],[52.871620205865476,-9.718017046002101],[52.921511738072276,-9.757032797654935],[52.970003863708286,-9.797733111447851],[53.017037812173285,-9.840069030271666],[53.06255650429579,-9.88398961493645],[53.10650462017053,-9.92944200351135],[53.148828665191445,-9.976371472936204],[53.1894770342134,-10.02472150283873],[53.22840007377792,-10.074433841490825],[53.26555014233859,-10.125448573833625],[53.3008816684238,-10.177704191500698],[53.33435120667533,-10.231137664765848],[53.365917491702575,-10.28568451634108],[53.39554148969282,-10.34127889694792],[53.42318644772011,-10.397853662583826],[53.44881794069426,-10.455340453404144],[53.47240391589438,-10.513669774137758],[53.4939147350307,-10.572771075953957],[53.513323213779955,-10.632572839695445],[53.530604658739925,-10.693002660391766],[53.545736901749635,-10.753987332965252],[53.5587003315225,-10.815452939040684],[53.569477922539654,-10.87732493476779],[53.57805526115308,-10.93952823956445],[53.584420568846845,-11.001987325686981],[53.588564722607174,-11.064626308532452],[53.59048127235279,-11.127369037576008],[53.590166455376995,-11.190139187845404],[53.58761920775559,-11.252860351832616],[53.58284117267506,-11.315456131741707],[53.57583670563743,-11.377850231969843],[53.56661287649968,-11.439966551717776],[53.55517946830787,-11.501729277623513],[53.54154897288801,-11.563062976312711],[53.52573658315818,-11.623892686757019],[53.507760182129516,-11.684144012330828],[53.487640328566066,-11.743743212455334],[53.46540023927745,-11.802617293717496],[53.441065768021744,-11.860694100351425],[53.414665380999296,-11.91790240396658],[53.386230128924,-11.974171992409156],[53.3557936156617,-12.029433757639572],[53.32339196343099,-12.083619782510286],[53.28906377456762,-12.136663426326706],[53.25285008985795,-12.188499409074199],[53.21479434345466,-12.239063894193972],[53.17494231439249,-12.288294569790473],[53.13334207472983,-12.336130728154172],[53.09004393434793,-12.382513343482989],[53.04510038244685,-12.427385147687687],[52.99856602578517,-12.470690704166689],[52.950497523717075,-12.512376479437812],[52.900953520088656,-12.552390912516012],[52.84999457206367,-12.590684481927653],[52.79768307595555,-12.627209770254831],[52.74408319015181,-12.661921526105557],[52.68926075522405,-12.694776723408186],[52.63328321132513,-12.72573461793208],[52.57621951298294,-12.754756800939946],[52.51814004140751,-12.781807249880966],[52.45911651443638,-12.806852376037828],[52.39922189424976,-12.829861069045464],[52.33853029299443,-12.850804738203987],[52.277116876462216,-12.869657350512979],[52.215057765974734,-12.886395465359874],[52.1524299386322,-12.900998265800238],[52.08931112608993,-12.913447586374218],[52.02577971203048,-12.923727937408438],[51.96191462850445,-12.931826525759297],[51.89779525131669,-12.93773327196012],[51.83350129463751,-12.941440823740187],[51.769112705022046,-12.942944565891413],[51.70470955502239,-12.942242626464004],[51.64037193657861,-12.939335879280108],[51.57617985437569,-12.934227942760343],[51.51221311935381,-12.926925175065847],[51.44855124255802,-12.917436665564411],[51.38527332951318,-12.905774222636722],[51.32245797530732,-12.89195235784494],[51.260183160564836,-12.875988266492836],[51.19852614848711,-12.857901804612608],[51.137563383135074,-12.837715462420848],[51.07737038912368,-12.815454334291278],[51.018021672893234,-12.79114608529854],[50.959590625717865,-12.764820914392766],[50.90214942860504,-12.7365115142704],[50.845768959234064,-12.706253028012357],[50.79051870107488,-12.6740830025649],[50.736466654821925,-12.640041339143993],[50.683679252269805,-12.604170240648767],[50.632221272751025,-12.566514156172637],[50.58215576224755,-12.527119722706214],[50.533543955280884,-12.486035704128271],[50.48644519967657,-12.44331292758539],[50.44091688429231,-12.399004217363386],[50.397014369789325,-12.35316432635621],[50.3547909225203,-12.305849865241122],[50.314297651597904,-12.25711922946979],[50.27558344920119,-12.207032524188136],[50.23869493416912,-12.155651487198101],[50.20367639892274,-12.103039410076478],[50.17056975975123,-12.049261057566346],[50.139414510488784,-11.994382585357993],[50.11024767960403,-11.938471456375785],[50.083103790715974,-11.88159635568878],[50.05801482654513,-11.823827104161653],[50.03501019630251,-11.765234570963543],[50.014116706513676,-11.705890585050907],[49.99535853526971,-11.645867845741183],[49.978757209892855,-11.58523983249168],[49.96433158799899,-11.524080713999611],[49.952097841936315,-11.462465256735678],[49.942069446575,-11.40046873302447],[49.93425717041904,-11.33816682878302],[49.92866907000919,-11.275635551027676],[49.92531048758228,-11.21295113525816],[49.92418405194971,-11.15018995282632],[49.92528968255644,-11.0874284183961],[49.92862459667864,-11.024742897598815],[49.934183319717015,-10.962209614987495],[49.94195769854126,-10.899904562391834],[49.951936917839454,-10.837903407774313]]]}},{"type":"Feature","properties":{"group":"C4","age_Ma":50.0,"plate_id":712,"material":"inherited nucleus parcel; radius 200 km","area_km2":125627.88959134796},"geometry":{"type":"Polygon","coordinates":[[[-119.30427726109977,-79.97221968862186],[-119.51530790748811,-80.02317774009448],[-119.73861989357258,-80.07268250493512],[-119.97402542932375,-80.1206516414142],[-120.22130323585972,-80.16700407789317],[-120.48019770631535,-80.21166024486841],[-120.75041822905598,-80.2545423138626],[-121.03163869315512,-80.29557444199443],[-121.32349719535587,-80.33468302088968],[-121.62559596659884,-80.37179692843425],[-121.93750153460986,-80.40684778171405],[-122.2587451369797,-80.43977018934537],[-122.58882339664441,-80.47050200127228],[-122.92719926869988,-80.498984554004],[-123.27330326409455,-80.525162909184],[-123.62653495198875,-80.54898608333329],[-123.98626473850962,-80.57040726658917],[-124.3518359153568,-80.58938402828103],[-124.7225669673107,-80.60587850723358],[-125.09775412327886,-80.61985758478353],[-125.47667413119224,-80.63129303862313],[-125.85858723295588,-80.64016167575114],[-126.24274031188331,-80.64644544301551],[-126.62837018170939,-80.65013151396252],[-127.01470698349246,-80.65121235097183],[-127.40097765455926,-80.64968574193762],[-127.7864094321958,-80.64555481105712],[-128.17023335408,-80.6388280035968],[-128.55168771752156,-80.6295190448193],[-128.93002146040473,-80.61764687356249],[-129.3044974283119,-80.60323555125838],[-129.67439549456876,-80.58631414746164],[-130.03901550284343,-80.5669166032122],[-130.39768000534264,-80.5450815737866],[-130.74973677349325,-80.52085225258803],[-131.09456106214918,-80.49427617808513],[-131.4315576127077,-80.46540502583484],[-131.76016238494802,-80.43429438770745],[-132.0798440117862,-80.40100354048013],[-132.39010497539041,-80.36559520597567],[-132.69048250710824,-80.32813530489801],[-132.98054921735803,-80.28869270646028],[-133.25991346495803,-80.2473389758175],[-133.52821947826402,-80.2041481212059],[-133.7851472429351,-80.15919634256264],[-134.03041217312443,-80.11256178325529],[-134.26376458440524,-80.06432428639283],[-134.48498898780008,-80.01456515702709],[-134.6939032249121,-79.96336693138427],[-134.8903574643899,-79.91081315410034],[-135.07423307983137,-79.85698816426668],[-135.24544142879802,-79.80197689093461],[-135.40392255190247,-79.74586465857492],[-135.54964381001028,-79.68873700284574],[-135.68259847649392,-79.63067949689186],[-135.8028043002507,-79.5717775882773],[-135.91030205387156,-79.51211644654681],[-136.0051540799795,-79.45178082131578],[-136.08744284735786,-79.39085491070604],[-136.15726952710824,-79.32942223987402],[-136.21475259772106,-79.26756554931885],[-136.26002648664024,-79.20536669260962],[-136.29324025466883,-79.14290654313272],[-136.31455632840323,-79.080264909432],[-136.32414928481177,-79.01752045869314],[-136.32220469109186,-78.95475064791121],[-136.30891800205256,-78.89203166227438],[-136.28449351647177,-78.82943836029501],[-136.24914339317627,-78.76704422522462],[-136.20308672697308,-78.7049213222974],[-136.14654868403153,-78.64314026135872],[-136.07975969586047,-78.58177016444917],[-136.00295471064368,-78.52087863793221],[-135.91637250038522,-78.4605317487722],[-135.8202550220607,-78.40079400458661],[-135.7148468307762,-78.34172833712074],[-135.60039454278407,-78.28339608880957],[-135.47714634610145,-78.2258570021154],[-135.3453515564078,-78.16916921134896],[-135.2052602158628,-78.11338923670213],[-135.05712273247826,-78.05857198024097],[-134.90118955769196,-78.00477072362585],[-134.73771089983038,-77.9520371273443],[-134.56693647119397,-77.90042123126014],[-134.3891152665691,-77.84997145629778],[-134.20449537103872,-77.8007346070979],[-134.0133237950537,-77.7527558754942],[-133.8158463348088,-77.70607884467547],[-133.61230745606272,-77.66074549390935],[-133.40295019963443,-77.61679620371733],[-133.1880161069037,-77.57426976140032],[-132.9677451637367,-77.533203366825],[-132.7423757613542,-77.49363263839118],[-132.51214467274752,-77.45559161910698],[-132.27728704333924,-77.41911278270928],[-132.03803639467046,-77.384227039772],[-131.79462463997774,-77.35096374375202],[-131.54728211060382,-77.31935069692844],[-131.29623759225757,-77.2894141561965],[-131.04171837021286,-77.26117883868174],[-130.78395028259848,-77.23466792714444],[-130.52315778099688,-77.20990307514911],[-130.25956399762492,-77.18690441197535],[-129.9933908184249,-77.16569054725205],[-129.7248589614426,-77.14627857529695],[-129.45418805991653,-77.12868407914817],[-129.1815967495411,-77.11292113427513],[-128.90730275940746,-77.09900231195832],[-128.63152300615735,-77.08693868233014],[-128.35447369091554,-77.07673981706851],[-128.0763703985943,-77.06841379173805],[-127.79742819918523,-77.06196718777335],[-127.51786175067319,-77.05740509410121],[-127.23788540322408,-77.05473110839803],[-126.95771330430972,-77.05394733798052],[-126.67755950444378,-77.05505440032796],[-126.3976380632081,-77.05805142323558],[-126.11816315525168,-77.06293604459805],[-125.83934917594516,-77.06970441182422],[-125.5614108463687,-77.0783511808833],[-125.28456331730628,-77.08886951498515],[-125.009022271907,-77.1012510828961],[-124.735004026664,-77.11548605689394],[-124.46272563034053,-77.13156311036639],[-124.19240496045751,-77.14946941505731],[-123.9242608169291,-77.16919063796792],[-123.65851301240843,-77.19071093791902],[-123.39538245887373,-77.21401296178503],[-123.13509124995069,-77.2390778404088],[-122.87786273842883,-77.26588518421013],[-122.62392160838722,-77.29441307850378],[-122.37349394129902,-77.32463807854222],[-122.12680727543332,-77.3565352043047],[-121.88409065781885,-77.39007793505495],[-121.64557468797608,-77.42523820369372],[-121.41149155255995,-77.46198639093801],[-121.18207504998911,-77.50029131936031],[-120.9575606040677,-77.5401202473287],[-120.73818526552735,-77.58143886289291],[-120.52418770034107,-77.62421127766753],[-120.31580816357577,-77.66840002077006],[-120.11328845746415,-77.71396603287958],[-119.91687187228823,-77.76086866048898],[-119.72680310857326,-77.80906565043252],[-119.54332817899909,-77.85851314478083],[-119.36669428833943,-77.90916567620478],[-119.19714968964546,-77.96097616392167],[-119.0349435147966,-78.01389591034877],[-118.88032557744906,-78.06787459860281],[-118.73354614632622,-78.12286029099752],[-118.59485568671317,-78.17879942870667],[-118.46450456794427,-78.23563683277507],[-118.34274273461078,-78.29331570667824],[-118.22981933916536,-78.35177764064767],[-118.12598233356907,-78.41096261799774],[-118.03147801761305,-78.47080902370932],[-117.946550541561,-78.53125365554577],[-117.8714413607972,-78.59223173799604],[-117.80638864024127,-78.65367693936119],[-117.75162660640241,-78.71552139232148],[-117.70738484510278,-78.77769571834132],[-117.67388754310761,-78.84012905628981],[-117.65135267216108,-78.9027490956745],[-117.63999111425181,-78.96548211490266],[-117.64000572732552,-79.0282530250029],[-117.65159035112742,-79.09098541925172],[-117.67492875340427,-79.1536016291633],[-117.71019351732707,-79.21602278730657],[-117.75754487171369,-79.27816889741803],[-117.81712946644308,-79.33995891227792],[-117.88907909635672,-79.40131081980785],[-117.97350937794037,-79.462141737836],[-118.07051838416558,-79.52236801795345],[-118.18018524404395,-79.58190535885379],[-118.30256871469331,-79.64066892951],[-118.4377057350288,-79.69857350249154],[-118.58560997155172,-79.75553359766398],[-118.74627036809636,-79.81146363643995],[-118.91964971278972,-79.86627810666779],[-119.10568323684255,-79.91989173814282],[-119.30427726109977,-79.97221968862186]]]}},{"type":"Feature","properties":{"group":"C5","age_Ma":50.0,"plate_id":8011,"material":"inherited nucleus parcel; radius 200 km","area_km2":125627.8895913484},"geometry":{"type":"Polygon","coordinates":[[[138.57821348768002,-2.103779950433617],[138.57993357720756,-2.0410325813726873],[138.58384256423898,-1.9783833533134834],[138.58993544969744,-1.9159085042065271],[138.59820459205267,-1.8536840522386187],[138.60863971742495,-1.791785704131208],[138.6212279327132,-1.730288763833502],[138.63595374173232,-1.6692680417115218],[138.65279906434296,-1.608797764335226],[138.67174325855459,-1.5489514849652428],[138.69276314558175,-1.4898019948394812],[138.7158330378306,-1.4314212353601943],[138.7409247697899,-1.3738802112811574],[138.7680077318013,-1.317248904994553],[138.79704890667767,-1.2615961920149157],[138.82801290913827,-1.2069897577592434],[138.86086202802656,-1.1534960157188456],[138.8955562712732,-1.101180027119861],[138.93205341356378,-1.0501054221669401],[138.9703090466692,-1.0003343229640247],[139.0102766323918,-0.9519272682053015],[139.05190755807823,-0.9049431397269304],[139.0951511946464,-0.8594390910102274],[139.1399549570704,-0.8154704777242145],[139.18626436726348,-0.7730907903941793],[139.23402311929613,-0.7323515892811708],[139.2831731468823,-0.693302441555016],[139.33365469306216,-0.6559908608412631],[139.38540638200828,-0.6204622492208968],[139.43836529287566,-0.5867598417574665],[139.49246703561388,-0.5549246536260259],[139.5476458286556,-0.5249954299128474],[139.6038345783916,-0.4970085981539766],[139.66096496033882,-0.4709982236765535],[139.71896750190507,-0.44699596780306333],[139.77777166664913,-0.4250310489767592],[139.83730593993405,-0.40513020686103796],[139.897497915865,-0.3873176694629078],[139.9582743854035,-0.37161512332648544],[140.0195614255449,-0.35804168683838256],[140.08128448944356,-0.3466138866823975],[140.14336849736927,-0.33734563747725704],[140.20573792837487,-0.3302482246258756],[140.26831691255435,-0.3253302904010467],[140.33102932376818,-0.32259782328731834],[140.39379887271267,-0.32205415059415804],[140.45654920020868,-0.32369993435139416],[140.51920397058376,-0.32753317049221914],[140.58168696502298,-0.3335491913258321],[140.6439221747629,-0.34174067129527014],[140.70583389400306,-0.35209763601257277],[140.76734681241192,-0.36460747455854203],[140.82838610710255,-0.3792549550288348],[140.88887753395744,-0.39602224330493485],[140.94874751818122,-0.4148889250225549],[141.0079232439635,-0.43583203070682],[141.0663327431348,-0.45882606403850845],[141.12390498270315,-0.483843033211417],[141.18056995115833,-0.5108524853371517],[141.2362587434372,-0.5398215438495771],[141.2909036444436,-0.5707149488567009],[141.34443821102184,-0.6034951003851039],[141.39679735228412,-0.6381221044572531],[141.44791740819787,-0.6745538219401073],[141.49773622634035,-0.7127459200983601],[141.5461932367339,-0.7526519267842103],[141.59322952467684,-0.7942232871919145],[141.63878790149036,-0.8374094231025505],[141.68281297310466,-0.8821577945418034],[141.72525120641188,-0.928413963772035],[141.7660509933168,-0.9761216615360504],[141.80516271242038,-1.0252228554696028],[141.84253878827445,-1.0756578205963783],[141.87813374814988,-1.1273652118184432],[141.91190427626375,-1.18028213831235],[141.9438092654147,-1.2343442397410862],[141.97380986597813,-1.289485764188985],[142.00186953221802,-1.345639647727075],[142.0279540658724,-1.4027375955136436],[142.05203165697498,-1.4607101643352665],[142.0740729218766,-1.5194868464913376],[142.09405093843324,-1.5789961549247624],[142.11194127833082,-1.6391657095014407],[142.127722036517,-1.6999223243386576],[142.14137385771573,-1.7611920960838379],[142.15287995999938,-1.8229004930433659],[142.1622261553978,-1.8849724450605232],[142.16940086752334,-1.9473324340421951],[142.17439514619605,-2.0099045850321264],[142.17720267905045,-2.0726127577294076],[142.17781980011236,-2.135380638349553],[142.17624549533204,-2.198131831725327],[142.1724814050633,-2.2607899535449536],[142.166531823481,-2.323278722623639],[142.15840369492807,-2.385522053105516],[142.14810660719002,-2.447444146491798],[142.13565278169105,-2.5089695833911896],[142.1210570606134,-2.570023414888415],[142.10433689093932,-2.6305312534264607],[142.08551230542082,-2.6904193630982887],[142.06460590048178,-2.7496147492431535],[142.04164281106196,-2.8080452472432245],[142.0166506824136,-2.8656396104166255],[141.98965963886485,-2.922327596901477],[141.96070224956733,-2.9780400554283513],[141.9298134912476,-3.0327090098762746],[141.89703070798683,-3.086267742509777],[141.86239356805615,-3.1386508757939766],[141.8259440178379,-3.1897944526856903],[141.7877262328687,-3.2396360152993093],[141.74778656604292,-3.2881146818472993],[141.7061734930205,-3.3351712217558354],[141.66293755488604,-3.380748128858063],[141.6181312981129,-3.4247896925676042],[141.57180921188805,-3.4672420669384536],[141.5240276628605,-3.508053337517477],[141.4748448273796,-3.547173585897997],[141.42432062129532,-3.5845549518865916],[141.37251662739664,-3.6201516931952136],[141.31949602057,-3.653920242575519],[141.26532349076496,-3.685819262313878],[141.21006516385776,-3.7158096960085465],[141.1537885205097,-3.743854817554332],[141.09656231312178,-3.769920277263213],[141.03845648099116,-3.7939741450523896],[140.97954206377952,-3.8159869506361077],[140.9198911134092,-3.8359317206609984],[140.85957660450396,-3.853784012728489],[140.7986723434987,-3.8695219462533625],[140.7372528765435,-3.883126230110652],[140.67539339633097,-3.8945801870290677],[140.61316964798084,-3.903869774692823],[140.55065783411484,-3.9109836035196075],[140.48793451926107,-3.9159129510866846],[140.42507653372567,-3.9186517731829684],[140.36216087707322,-3.9191967114697883],[140.29926462135808,-3.917547097737793],[140.23646481424802,-3.913704954754341],[140.17383838218456,-3.907674993699043],[140.11146203372158,-3.899464608192193],[140.04941216318525,-3.889083864924979],[139.98776475479633,-3.876545490906317],[139.92659528739472,-3.8618648573463643],[139.86597863990488,-3.845059960201523],[139.8059889976784,-3.826151397411062],[139.74669975984708,-3.8051623428609145],[139.6881834478176,-3.78211851711449],[139.6305116150361,-3.757048154955089],[139.57375475814635,-3.729981969789684],[139.51798222966278,-3.700953114967841],[139.4632621522746,-3.66999714207355],[139.40966133489394,-3.6371519562527737],[139.35724519055586,-3.6024577686422212],[139.30607765627397,-3.565957045969808],[139.25622111495034,-3.5276944573996656],[139.2077363194338,-3.487716818698524],[139.16068231881573,-3.4460730338033274],[139.11511638704755,-3.4028140338728785],[139.07109395395912,-3.357992713908409],[139.02866853875187,-3.3116638670312892],[138.98789168603622,-3.26388411650805],[138.9488129044776,-3.2147118456145485],[138.91147960811054,-3.164207125433771],[138.87593706037512,-3.112431640682592],[138.8422283209265,-3.059448613665309],[138.8103941952625,-3.005322726451978],[138.78047318721138,-2.9501200413818203],[138.75250145431562,-2.8939079199921744],[138.72651276614582,-2.836754940474821],[138.70253846557335,-2.778730813762193],[138.68060743302738,-2.719906298345805],[138.660746053758,-2.660353113931497],[138.6429781881252,-2.600143854034226],[138.62732514492734,-2.5393518976172564],[138.6138056577839,-2.4780513198799086],[138.60243586458066,-2.416316802297924],[138.59322928998571,-2.3542235420216846],[138.5861968310401,-2.291847160735968],[138.58134674582607,-2.2292636130861294],[138.5786846452132,-2.1665490947748447],[138.57821348768002,-2.103779950433617]]]}},{"type":"Feature","properties":{"group":"C6","age_Ma":50.0,"plate_id":8031,"material":"inherited nucleus parcel; radius 200 km","area_km2":125627.88959134783},"geometry":{"type":"Polygon","coordinates":[[[169.29302752657233,-13.944416511891427],[169.24939872433947,-13.898081936958707],[169.20747899010104,-13.850291089569904],[169.16731898846035,-13.801103043714384],[169.1289671166288,-13.750578557169042],[169.09246944912533,-13.698779993210442],[169.05786968593125,-13.645771240535412],[169.02520910412866,-13.591617631509395],[168.99452651304537,-13.536385858862229],[168.96585821292157,-13.480143890951286],[168.93923795710657,-13.4229608857122],[168.9146969177867,-13.364907103416613],[168.89226365524198,-13.30605381835651],[168.87196409062003,-13.246473229573944],[168.85382148221333,-13.18623837075419],[168.83785640521918,-13.125423019399157],[168.8240867349581,-13.064101605397136],[168.8125276335215,-13.002349119103911],[168.80319153981657,-12.940241019048473],[168.7960881629716,-12.87785313937533],[168.7912244790632,-12.81526159713458],[168.78860473112272,-12.752542699528178],[168.78823043237801,-12.689772851220248],[168.79010037268355,-12.627028461817266],[168.7942106280897,-12.564385853622452],[168.80055457350218,-12.501921169766282],[168.80912289837863,-12.43971028281477],[168.8199036254101,-12.37782870395402],[168.83288213213314,-12.316351492848362],[168.8480411754178,-12.255353168268538],[168.86536091877554,-12.194907619582631],[168.88481896243113,-12.135088019203245],[168.9063903761015,-12.075966736080717],[168.930047734424,-12.017615250331703],[168.95576115497713,-11.960104069089834],[168.98349833883435,-11.903502643664748],[169.0132246135937,-11.847879288092804],[169.04490297882336,-11.793301099161956],[169.07849415386443,-11.739833877991433],[169.11395662793078,-11.68754205324489],[169.15124671244604,-11.6364886060545],[169.19031859555676,-11.586734996731465],[169.23112439876004,-11.538341093336648],[169.27361423558492,-11.49136510218314],[169.31773627226232,-11.44586350034176],[169.36343679032296,-11.401890970216908],[169.41066025105607,-11.359500336259979],[169.45934936176553,-11.31874250388459],[169.50944514375578,-11.279666400646331],[169.56088700198077,-11.242318919747458],[169.6136127962867,-11.20674486592516],[169.66755891417978,-11.172986903779107],[169.72266034504665,-11.141085508592713],[169.7788507557567,-11.111078919699452],[169.83606256757145,-11.083003096443598],[169.89422703428733,-11.056891676781323],[169.95327432153525,-11.03277593856741],[170.0131335871596,-11.010684763567872],[170.07373306259848,-10.990644604237863],[170.13500013518563,-10.972679453300223],[170.1968614312924,-10.956810816158146],[170.25924290022874,-10.943057686171581],[170.32206989882013,-10.93143652282436],[170.38526727657606,-10.921961232806408],[170.4487594613664,-10.914643154031035],[170.5124705455191,-10.909491042606028],[170.57632437225487,-10.906511062771402],[170.64024462237063,-10.905706779816652],[170.70415490108613,-10.907079155983917],[170.76797882496658,-10.910626549362417],[170.83164010883362,-10.916344715774862],[170.8950626525777,-10.924226813654489],[170.95817062778522,-10.934263411906393],[171.02088856409327,-10.946442500745121],[171.08314143518592,-10.9607495054962],[171.14485474434582,-10.977167303346953],[171.20595460947686,-10.995676243027043],[171.26636784751247,-11.01625416739837],[171.3260220581264,-11.038876438928936],[171.38484570666338,-11.063515968023074],[171.44276820620834,-11.090143244176948],[171.49971999871264,-11.118726369926172],[171.5556326350991,-11.149231097548457],[171.61043885426696,-11.18162086848222],[171.66407266091989,-11.215856855418558],[171.71646940214143,-11.251898007022861],[171.76756584264385,-11.28970109523709],[171.817300238616,-11.329220765115066],[171.8656124101,-11.370409587136338],[171.91244381182457,-11.413218111945977],[171.95773760242645,-11.457594927462342],[172.00143871199143,-11.503486718294228],[172.04349390784745,-11.550838327406627],[172.08385185854414,-11.599592819971507],[172.12246319595346,-11.649691549338586],[172.15928057542678,-11.701074225059921],[172.19425873394633,-11.7536789828978],[172.22735454620656,-11.807442456747136],[172.25852707856558,-11.862299852398056],[172.2877376408038,-11.918185023065979],[172.31494983563005,-11.975030546612317],[172.34012960587475,-12.03276780437832],[172.36324527931077,-12.091327061552605],[172.38426761104236,-12.150637548992016],[172.40316982340337,-12.210627546412134],[172.41992764330695,-12.27122446686384],[172.4345193369879,-12.332354942409552],[172.44692574208028,-12.393944910911785],[172.45713029697345,-12.455919703844526],[172.4651190673893,-12.518204135036056],[172.4708807701251,-12.58072259025118],[172.4744067939055,-12.643399117518229],[172.47569121729055,-12.706157518104218],[172.4747308235843,-12.768921438040968],[172.47152511269258,-12.83161446010259],[172.46607630987788,-12.894160196132663],[172.45838937136176,-12.956482379618281],[172.44847198672656,-13.018504958407114],[172.43633457807005,-13.080152187459662],[172.4219902958696,-13.141348721530521],[172.40545501151396,-13.202019707667748],[172.38674730646486,-13.262090877420016],[172.3658884580123,-13.321488638639158],[172.34290242159338,-13.380140166763816],[172.31781580964488,-13.437973495469375],[172.29065786696805,-13.494917606567954],[172.2614604425858,-13.550902519040806],[172.2302579580787,-13.605859377085253],[172.1970873723918,-13.659720537057076],[172.1619881431091,-13.712419653188972],[172.12500218420007,-13.76389176196486],[172.08617382024752,-13.814073365030426],[172.0455497371747,-13.862902510519937],[172.0031789294943,-13.910318872679373],[171.9591126441127,-13.956263829667224],[171.9134043207271,-14.000680539414287],[171.86610952886397,-14.043514013425776],[171.81728590161327,-14.084711188410042],[171.76699306612275,-14.124220995619464],[171.71529257092442,-14.161994427792145],[171.6622478101735,-14.197984603584612],[171.60792394488976,-14.232146829388686],[171.5523878212985,-14.264438658428412],[171.49570788637823,-14.294819947036778],[171.43795410072892,-14.323252908015446],[171.37919784888513,-14.349702160984092],[171.3195118472039,-14.374134779631438],[171.25897004946702,-14.396520335783464],[171.19764755034387,-14.416830940210243],[171.13562048686836,-14.435041280097265],[171.07296593808994,-14.451128653113189],[171.00976182306525,-14.465072998011468],[170.94608679736288,-14.476856921708931],[170.88202014825796,-14.486465722791808],[170.8176416887994,-14.493887411404232],[170.75303165093487,-14.499112725483036],[170.68827057788414,-14.502135143307365],[170.62343921595158,-14.50295089233983],[170.55861840597325,-14.501558954342618],[170.49388897459303,-14.497961066758503],[170.42933162556457,-14.492161720354334],[170.36502683127478,-14.484168153131499],[170.30105472468438,-14.47399034051485],[170.23749499187855,-14.461640981838649],[170.17442676542018,-14.447135483154744],[170.1119285186932,-14.430491936396233],[170.05007796142206,-14.411731094934158],[169.9889519365475,-14.390876345574398],[169.9286263186349,-14.367953677045541],[169.86917591398637,-14.342991645036637],[169.8106743626205,-14.316021333848164],[169.7531940422794,-14.287076314726804],[169.69680597461348,-14.25619260095856],[169.64157973368964,-14.223408599800766],[169.58758335695848,-14.188765061338119],[169.53488325881108,-14.152305024352538],[169.4835441468443,-14.114073759300975],[169.43362894094952,-14.074118708498403],[169.38519869532686,-14.032489423608144],[169.33831252352212,-13.989237500543977],[169.29302752657233,-13.944416511891427]]]}},{"type":"Feature","properties":{"group":"C1","age_Ma":66.0,"plate_id":101,"material":"inherited nucleus parcel; radius 200 km","area_km2":125627.88959134824},"geometry":{"type":"Polygon","coordinates":[[[-33.20567071056655,10.722114827641333],[-33.238696934879755,10.668383807166084],[-33.27359848715009,10.615813739723249],[-33.310332397054594,10.56446801299539],[-33.34885355531245,10.51440851190599],[-33.389114769358116,10.465695546354429],[-33.43106682113129,10.418387780859366],[-33.47465852692378,10.372542166183342],[-33.51983679921957,10.32821387300952],[-33.566546710464735,10.2854562277394],[-33.6147315587025,10.244320650478699],[-33.66433293500676,10.204856595276654],[-33.71529079264666,10.167111492681208],[-33.767543517913936,10.131130694671766],[-33.82102800254148,10.096957422027467],[-33.87567971764269,10.064632714187942],[-33.9314327890973,10.034195381660114],[-33.9882200743095,10.005681961022901],[-34.04597324026183,9.979126672578634],[-34.10462284278714,9.95456138069757],[-34.164098406979576,9.932015556899294],[-34.22432850866343,9.911516245711372],[-34.28524085683848,9.893088033343878],[-34.34676237701792,9.876753019213966],[-34.4088192953744,9.862530790352968],[-34.47133722360883,9.850438398724556],[-34.534241244454186,9.840490341479553],[-34.59745599772754,9.832698544169752],[-34.660905766840926,9.82707234693992],[-34.724514565682114,9.823618493713429],[-34.788206225775,9.822341124384145],[-34.851904483629596,9.823241770023287],[-34.915533068190776,9.826319351106804],[-34.97901578829457,9.831570178765023],[-35.04227662004172,9.838987959053956],[-35.105239793997555,9.84856380024211],[-35.167829882127414,9.86028622310577],[-35.22997188437796,9.874141174220155],[-35.291591314814895,9.89011204223164],[-35.35261428722799,9.90817967709263],[-35.41296760011602,9.928322412237147],[-35.472578820963655,9.950516089672115],[-35.531376369725805,9.974734087956403],[-35.58928960143288,10.000947353035674],[-35.64624888783476,10.029124431899195],[-35.70218569800046,10.059231509020977],[-35.75703267779284,10.091232445544831],[-35.81072372813882,10.125088821170246],[-35.86319408201713,10.1607599786934],[-35.91438038008701,10.198203071154515],[-35.96422074488285,10.237373111540474],[-36.01265485350122,10.278223024989359],[-36.05962400870847,10.320703703440614],[-36.10507120839772,10.36476406267267],[-36.148941213327085,10.410351101667692],[-36.191180613070216,10.457409964240421],[-36.231737890113756,10.505884002866601],[-36.27056348203579,10.555714844644415],[-36.30760984170195,10.606842459319706],[-36.342831495415744,10.659205229305163],[-36.37618509896201,10.712740021620439],[-36.40762949148237,10.767382261679595],[-36.437125747122685,10.823066008849674],[-36.46463722439421,10.87972403370311],[-36.490129613189424,10.937287896884651],[-36.513570979395915,10.99568802951215],[-36.53493180705073,11.05485381502851],[-36.554185037979735,11.1147136724214],[-36.57130610886623,11.175195140724513],[-36.58627298569375,11.236224964713772],[-36.59906619550896,11.297729181709412],[-36.609668855450934,11.359633209394143],[-36.61806669899373,11.42186193455506],[-36.624248099349934,11.484339802656542],[-36.62820408998398,11.546990908148535],[-36.6299283821842,11.609739085414327],[-36.629417379644174,11.672508000259276],[-36.62667019000527,11.735221241841135],[-36.6216886333129,11.797802414940604],[-36.614477247340886,11.860175232469318],[-36.60504328974057,11.92226360811104],[-36.593396736972146,11.98399174899024],[-36.57955027997902,12.045284248260723],[-36.56351931656791,12.106066177505461],[-36.54532194045982,12.1662631788377],[-36.52497892698147,12.225801556591884],[-36.50251371536815,12.284608368491366],[-36.477952387654895,12.342611516179746],[-36.45132364413477,12.399739835000227],[-36.422658775369435,12.45592318290773],[-36.39199163074066,12.51109252839694],[-36.35935858353689,12.565180037329243],[-36.324798492574736,12.618119158540482],[-36.28835266036081,12.669844708112171],[-36.250064787805385,12.72029295218749],[-36.209980925506215,12.769401688214574],[-36.168149421627014,12.817110324499195],[-36.12462086640287,12.863359957950136],[-36.07944803331152,12.908093449900802],[-36.032685816957446,12.951255499892346],[-35.98439116772292,12.992792717304589],[-35.93462302324877,13.032653690722631],[-35.88344223681504,13.070789054929486],[-35.83091150270005,13.107151555416955],[-35.77709527860453,13.14169611030978],[-35.72205970523566,13.174379869600772],[-35.665872523153816,13.205162271598292],[-35.60860298699333,13.234005096490572],[-35.55032177717558,13.260872516935546],[-35.49110090924117,13.285731145588676],[-35.431013640935234,13.308550079486274],[-35.37013437718685,13.32930094120604],[-35.30853857313033,13.34795791673186],[-35.24630263532337,13.364497789955102],[-35.183503821321665,13.378899973750572],[-35.12022013777663,13.391146537570553],[-35.056530237226724,13.401222231506436],[-34.99251331375863,13.409114506774529],[-34.92824899771685,13.414813532587573],[-34.86381724964527,13.41831220938148],[-34.799298253645844,13.419606178371964],[-34.73477231034229,13.418693827424496],[-34.67031972963727,13.41557629322534],[-34.60602072345363,13.410257459750717],[-34.54195529864857,13.402743953036314],[-34.478203150290625,13.393045132257166],[-34.41484355548698,13.38117307713421],[-34.35195526794727,13.36714257169128],[-34.289616413466945,13.350971084391977],[-34.22790438651056,13.332678744693624],[-34.16689574807105,13.312288316060739],[-34.10666612497712,13.289825165487734],[-34.04729011081505,13.265317229585685],[-33.98884116862722,13.238794977294802],[-33.93139153554174,13.210291369288743],[-33.875012129483416,13.179841814143579],[-33.81977245810726,13.147484121347915],[-33.76574053009069,13.113258451236735],[-33.712982768911644,13.077207261935078],[-33.66156392923288,13.039375253402731],[-33.61154701600496,12.999809308674198],[-33.562993206392264,12.95855843239253],[-33.51596177461768,12.91567368673855],[-33.47051001981485,12.871208124859763],[-33.42669319696736,12.825216721906685],[-33.38456445100676,12.777756303785655],[-33.34417475413324,12.728885473739856],[-33.30557284641469,12.678664536872235],[-33.26880517971248,12.62715542272454],[-33.23391586497377,12.57442160602898],[-33.20094662292449,12.520528025748948],[-33.169936738188106,12.465541002526669],[-33.14092301685002,12.409528154655295],[-33.11393974747989,12.352558312693796],[-33.08901866561898,12.294701432842636],[-33.06618892173223,12.236028509197748],[-33.04547705262121,12.176611485000278],[-33.02690695628725,12.116523162998853],[-33.01049987022961,12.055837115040259],[-32.99627435316031,11.99462759100354],[-32.98424627011093,11.932969427191443],[-32.974428780904695,11.87093795429232],[-32.966832331963204,11.808608905024126],[-32.96146465141329,11.7460583215704],[-32.95833074745791,11.683362462918097],[-32.957432909971516,11.62059771220381],[-32.958770715278106,11.557840484175395],[-32.962341034069254,11.495167132872803],[-32.96813804241571,11.432653859631737],[-32.976153235826835,11.370376621511342],[-32.986375446308585,11.308411040245778],[-32.998790862371884,11.246832311818284],[-33.013383051939606,11.185715116754414],[-33.03013298810193,11.12513353122954],[-33.049019077667296,11.06516093908426],[-33.07001719245624,11.005869944840134],[-33.093100703284506,10.94733228780579],[-33.1182405165814,10.889618757362559],[-33.14540511358819,10.832799109517097],[-33.17456059208168,10.776941984806621],[-33.20567071056655,10.722114827641333]]]}},{"type":"Feature","properties":{"group":"C2","age_Ma":66.0,"plate_id":201,"material":"inherited nucleus parcel; radius 200 km","area_km2":125627.88959134833},"geometry":{"type":"Polygon","coordinates":[[[-100.83226388068154,-12.539608979654156],[-100.83728648636372,-12.602188174210305],[-100.84454582189514,-12.664558118984626],[-100.85403468161138,-12.7266427186779],[-100.86574313068691,-12.78836616894653],[-100.879658508871,-12.849653049075256],[-100.89576543754045,-12.910428414481684],[-100.91404583010679,-12.970617888941977],[-100.9344789058127,-13.030147756425604],[-100.95704120694877,-13.088945052425723],[-100.98170661951808,-13.14693765467128],[-101.00844639737163,-13.204054373103759],[-101.03722918983327,-13.260225039003133],[-101.06802107282806,-13.315380593144326],[-101.10078558352212,-13.36945317286654],[-101.13548375847715,-13.422376197935838],[-101.17207417531598,-13.474084455082263],[-101.2105129978898,-13.524514181091295],[-101.25075402493091,-13.573603144331036],[-101.29274874216709,-13.62129072459514],[-101.3364463778678,-13.667517991143551],[-101.38179396178334,-13.71222777882277],[-101.42873638743121,-13.755364762149137],[-101.47721647767592,-13.796875527239886],[-101.52717505353942,-13.836708641477902],[-101.57855100617223,-13.874814720799064],[-101.63128137190581,-13.91114649449205],[-101.68530141029909,-13.945658867404463],[-101.74054468508297,-13.978308979451146],[-101.79694314789863,-14.009056262323982],[-101.854427224717,-14.037862493306438],[-101.9129259048184,-14.064691846099603],[-101.97236683220363,-14.089510938571014],[-102.03267639930004,-14.112288877341932],[-102.09377984281836,-14.132997299133311],[-102.15560134160945,-14.151610408797055],[-102.218064116363,-14.16810501396224],[-102.28109053098414,-14.182460556234659],[-102.34460219547853,-14.194659138890993],[-102.40852007017018,-14.204685551017512],[-102.47276457107307,-14.212527288047674],[-102.53725567623209,-14.218174568660864],[-102.6019130328465,-14.221620348010314],[-102.66665606498563,-14.222860327255518],[-102.73140408170458,-14.221892959381176],[-102.79607638536639,-14.21871945129148],[-102.86059237997614,-14.213343762176317],[-102.92487167933284,-14.205772598151766],[-102.98883421480484,-14.196015403185728],[-103.05240034253676,-14.184084346325065],[-103.11549094989735,-14.16999430524871],[-103.17802756098082,-14.153762846177651],[-103.23993244097706,-14.13541020017882],[-103.30112869923076,-14.114959235907058],[-103.3615403908138,-14.092435428836058],[-103.42109261644018,-14.067866827034083],[-103.47971162055882,-14.04128401354751],[-103.53732488746587,-14.012720065460273],[-103.59386123528434,-13.982210509702664],[-103.64925090766607,-13.949793275688615],[-103.70342566307906,-13.915508644864982],[-103.75631886154963,-13.87939919726123],[-103.8078655487383,-13.841509755131984],[-103.85800253723512,-13.801887323788963],[-103.90666848496957,-13.760581029722772],[-103.95380397063757,-13.717642056117352],[-103.99935156605765,-13.673123575864317],[-104.04325590537587,-13.627080682185648],[-104.08546375104804,-13.579570316976582],[-104.12592405653601,-13.530651196981868],[-104.16458802566305,-13.480383737920766],[-104.20140916858105,-13.42882997667731],[-104.23634335431093,-13.376053491673344],[-104.26934885982408,-13.322119321543203],[-104.30038641564123,-13.267093882228712],[-104.32941924793126,-13.211044882614384],[-104.35641311709944,-13.154041238821963],[-104.38133635286162,-13.096152987283764],[-104.4041598858058,-13.037451196713985],[-104.42485727544917,-12.978007879096321],[-104.44340473480372,-12.917895899805544],[-104.45978115146823,-12.857188886980413],[-104.47396810526959,-12.795961140263163],[-104.48594988248001,-12.734287539020999],[-104.49571348664105,-12.672243450162405],[-104.50324864602865,-12.609904635661337],[-104.50854781779663,-12.54734715989909],[-104.5116061888389,-12.484647296933971],[-104.51242167341313,-12.42188143780585],[-104.51099490757126,-12.359125997982213],[-104.50732924044334,-12.296457325049941],[-104.5014307224242,-12.2339516067559],[-104.49330809031251,-12.171684779497236],[-104.48297274945442,-12.10973243736142],[-104.470438752944,-12.048169741813476],[-104.45572277793434,-11.98707133212667],[-104.43884409911387,-11.926511236651447],[-104.41982455940256,-11.86656278501495],[-104.39868853792451,-11.807298521343105],[-104.37546291531243,-11.748790118593861],[-104.35017703640125,-11.69110829409038],[-104.322862670368,-11.634322726339667],[-104.29355396837569,-11.578501973222043],[-104.26228741877902,-11.523713391633747],[-104.22910179995084,-11.470023058664466],[-104.1940381307882,-11.41749569438926],[-104.15713961895786,-11.366194586353249],[-104.11845160694106,-11.316181515824702],[-104.0780215159388,-11.26751668589211],[-104.03589878769913,-11.220258651477353],[-103.9921348243284,-11.174464251336536],[-103.94678292615036,-11.130188542117352],[-103.89989822767667,-11.087484734540963],[-103.85153763175433,-11.04640413177348],[-103.8017597419559,-11.006996070050427],[-103.75062479328032,-10.969307861616105],[-103.69819458123236,-10.933384740036864],[-103.6445323893507,-10.899269807945418],[-103.58970291525578,-10.867003987271227],[-103.5337721952894,-10.836625972009385],[-103.47680752782009,-10.808172183578144],[-103.41887739528889,-10.781676728812588],[-103.36005138507234,-10.75717136063975],[-103.30040010923952,-10.734685441476993],[-103.23999512328291,-10.714245909393847],[-103.1789088439026,-10.695877247073671],[-103.11721446592544,-10.679601453609209],[-103.0549858784415,-10.665438019162725],[-102.99229758024144,-10.653403902518914],[-102.92922459463918,-10.643513511555119],[-102.8658423837652,-10.63577868665037],[-102.80222676241672,-10.630208687052042],[-102.73845381155125,-10.62681018021494],[-102.67459979151113,-10.625587234124719],[-102.61074105506633,-10.626541312614483],[-102.54695396036394,-10.629671273679438],[-102.4833147838721,-10.63497337079158],[-102.41989963340656,-10.642441257213221],[-102.35678436132798,-10.652065993304204],[-102.29404447799762,-10.663836056814695],[-102.2317550655786,-10.677737356152294],[-102.16999069226993,-10.69375324660852],[-102.10882532705914,-10.711864549526652],[-102.048332255079,-10.73204957438995],[-101.98858399365335,-10.754284143805496],[-101.92965220911479,-10.7785416213565],[-101.87160763447793,-10.804792942292394],[-101.8145199880486,-10.833006647023094],[-101.7584578930502,-10.863148917381409],[-101.70348879834569,-10.895183615613712],[-101.64967890033303,-10.929072326057561],[-101.59709306609112,-10.96477439946101],[-101.54579475785037,-11.002246999896709],[-101.49584595886282,-11.041445154220765],[-101.44730710074343,-11.08232180402423],[-101.40023699235418,-11.124827860022648],[-101.35469275030079,-11.16891225882677],[-101.31072973111074,-11.214522022035146],[-101.26840146515995,-11.261602317588068],[-101.22775959241464,-11.31009652331859],[-101.18885380005358,-11.359946292636451],[-101.15173176203486,-11.4110916222768],[-101.11643908067079,-11.463470922045474],[-101.08301923027305,-11.517021086489205],[-101.05151350293008,-11.571677568418586],[-101.02196095647727,-11.627374454209226],[-100.99439836472082,-11.684044540804852],[-100.96886016997409,-11.741619414344752],[-100.9453784379666,-11.8000295303358],[-100.92398281518334,-11.859204295288114],[-100.90470048869324,-11.919072149731546],[-100.88755614852442,-11.979560652528523],[-100.872571952643,-12.040596566396971],[-100.85976749459309,-12.102105944556241],[-100.84915977385353,-12.164014218405853],[-100.84076316896787,-12.226246286146873],[-100.83458941350237,-12.288726602252513],[-100.83064757488665,-12.351379267694401],[-100.82894403619086,-12.414128120827858],[-100.82948248089204,-12.476896828839022],[-100.83226388068154,-12.539608979654156]]]}},{"type":"Feature","properties":{"group":"C3","age_Ma":66.0,"plate_id":601,"material":"inherited nucleus parcel; radius 200 km","area_km2":125627.88959134824},"geometry":{"type":"Polygon","coordinates":[[[48.89116519949271,-10.937851112654165],[48.902031898681145,-10.875993779180147],[48.915084243117334,-10.814545793827005],[48.93030509322548,-10.7535816757374],[48.947674724514926,-10.693175314834878],[48.967170856632876,-10.633399884051986],[48.988768685152806,-10.5743277525756],[49.01244091604664,-10.516030400201377],[49.03815780278721,-10.45857833288534],[49.0658871860275,-10.40204099958026],[49.095594535802086,-10.346486710443285],[49.127242996195555,-10.291982556498533],[49.160793432422295,-10.238594330837882],[49.19620448026035,-10.186386451441068],[49.233432597782844,-10.135421885694987],[49.27243211932724,-10.08576207668983],[49.31315531164435,-10.03746687136893],[49.35555243216588,-9.990594450606453],[49.39957178932921,-9.945201261286329],[49.44515980489692,-9.901341950453084],[49.492261078206745,-9.859069301604196],[49.540818452287105,-9.818434173190624],[49.59077308177125,-9.77948543939172],[49.642064502542226,-9.742269933226629],[49.694630703038634,-9.70683239206387],[49.74840819715073,-9.673215405587836],[49.80333209863352,-9.641459366278099],[49.859336196963085,-9.611602422456194],[49.91635303456005,-9.58368043395071],[49.97431398530287,-9.557726930430041],[50.033149334251696,-9.533773072448854],[50.092788358502766,-9.511847615251224],[50.15315940909062,-9.4919768753718],[50.214189993855506,-9.474184700071774],[50.27580686119005,-9.458492439644399],[50.33793608458028,-9.444918922621826],[50.40050314785255,-9.433480433911066],[50.46343303103899,-9.424190695884025],[50.52665029677112,-9.417060852443733],[50.59007917711241,-9.412099456084547],[50.653643660737885,-9.409312457961581],[50.717267580370255,-9.408703200980721],[50.78087470037988,-9.41027241591678],[50.84438880445675,-9.414018220565413],[50.90773378326217,-9.41993612192827],[50.97083372196784,-9.428019021430071],[51.033612987590296,-9.438257223160944],[51.095996316028675,-9.450638445134782],[51.15790889871517,-9.465147833550471],[51.219276468786866,-9.481767980039798],[51.28002538668959,-9.500478941881878],[51.34008272512457,-9.521258265161624],[51.39937635325008,-9.544081010844934],[51.45783502005127,-9.568919783741887],[51.515388436792385,-9.59574476432446],[51.57196735846765,-9.624523743363378],[51.62750366416724,-9.655222159344728],[51.681930436277725,-9.687803138625172],[51.73518203843641,-9.722227538280544],[51.78719419216188,-9.758453991600778],[51.837904052083445,-9.796438956181136],[51.88725027969488,-9.83613676455705],[51.93517311555842,-9.877499677327513],[51.98161444988741,-9.920477938709729],[52.0265178914369,-9.965019834464846],[52.06982883463353,-10.011071752133558],[52.111494524877045,-10.058578243516676],[52.151464121947356,-10.107482089334924],[52.189688761453,-10.157724365999863],[52.22612161425687,-10.209244514425835],[52.26071794381758,-10.261980410810834],[52.29343516138542,-10.315868439312885],[52.324232878992504,-10.370843566546489],[52.35307296017895,-10.426839417821936],[52.37991956839634,-10.483788355048612],[52.404739213031675,-10.541621556222209],[52.42750079299554,-10.600269096413669],[52.448175637818814,-10.659660030176427],[52.466737546202964,-10.719722475286655],[52.4831628219699,-10.780383697730437],[52.49743030735814,-10.841570197848892],[52.50952141361171,-10.903207797552485],[52.519420148811,-10.965221728512635],[52.52711314289274,-11.027536721238414],[52.532589669809674,-11.090077094943778],[52.53584166678005,-11.15276684810977],[52.53686375057767,-11.215529749644388],[52.535653230815775,-11.278289430541285],[52.5322101201778,-11.340969475937237],[52.52653714155038,-11.403493517466128],[52.51863973201533,-11.465785325806644],[52.50852604365888,-11.527768903318492],[52.49620694115903,-11.589368576661254],[52.48169599611336,-11.650509089288072],[52.46500947807324,-11.711115693705112],[52.4461663422526,-11.771114243386837],[52.425188213882,-11.83043128423494],[52.402099369183844,-11.888994145469232],[52.376926712946656,-11.946731029835476],[52.34969975268139,-12.003571103016625],[52.3204505693473,-12.05944458213128],[52.289213784638804,-12.114282823203187],[52.25602652483119,-12.168018407485357],[52.220928381187406,-12.220585226521258],[52.18396136693451,-12.27191856582613],[52.14516987082462,-12.321955187070694],[52.10460060730108,-12.370633408650786],[52.0623025632981,-12.417893184525633],[52.01832694170813,-12.463676181209458],[51.97272710155971,-12.50792585280104],[51.9255584949545,-12.550587513937664],[51.87687860082156,-12.591608410561301],[51.8267468555528,-12.630937788386634],[51.77522458059336,-12.668526958962167],[51.72237490706725,-12.70432936321923],[51.66826269752703,-12.738300632404838],[51.612954464924606,-12.770398646298712],[51.556518288907725,-12.800583588617275],[51.49902372955463,-12.828817999511614],[51.440541738667285,-12.855066825069523],[51.381144568750784,-12.879297463737222],[51.320905679813755,-12.90147980957947],[51.25989964413183,-12.921586292302788],[51.19820204912242,-12.9395919139711],[51.1358893984852,-12.955474282347922],[51.07303901176952,-12.969213640805947],[51.00972892253308,-12.980792894750074],[50.94603777526376,-12.990197634505435],[50.88204472123824,-12.997416154629136],[50.817829313496475,-13.002439469610465],[50.75347140111318,-13.005261325930425],[50.689051022950494,-13.005878210458558],[50.62464830107739,-13.004289355171709],[50.560343334043075,-13.0004967381855],[50.4962160901916,-12.994505081097337],[50.43234630120511,-12.986321842645383],[50.3688133560624,-12.975957208695121],[50.30569619559764,-12.963424078572434],[50.243073207842365,-12.94873804776784],[50.181022124330674,-12.931917387043878],[50.11961991754499,-12.912983017983793],[50.05894269967483,-12.891958485025807],[49.99906562285717,-12.868869924033747],[49.94006278106201,-12.843746027460496],[49.88200711378059,-12.816618006166307],[49.82497031166873,-12.787519547960274],[49.769022724290416,-12.75648677293709],[49.714233270100564,-12.723558185687775],[49.66066934879907,-12.68877462446651],[49.60839675617985,-12.652179207400838],[49.55747960159268,-12.613817275836242],[49.50798022812605,-12.573736334910164],[49.45995913561282,-12.531985991453586],[49.41347490655195,-12.488617889322228],[49.368584135031334,-12.443685642261334],[49.32534135872915,-12.397244764411557],[49.283798994063275,-12.349352598564854],[49.24400727454989,-12.300068242281911],[49.206014192425286,-12.24945247198383],[49.16986544357715,-12.197567665132404],[49.135604375823775,-12.144477720614665],[49.103271940573286,-12.0902479774475],[49.07290664788765,-12.03494513191933],[49.04454452496942,-11.978637153286545],[49.01821907808317,-11.92139319814096],[48.99396125791786,-11.863283523566816],[48.9717994283899,-11.804379399203276],[48.9517593388818,-11.744753018329527],[48.93386409990712,-11.684477408088203],[48.91813416218527,-11.62362633896252],[48.90458729910909,-11.562274233621139],[48.89323859258047,-11.500496075244143],[48.88410042218819,-11.43836731544263],[48.877182457697906,-11.375963781882307],[48.872491654820685,-11.313361585721449],[48.87003225422508,-11.250637028971076],[48.869805783753776,-11.18786651188491],[48.87181106380521,-11.125126440484001],[48.87604421583706,-11.062493134320952],[48.88249867394812,-11.000042734585632],[48.89116519949271,-10.937851112654165]]]}},{"type":"Feature","properties":{"group":"C4","age_Ma":66.0,"plate_id":712,"material":"inherited nucleus parcel; radius 200 km","area_km2":125627.88959134855},"geometry":{"type":"Polygon","coordinates":[[[-126.17850957559597,-77.9790284083687],[-126.38428614901174,-78.02496728797368],[-126.59920825067718,-78.06922650304493],[-126.82302494610695,-78.11173338257666],[-127.05546040210763,-78.15241730769051],[-127.2962138969881,-78.19120991721302],[-127.5449599690097,-78.22804531355156],[-127.8013487103273,-78.26286026764656],[-128.06500621242367,-78.29559442170537],[-128.33553516758906,-78.32619048836025],[-128.61251562937505,-78.35459444484735],[-128.89550593316304,-78.38075572077194],[-129.1840437760686,-78.40462737801],[-129.47764745337855,-78.42616628130492],[-129.77581724662696,-78.44533325813971],[-130.07803695630372,-78.46209324651497],[-130.38377557009017,-78.47641542932887],[-130.69248905548898,-78.48827335414337],[-131.00362226379508,-78.49764503723097],[-131.3166109305978,-78.50451305092236],[-131.63088375644537,-78.50886459341972],[-131.94586454999154,-78.51069154040111],[-132.2609744149034,-78.50999047791147],[-132.57563396107832,-78.50676271621627],[-132.889265520307,-78.5010142844824],[-133.20129534644371,-78.4927559063375],[-133.51115578040802,-78.48200295654975],[-133.8182873609323,-78.46877539925121],[-134.1221408628757,-78.45309770830663],[-134.4221792461191,-78.43499877059182],[-134.71787949950925,-78.41451177310016],[-135.00873436599463,-78.39167407492725],[-135.2942539369475,-78.36652706530487],[-135.57396710565382,-78.33911600894979],[-135.84742287202272,-78.30948988007106],[-136.11419149268372,-78.27770118643612],[-136.37386547274065,-78.24380578492872],[-136.62606039751495,-78.20786269004867],[-136.87041560457607,-78.16993387679577],[-137.10659469821232,-78.13008407935791],[-137.3342859101904,-78.08838058698333],[-137.55320231218442,-78.04489303836029],[-137.7630818865929,-77.99969321576079],[-137.9636874636048,-77.95285484012588],[-138.1548065333104,-77.90445336818141],[-138.3362509423902,-77.85456579258059],[-138.50785648544607,-77.80327044597114],[-138.66948240138825,-77.7506468097825],[-138.82101078545796,-77.69677532842927],[-138.96234592747436,-77.64173722952444],[-139.09341358675383,-77.58561435059934],[-139.21416021388575,-77.52848897273124],[-139.32455212917392,-77.4704436613912],[-139.42457466708683,-77.41156111473772],[-139.51423129552546,-77.35192401950638],[-139.59354271812435,-77.29161491457047],[-139.66254596717178,-77.2307160621837],[-139.72129349408124,-77.16930932685844],[-139.7698522636808,-77.10747606177853],[-139.80830285792248,-77.04529700260349],[-139.83673859396185,-76.9828521684799],[-139.85526466092088,-76.92022077004526],[-139.86399727904163,-76.8574811241812],[-139.863062884358,-76.79471057525252],[-139.85259734147283,-76.7319854225522],[-139.83274518652135,-76.66938085365958],[-139.8036589019401,-76.6069708834131],[-139.7654982242327,-76.54482829819206],[-139.71842948554502,-76.48302460520338],[-139.66262498951403,-76.42162998646963],[-139.59826242155356,-76.36071325721893],[-139.5255242934697,-76.30034182838371],[-139.44459742206757,-76.24058167292304],[-139.35567244121083,-76.18149729569232],[-139.25894334662536,-76.12315170659419],[-139.15460707259973,-76.06560639675597],[-139.0428630996178,-76.00892131749009],[-138.92391309186837,-75.95315486180633],[-138.79796056350546,-75.8983638482569],[-138.66521057248153,-75.84460350690762],[-138.52586944073934,-75.7919274672406],[-138.38014449952826,-75.74038774780642],[-138.22824385860187,-75.69003474745473],[-138.07037619805632,-75.64091723798506],[-137.90675058158095,-75.59308235806927],[-137.73757628991117,-75.54657560830898],[-137.5630626733003,-75.50144084730073],[-137.38341902185746,-75.45772028859194],[-137.19885445263353,-75.4154544984198],[-137.009577812376,-75.37468239413387],[-136.81579759491228,-75.33544124321119],[-136.61772187216542,-75.2977666627815],[-136.41555823784614,-75.26169261958592],[-136.2095137629106,-75.22725143030041],[-135.99979496191378,-75.19447376216065],[-135.7866077694335,-75.16338863383235],[-135.57015752577803,-75.13402341647414],[-135.35064897123377,-75.10640383494767],[-135.12828624814452,-75.08055396913235],[-134.9032729101545,-75.05649625530731],[-134.67581193797858,-75.03425148756725],[-134.44610576109912,-75.01383881924114],[-134.21435628481817,-74.995275764289],[-133.9807649221226,-74.97857819865084],[-133.74553262984728,-74.96376036152863],[-133.50885994864447,-74.95083485658265],[-133.27094704628954,-74.93981265302637],[-133.03199376387383,-74.93070308660614],[-132.79219966445137,-74.92351386045492],[-132.55176408372108,-74.91825104580963],[-132.31088618233977,-74.9149190825852],[-132.0697649994694,-74.91352077979907],[-131.82859950717122,-74.91405731584136],[-131.5875886652642,-74.91652823858921],[-131.34693147626774,-74.92093146536277],[-131.10682704004938,-74.9272632827243],[-130.86747460779716,-74.93551834612187],[-130.62907363493062,-74.94568967938132],[-130.3918238325587,-74.95776867405195],[-130.1559252170843,-74.97174508861241],[-129.92157815754211,-74.98760704754581],[-129.6889834202453,-75.0053410402947],[-129.45834221029762,-75.02493192010795],[-129.22985620951107,-75.04636290279504],[-129.003727610248,-75.06961556540426],[-128.7801591446821,-75.09466984484473],[-128.55935410894952,-75.12150403647428],[-128.34151638163146,-75.1500947926788],[-128.1268504359807,-75.18041712147134],[-127.91556134527248,-75.21244438514286],[-127.70785478062548,-75.24614829900078],[-127.50393700060324,-75.28149893023499],[-127.3040148318677,-75.31846469695562],[-127.10829564011779,-75.35701236745243],[-126.91698729050523,-75.39710705972924],[-126.73029809667744,-75.43871224137503],[-126.54843675755443,-75.48178972983642],[-126.37161228090535,-75.52629969316567],[-126.20003389274497,-75.57220065132334],[-126.03391093152972,-75.61944947812309],[-125.87345272609139,-75.6680014039143],[-125.71886845620749,-75.71781001910612],[-125.5703669946697,-75.76882727864621],[-125.42815672968112,-75.82100350757618],[-125.29244536638276,-75.87428740779708],[-125.16343970628861,-75.92862606618709],[-125.04134540339268,-75.98396496422593],[-124.92636669570511,-76.040247989291],[-124.81870611097742,-76.09741744780275],[-124.71856414539221,-76.15541408040764],[-124.62613891402181,-76.21417707940076],[-124.54162577190357,-76.27364410860055],[-124.46521690464296,-76.33375132590272],[-124.39710088753712,-76.3944334087503],[-124.33746221231576,-76.45562358277023],[-124.2864807807255,-76.51725365383761],[-124.24433136434028,-76.57925404383901],[-124.21118303016598,-76.64155383041641],[-124.18719853182498,-76.70408079098218],[-124.17253366635877,-76.76676145130081],[-124.16733659697464,-76.82952113894036],[-124.17174714238817,-76.89228404189707],[-124.1858960337798,-76.95497327269916],[-124.20990414078919,-77.01751093829115],[-124.24388166841703,-77.07981821599557],[-124.28792732719153,-77.14181543583653],[-124.34212747948214,-77.20342216949877],[-124.40655526540509,-77.26455732617325],[-124.4812697123603,-77.32513925551773],[-124.56631483286414,-77.38508585793176],[-124.66171871598706,-77.44431470230697],[-124.76749261836622,-77.50274315137464],[-124.88363006142984,-77.5602884947205],[-125.01010594212973,-77.616868089484],[-125.14687566512086,-77.67239950869512],[-125.29387430493924,-77.72680069713311],[-125.45101580728935,-77.77999013451628],[-125.61819223905512,-77.83188700574934],[-125.79527309706157,-77.88241137786751],[-125.98210468593389,-77.93148438322372],[-126.17850957559597,-77.9790284083687]]]}},{"type":"Feature","properties":{"group":"C5","age_Ma":66.0,"plate_id":8011,"material":"inherited nucleus parcel; radius 200 km","area_km2":125627.8895913482},"geometry":{"type":"Polygon","coordinates":[[[140.14306190218434,-2.743323813969353],[140.14445950520604,-2.6805684298068257],[140.14804745403598,-2.6178999266336724],[140.1538210591959,-2.5553945625208736],[140.16177298733626,-2.4931283866043543],[140.1718932713695,-2.431177147379272],[140.18416932362211,-2.369616201389503],[140.19858595199025,-2.3085204224147655],[140.21512537907844,-2.24796411125606],[140.23376726430135,-2.1880209062205163],[140.25448872892642,-2.1287636944065094],[140.27726438403226,-2.070264523887777],[140.30206636135634,-2.012594516896597],[140.3288643470038,-1.9558237841040664],[140.35762561798614,-1.9000213400952],[140.38831508155658,-1.84525502013601],[140.4208953173065,-1.7915913983281424],[140.45532662198542,-1.7390957072470445],[140.49156705700213,-1.6878317591568488],[140.52957249856522,-1.637861868895469],[140.56929669041452,-1.5892467785218265],[140.61069129909555,-1.5420455838149605],[140.65370597172262,-1.4963156627146499],[140.69828839617517,-1.4521126057906333],[140.74438436366833,-1.4094901488261213],[140.79193783363365,-1.3685001075994196],[140.8408910008445,-1.3291923149454898],[140.89118436471568,-1.2916145601771976],[140.9427568007038,-1.2558125309436738],[140.9955456337306,-1.221829757600263],[141.04948671354927,-1.189707560162945],[141.10451449196813,-1.1594849979165212],[141.16056210184456,-1.1311988217429856],[141.21756143775622,-1.1048834292337257],[141.27544323825657,-1.0805708226455657],[141.3341371696137,-1.0582905697581326],[141.39357191093285,-1.0380697676845811],[141.45367524055757,-1.0199330096864399],[141.51437412364115,-1.003902355037476],[141.5755948007792,-0.9899973019785228],[141.63726287759013,-0.9782347638011817],[141.69930341512864,-0.9686290480931268],[141.76164102101578,-0.9611918391749742],[141.82419994116626,-0.9559321837526031],[141.88690415199355,-0.9528564798058783],[141.94967745297123,-0.9519684687289293],[142.01244355942833,-0.9532692307336398],[142.07512619545616,-0.9567571835222181],[142.13764918680351,-0.9624280842314086],[142.19993655363737,-0.9702750346452147],[142.26191260304637,-0.9802884896686879],[142.32350202116476,-0.9924562690511145],[142.38462996479674,-1.0067635723414832],[142.44522215241983,-1.0231929970559845],[142.50520495445053,-1.0417245600308684],[142.56450548265474,-1.0623357219318292],[142.6230516785885,-1.0850014148850615],[142.68077240095744,-1.1096940731916107],[142.7375975117846,-1.1363836670829115],[142.79345796127996,-1.165037739470657],[142.84828587130752,-1.1956214456411391],[142.90201461734907,-1.2280975958398044],[142.95457890886644,-1.262426700688728],[143.00591486796844,-1.298567019376316],[143.0559601062909,-1.3364746105547671],[143.10465380000298,-1.3761033858784661],[143.1519367628548,-1.4174051661133193],[143.19775151718778,-1.4603297397437243],[143.24204236282952,-1.5048249240025473],[143.28475544380103,-1.5508366282455943],[143.32583881276707,-1.5983089195908773],[143.36524249316335,-1.6471840907402584],[143.40291853893845,-1.697402729899476],[143.43882109185202,-1.7489037927105044],[143.47290643627332,-1.8016246761084131],[143.50513305142783,-1.8555012940134439],[143.53546166104337,-1.9104681547680895],[143.56385528034912,-1.966458440226513],[143.5902792603847,-2.023404086403664],[143.6147013295787,-2.0812358655894196],[143.6370916325597,-2.1398834698326565],[143.65742276616317,-2.199275595698777],[143.67566981260325,-2.2593400302041244],[143.69181036977773,-2.3200037378285727],[143.70582457867837,-2.3811929485083656],[143.71769514788076,-2.442833246510188],[143.72740737508894,-2.504849660085283],[143.73494916571306,-2.5671667518048373],[143.74031104845992,-2.6297087094746185],[143.74348618791691,-2.6923994375275893],[143.74447039411402,-2.7551626487928758],[143.74326212904765,-2.817921956538014],[143.73986251015432,-2.880600966682831],[143.73427531072156,-2.943123370080284],[143.72650695722777,-3.0054130347620083],[143.7165665236025,-3.0673940980441925],[143.704465722402,-3.1289910583891984],[143.69021889289613,-3.1901288669192915],[143.67384298606572,-3.2507330184770233],[143.65535754651052,-3.3107296421281007],[143.63478469127188,-3.3700455910010705],[143.61214908557548,-3.428608531359287],[143.58747791550314,-3.4863470308000606],[143.5608008576052,-3.543190645475211],[143.53215004546803,-3.5990700062295815],[143.50156003325526,-3.6539169035514054],[143.46906775624356,-3.70766437123153],[143.4347124883783,-3.760246768626761],[143.39853579687903,-3.81159986142478],[143.3605814939263,-3.861660900807823],[143.32089558546858,-3.9103687009136414],[143.2795262171907,-3.9576637144931652],[143.23652361768944,-4.003488106665638],[143.19194003890863,-4.047785826672728],[143.14582969388812,-4.090502677535832],[143.09824869188904,-4.1315863835216655],[143.04925497096,-4.170986655322532],[142.99890822801584,-4.2086552528623455],[142.94726984650532,-4.244546045638389],[142.89440282174849,-4.278615070513947],[142.8403716840306,-4.310820586879306],[142.7852424195446,-4.3411231290998815],[142.7290823892779,-4.369485556175929],[142.67196024594642,-4.395873098540079],[142.61394584908115,-4.420253401922744],[142.55511017837944,-4.442596568220042],[142.495525245436,-4.4628751933019695],[142.4352640039739,-4.481064401703372],[142.37440025869967,-4.497141878144726],[142.31300857290978,-4.511087895833424],[142.25116417497983,-4.52288534150254],[142.18894286387172,-4.532519737147213],[142.12642091379374,-4.539979258425218],[142.0636749781556,-4.545254749692239],[142.00078199295794,-4.548339735648785],[141.93781907976089,-4.549230429579659],[141.87486344837512,-4.547925738173393],[141.81199229942126,-4.544427262913948],[141.74928272690283,-4.538739298042164],[141.68681162093878,-4.530868825090672],[141.62465557080017,-4.520825504000558],[141.56289076839556,-4.5086216608338745],[141.50159291234817,-4.494272272101671],[141.44083711280533,-4.4777949457321435],[141.38069779712006,-4.4592098987083375],[141.32124861654108,-4.438539931411261],[141.26256235404475,-4.415810398707722],[141.20471083344003,-4.391049177827903],[141.1477648298729,-4.364286633082221],[141.09179398185407,-4.335555577471646],[141.0368667049286,-4.304891231249537],[140.9830501071028,-4.272331177498123],[140.93040990613804,-4.237915314785703],[140.87901034881833,-4.201685806975508],[140.82891413229052,-4.163687030259601],[140.78018232757503,-4.123965517495733],[140.73287430533608,-4.082569899927351],[140.6870476639979,-4.039550846370334],[140.64275816028697,-3.9949609999527635],[140.60005964227582,-3.94885491249618],[140.55900398499782,-3.9012889766297363],[140.51964102869854,-3.8523213557302083],[140.48201851978337,-3.802011911782964],[140.44618205451633,-3.750422131260345],[140.41217502552,-3.6976150491165978],[140.38003857112284,-3.6436551709977705],[140.3498115275938,-3.5886083937683586],[140.32153038430147,-3.5325419244560092],[140.2952292418299,-3.4755241977167506],[140.27093977307936,-3.417624791924688],[140.24869118737655,-3.3589143439891607],[140.22851019761538,-3.299464463004609],[140.2104209904452,-3.2393476428368673],[140.1944451995208,-3.1786371737517793],[140.1806018818258,-3.117407053190455],[140.16890749707648,-3.055731895796132],[140.1593758902123,-2.993686842798416],[140.15201827697604,-2.9313474708592233],[140.14684323258328,-2.868789700485605],[140.14385668348,-2.8060897041138095],[140.14306190218434,-2.743323813969353]]]}},{"type":"Feature","properties":{"group":"C6","age_Ma":66.0,"plate_id":8031,"material":"inherited nucleus parcel; radius 200 km","area_km2":125627.8895913479},"geometry":{"type":"Polygon","coordinates":[[[170.4137275757315,-14.564098589323542],[170.36825664502257,-14.519344470824924],[170.32444452967508,-14.473073982398049],[170.28234432359346,-14.425344398833316],[170.24200690254244,-14.376214758352674],[170.2034808652332,-14.325745786079878],[170.1668124778688,-14.273999815600249],[170.13204562218607,-14.221040708727896],[170.0992217470224,-14.166933773602347],[170.06837982342967,-14.111745681234066],[170.03955630334764,-14.055544380621216],[170.01278508184586,-13.998399012557398],[169.98809746293344,-13.94037982225222],[169.96552212893096,-13.881558070884374],[169.94508511339342,-13.822005946207076],[169.92680977756729,-13.76179647232479],[169.91071679035952,-13.701003418758509],[169.89682411179123,-13.63970120891713],[169.88514697990644,-13.577964828089469],[169.8756979010995,-13.515869731071408],[169.86848664382376,-13.453491749540776],[169.86352023563975,-13.390906999290454],[169.86080296355794,-13.328191787429693],[169.86033637762984,-13.2654225196612],[169.86211929773745,-13.202675607739415],[169.86614782353132,-13.140027377215088],[169.8724153474629,-13.07755397556803],[169.88091257085793,-13.015331280829054],[169.89162752297622,-12.953434810789679],[169.90454558299965,-12.891939632897135],[169.91964950489307,-12.830920274929662],[169.9369194450793,-12.770450636545847],[169.95633299287,-12.710603901799802],[169.97786520359364,-12.651452452712036],[170.00148863436175,-12.593067783984537],[170.0271733824127,-12.535520418946666],[170.0548871259748,-12.478879826816508],[170.084595167587,-12.423214341360968],[170.11626047981846,-12.368591081036065],[170.14984375332466,-12.315075870687213],[170.18530344718067,-12.26273316488715],[170.2225958414288,-12.211625972988617],[170.26167509178043,-12.161815785965361],[170.30249328640858,-12.113362505114956],[170.34500050476927,-12.06632437269462],[170.38914487838844,-12.02075790455847],[170.4348726535498,-11.976717824864584],[170.48212825582038,-11.93425700291647],[170.53085435634648,-11.893426392203404],[170.5809919398555,-11.854274971700423],[170.63248037429523,-11.816849689488116],[170.685257482043,-11.781195408749026],[170.73925961261534,-11.747354856196749],[170.79442171680745,-11.71536857298984],[170.85067742219132,-11.685274868182026],[170.90795910990045,-11.657109774756137],[170.96619799262612,-11.63090700828872],[171.02532419375194,-11.606697928287455],[171.0852668275489,-11.584511502243066],[171.14595408035572,-11.564374272432904],[171.2073132926641,-11.546310325512234],[171.26927104203165,-11.530341264924925],[171.33175322674074,-11.516486186163387],[171.39468515012274,-11.504761654904478],[171.45799160546537,-11.495181688044624],[171.5215969614204,-11.487757737654753],[171.58542524782862,-11.48249867787236],[171.64940024187675,-11.479410794745363],[171.71344555450347,-11.478497779037822],[171.77748471696876,-11.479760722006402],[171.84144126750124,-11.483198114151502],[171.9052388379388,-11.48880584694481],[171.96880124027737,-11.496577217531005],[172.03205255304252,-11.5065029363987],[172.09491720739888,-11.518571138012572],[172.1573200729134,-11.532767394394588],[172.21918654288845,-11.54907473163982],[172.28044261918083,-11.567473649349028],[172.3410149964244,-11.587942142957349],[172.40083114557487,-11.610455728933873],[172.4598193966942,-11.634987472827016],[172.51790902089652,-11.661508020123536],[172.57503031137463,-11.689985629890028],[172.6311146634301,-11.720386211160337],[172.6860946534294,-11.752673362030553],[172.7399041166108,-11.78680841142089],[172.7924782236669,-11.822750463459965],[172.8437535560289,-11.860456444446235],[172.89366817978123,-11.899881152336953],[172.9421617181346,-11.94097730871415],[172.98917542238704,-11.9836956131741],[173.0346522413046,-12.02798480008469],[173.0785368888533,-12.07379169765262],[173.12077591021483,-12.121061289241432],[173.16131774602087,-12.169736776877146],[173.2001127947395,-12.219759646878925],[173.2371134731506,-12.271069737548041],[173.27227427484462,-12.32360530884791],[173.30555182668382,-12.37730311400532],[173.33690494316104,-12.432098472962135],[173.36629467859606,-12.487925347603614],[173.39368437710624,-12.54471641868863],[173.41903972029135,-12.602403164406137],[173.44232877257116,-12.660915940477873],[173.46352202411498,-12.720184061729102],[173.48259243130354,-12.780135885044409],[173.49951545466266,-12.840698893625355],[173.5142690942088,-12.901799782465554],[173.52683392214723,-12.963364544955414],[173.5371931128638,-13.025318560528628],[173.54533247015135,-13.087586683259245],[173.5512404516121,-13.15009333131868],[173.55490819017902,-13.212762577197255],[173.55632951269857,-13.275518238595428],[173.55550095551908,-13.338283969887446],[173.55242177702894,-13.400983354057972],[173.54709396709177,-13.463539995010226],[173.53952225332483,-13.525877610144121],[173.52971410417103,-13.587920123098428],[173.51767972871494,-13.649591756551974],[173.50343207319668,-13.710817124974646],[173.48698681417966,-13.77152132721998],[173.46836234833057,-13.831630038846654],[173.44757977877472,-13.891069604057119],[173.42466289799134,-13.949767127138763],[173.3996381672194,-14.007650563291813],[173.37253469234744,-14.064648808727522],[173.34338419626673,-14.120691789918258],[173.31222098767077,-14.175710551880794],[173.27908192629138,-14.229637345373156],[173.24400638456652,-14.282405712884271],[173.20703620574076,-14.333950573295635],[173.1682156584072,-14.384208305094594],[173.1275913875061,-14.43311682801716],[173.08521236180198,-14.480615683000485],[173.04112981787023,-14.526646110324025],[172.9953972006305,-14.57115112582046],[172.9480701004734,-14.614075595037606],[172.8992061870346,-14.655366305234269],[172.84886513968053,-14.69497203509499],[172.79710857477556,-14.732843622049915],[172.743999969813,-14.768934027088997],[172.68960458449786,-14.803198396962493],[172.63398937888076,-14.83559412366145],[172.5772229286482,-14.866080901077524],[172.5193753376868,-14.894620778742441],[172.4605181480434,-14.921178212553825],[172.400724247415,-14.945720112396822],[172.34006777430827,-14.968215886576301],[172.27862402101587,-14.98863748297943],[172.21646933456654,-15.00695942689343],[172.15368101580967,-15.023158855409024],[172.0903372168041,-15.037215548345516],[172.02651683668532,-15.049111955640583],[171.96229941619117,-15.058833221152481],[171.89776503103104,-15.066367202830637],[171.83299418428732,-15.071704489215927],[171.76806769804168,-15.07483841223937],[171.70306660442174,-15.075765056295099],[171.63807203626533,-15.074483263569963],[171.5731651176011,-15.07099463561963],[171.50842685414548,-15.065303531188412],[171.44393802401493,-15.05741706027678],[171.37977906885234,-15.047345074467794],[171.3160299855652,-15.035100153531237],[171.2527702188697,-15.020697588330808],[171.19007855483312,-15.004155360066623],[171.12803301560317,-14.98549411589286],[171.06671075550761,-14.964737140955792],[171.00618795870446,-14.941910326905127],[170.94653973855512,-14.917042136936965],[170.8878400388896,-14.890163567433385],[170.83016153732387,-14.861308106268764],[170.77357555078427,-14.830511687859007],[170.71815194338524,-14.79781264503474],[170.66395903680004,-14.763251657824767],[170.61106352325456,-14.726871699240341],[170.55953038126816,-14.688717978154948],[170.5094227942542,-14.648837879379464],[170.46080207208706,-14.607280901034033],[170.4137275757315,-14.564098589323542]]]}},{"type":"Feature","properties":{"group":"C1","age_Ma":100.0,"plate_id":101,"material":"inherited nucleus parcel; radius 200 km","area_km2":125627.88959134831},"geometry":{"type":"Polygon","coordinates":[[[-39.21843242810947,-1.3050532624946507],[-39.245852213843776,-1.3615222772550715],[-39.275226951591954,-1.4170003740108033],[-39.306521041152976,-1.4714199410584938],[-39.33969654075317,-1.524714647203109],[-39.37471321145344,-1.576819522711479],[-39.41152856438332,-1.6276710386990467],[-39.45009791076299,-1.6772071848512238],[-39.49037441467058,-1.7253675453824227],[-39.53230914850841,-1.7720933731363684],[-39.575851151117355,-1.8173276617333711],[-39.62094748848511,-1.8610152156712059],[-39.6675433169886,-1.9031027182881952],[-39.71558194910802,-1.943538797498984],[-39.765004921543905,-1.982274089215178],[-39.81575206566543,-2.0192612983658123],[-39.867761580213035,-2.0544552574344808],[-39.920970106173684,-2.0878129824327156],[-39.97531280374322,-2.1192937262324185],[-40.03072343128504,-2.148859029182182],[-40.08713442619096,-2.176472766936617],[-40.14447698754397,-2.202101195430316],[-40.202681160481006,-2.225712992931963],[-40.2616759221471,-2.247279299117939],[-40.321389269130165,-2.2667737511085737],[-40.38174830626186,-2.2841725164138027],[-40.44267933666509,-2.2994543227403605],[-40.50410795292762,-2.3126004846157175],[-40.56595912927669,-2.3235949267893505],[-40.628157314627146,-2.332424204376361],[-40.69062652637456,-2.3390775197129394],[-40.75329044480046,-2.3435467358986135],[-40.816072507957806,-2.3458263870042546],[-40.87889600690098,-2.3459136849312445],[-40.941684181125744,-2.3438085229102827],[-41.00436031408261,-2.3395134756355884],[-41.06684782862748,-2.3330337960335057],[-41.12907038227361,-2.3243774086708755],[-41.19095196210914,-2.31355489981295],[-41.25241697924571,-2.3005795041460773],[-41.31339036266505,-2.2854670881850403],[-41.3737976523311,-2.268236130390331],[-41.433565091439206,-2.2489076980249],[-41.49261971767362,-2.227505420785546],[-41.55088945334944,-2.204055461247526],[-41.60830319431703,-2.178586482167063],[-41.66479089750975,-2.151129610689364],[-41.72028366702034,-2.121718399514697],[-41.774713838594046,-2.090388785079564],[-41.82801506243098,-2.0571790428127406],[-41.88012238419383,-2.022129739531032],[-41.930972324121605,-1.9852836830420078],[-41.980502954154325,-1.9466858690254463],[-42.02865397297771,-1.9063834252672296],[-42.07536677890179,-1.8644255533234482],[-42.12058454049146,-1.8208634676947535],[-42.1642522648721,-1.7757503325935697],[-42.20631686363725,-1.7291411963896042],[-42.24672721629046,-1.68109292382081],[-42.28543423115727,-1.6316641260593563],[-42.32239090370827,-1.5809150887238879],[-42.35755237223819,-1.528907697931354],[-42.39087597084974,-1.4757053644823364],[-42.42232127969583,-1.42137294627661],[-42.45185017243707,-1.3659766690552921],[-42.47942686087549,-1.3095840455684922],[-42.50501793672881,-1.25226379326709],[-42.52859241051337,-1.1940857506189178],[-42.550121747507184,-1.1351207921502269],[-42.56957990076702,-1.0754407423131216],[-42.58694334117737,-1.015118288281605],[-42.60219108451143,-0.9542268917778134],[-42.61530471548677,-0.8928407000315527],[-42.62626840880131,-0.8310344559755355],[-42.63506894713763,-0.7688834077798814],[-42.64169573612535,-0.7064632178287413],[-42.646140816253876,-0.6438498712427969],[-42.648398871730414,-0.5811195840507148],[-42.648467236278954,-0.5183487111134325],[-42.64634589587875,-0.4556136539043781],[-42.64203748844267,-0.3929907682493477],[-42.63554730043715,-0.33055627212947475],[-42.62688326044789,-0.26838615365026847],[-42.61605592969673,-0.20655607928050765],[-42.60307848951768,-0.14514130246333926],[-42.5879667258015,-0.08421657270318401],[-42.570739010420276,-0.023856045230625258],[-42.551416279645686,0.03586680865221015],[-42.530022009576854,0.09487929044325039],[-42.50658218859547,0.15310956242787008],[-42.481125286868824,0.21048673468015883],[-42.45368222292361,0.26694095097743986],[-42.424286327315826,0.3224034735274781],[-42.39297330342522,0.37680676640856503],[-42.35978118540541,0.43008457762352725],[-42.32475029332403,0.4821720196692961],[-42.28792318553013,0.5330056485244177],[-42.24934460829004,0.5825235409584963],[-42.20906144273561,0.6306653700679752],[-42.16712264917327,0.6773724789444983],[-42.12357920880502,0.7225879523831011],[-42.07848406291789,0.7662566865394294],[-42.03189204960029,0.808325456446291],[-41.983859838050165,0.8487429813027132],[-41.934445860541665,0.8874599874493253],[-41.883710242123136,0.9244292689477803],[-41.831714728122286,0.9596057456824651],[-41.77852260953892,0.9929465189072263],[-41.72419864641028,1.024410924160883],[-41.66880898923756,1.053960581479431],[-41.61242109856659,1.0815594428353166],[-41.555103662819974,1.1071738367378339],[-41.49692651448138,1.1307725099317392],[-41.437960544736946,1.152326666135259],[-41.37827761668195,1.1718100017622912],[-41.317950477204654,1.1891987385774336],[-41.25705266766268,1.2044716532367212],[-41.1956584334693,1.2176101036715248],[-41.133842632711286,1.2285980522765672],[-41.07168064392076,1.2374220858687024],[-41.00924827312725,1.2440714323866624],[-40.94662166031674,1.248537974307492],[-40.88387718542707,1.250816258759438],[-40.82109137400932,1.25090350431669],[-40.75834080268691,1.2487996044657181],[-40.69570200454319,1.244507127737964],[-40.633251374569795,1.2380313145088817],[-40.57106507530742,1.2293800704678977],[-40.50921894280961,1.218563956769153],[-40.4477883930603,1.205596176877533],[-40.38684832897379,1.1904925601293863],[-40.32647304810495,1.1732715420324067],[-40.266736151194785,1.1539541413332843],[-40.20771045167556,1.132563933887181],[-40.14946788625567,1.1091270233666286],[-40.09207942670331,1.0836720088528835],[-40.03561499294355,1.056229949356046],[-39.980143367581654,1.0268343253153402],[-39.92573211196044,0.9955209971339158],[-39.87244748385757,0.9623281608074092],[-39.820354356923396,0.9272963007082107],[-39.76951614195707,0.8904681395916121],[-39.7199947101141,0.8518885858928831],[-39.6718503181347,0.8116046783873582],[-39.62514153567759,0.7696655282891998],[-39.579925174840504,0.7261222588665058],[-39.53625622194383,0.6810279426535019],[-39.49418777164936,0.6344375363427998],[-39.45377096348297,0.5864078134427486],[-39.41505492082447,0.5369972947876732],[-39.37808669242536,0.4862661769895446],[-39.342911196509604,0.43427625892228316],[-39.30957116751012,0.3810908663313374],[-39.27810710548875,0.32677477466188015],[-39.2485572282849,0.27139413020147723],[-39.22095742643335,0.21501636963289472],[-39.195341220889254,0.15771013809462842],[-39.17173972359525,0.0995452058476868],[-39.15018160092099,0.040592383647073155],[-39.13069304000494,-0.019076563081756818],[-39.113297718023375,-0.07938900116138317],[-39.098016774409494,-0.14027151757501793],[-39.084868786044105,-0.2016500082713231],[-39.073869745435,-0.2634497677606401],[-39.06503304190171,-0.3255955793993856],[-39.058369445779256,-0.3880118062612122],[-39.05388709565227,-0.45062248249143],[-39.051591488629676,-0.5133514050425745],[-39.051485473667185,-0.5761222256874736],[-39.05356924794405,-0.6388585432068784],[-39.0578403562977,-0.7014839956484288],[-39.06429369371864,-0.7639223525533173],[-39.07292151090578,-0.8260976070473414],[-39.0837134228809,-0.8879340676928676],[-39.0966564206584,-0.9493564499981456],[-39.11173488596528,-1.0102899674806072],[-39.128930609003284,-1.0706604221805036],[-39.14822280924418,-1.1303942945221344],[-39.16958815924535,-1.189418832418896],[-39.19300081147211,-1.2476621395198555],[-39.21843242810947,-1.3050532624946507]]]}},{"type":"Feature","properties":{"group":"C2","age_Ma":100.0,"plate_id":201,"material":"inherited nucleus parcel; radius 200 km","area_km2":125627.88959134815},"geometry":{"type":"Polygon","coordinates":[[[-104.91308591561034,-18.79844898238518],[-104.9252594928303,-18.86015334519675],[-104.9397099099379,-18.9214172121736],[-104.95642197789677,-18.982165488159648],[-104.9753776866543,-19.042323625334635],[-104.99655621469455,-19.101817716186243],[-105.01993394228518,-19.16057458613057],[-105.04548446847282,-19.218521885660657],[-105.07317863187534,-19.275588181900485],[-105.10298453531442,-19.33170304943982],[-105.13486757432614,-19.386797160324186],[-105.16879046957978,-19.440802373072056],[-105.20471330322879,-19.493651820590646],[-105.24259355920996,-19.545279996860028],[-105.28238616749847,-19.59562284225517],[-105.3240435523185,-19.644617827374443],[-105.36751568429924,-19.692204035243027],[-105.412750136558,-19.73832224175963],[-105.45969214468032,-19.782914994255794],[-105.50828467055895,-19.825926688037033],[-105.55846847004152,-19.867303640776925],[-105.61018216432656,-19.90699416463594],[-105.66336231503695,-19.944948635979674],[-105.71794350288785,-19.981119562572417],[-105.77385840985622,-20.0154616481252],[-105.8310379047466,-20.047931854080623],[-105.88941113203788,-20.078489458519687],[-105.94890560388403,-20.107096112080608],[-106.0094472951308,-20.133715890782856],[-106.07096074120066,-20.15831534565549],[-106.13336913868758,-20.18086354907295],[-106.19659444849242,-20.201332137707645],[-106.26055750132257,-20.219695352014167],[-106.32517810536805,-20.23593007216636],[-106.39037515596013,-20.25001585037465],[-106.45606674700937,-20.261934939518447],[-106.52217028401407,-20.27167231803489],[-106.58860259842349,-20.27921571101319],[-106.65528006313495,-20.28455560745064],[-106.72211870889933,-20.287685273635134],[-106.78903434140616,-20.28860076262593],[-106.85594265881613,-20.28730091981317],[-106.92275936950792,-20.28378738454471],[-106.98940030980457,-20.278064587816324],[-107.05578156144516,-20.270139746030946],[-107.1218195685684,-20.260022850839018],[-107.18743125397702,-20.247726655081802],[-107.25253413445395,-20.233266654866544],[-107.3170464349064,-20.216661067810335],[-107.38088720111692,-20.19793080749805],[-107.44397641088763,-20.17709945420607],[-107.5062350833691,-20.154193221951974],[-107.56758538637267,-20.129240921936756],[-107.62795074147263,-20.102273922452692],[-107.68725592671383,-20.07332610533772],[-107.74542717674755,-20.042433819061507],[-107.8023922802301,-20.00963582853562],[-107.85808067432649,-19.97497326174504],[-107.91242353617346,-19.938489553303178],[-107.96535387116575,-19.900230385037613],[-108.01680659794053,-19.860243623717487],[-108.06671862994656,-19.818579256037907],[-108.11502895349489,-19.77528932097947],[-108.16167870219965,-19.730427839664717],[-108.20661122772867,-19.684050742835325],[-108.24977216679414,-19.63621579607619],[-108.29110950432536,-19.586982522914983],[-108.3305736327753,-19.53641212592581],[-108.36811740752385,-19.484567405968424],[-108.4036961983505,-19.4315126796932],[-108.43726793695902,-19.377313695444254],[-108.46879316054583,-19.32203754769161],[-108.49823505141349,-19.26575259012389],[-108.52555947263775,-19.208528347532305],[-108.55073499980655,-19.15043542661525],[-108.57373294885512,-19.091545425832873],[-108.59452740002949,-19.031930844438236],[-108.61309521801672,-18.971664990811462],[-108.62941606828599,-18.910821890220426],[-108.64347242969076,-18.84947619213078],[-108.65524960338628,-18.787703077184897],[-108.66473571812182,-18.725578163968258],[-108.67192173197044,-18.663177415678643],[-108.67680143056283,-18.600577046811825],[-108.67937142189444,-18.5378534299748],[-108.67963112777784,-18.475083002934937],[-108.67758277201406,-18.412342176011556],[-108.6732313653586,-18.3497072399129],[-108.66658468735903,-18.287254274120226],[-108.65765326514156,-18.225059055917292],[-108.6464503492257,-18.163196970161255],[-108.63299188644521,-18.101742919888643],[-108.61729649005454,-18.040771237847693],[-108.59938540709942,-17.980355599045563],[-108.57928248313007,-17.92056893439703],[-108.55701412433496,-17.86148334555844],[-108.5326092571723,-17.803170021028897],[-108.50609928557616,-17.74569915359815],[-108.4775180458125,-17.689139859218567],[-108.4469017590602,-17.633560097376012],[-108.41428898179122,-17.579026593033472],[-108.37972055402214,-17.52560476021748],[-108.34323954550983,-17.473358627317157],[-108.30489119996183,-17.422350764162353],[-108.26472287733179,-17.372642210946253],[-108.22278399426915,-17.32429240905501],[-108.17912596279167,-17.277359133866412],[-108.13380212724844,-17.231898429575686],[-108.08686769964046,-17.187964546106805],[-108.03837969336541,-17.14560987816413],[-107.98839685545252,-17.104884906477874],[-107.93697959735286,-17.065838141295266],[-107.88418992435103,-17.028516068166564],[-107.83009136366209,-16.992963096074263],[-107.77474889127954,-16.959221507950154],[-107.71822885763854,-16.927331413624984],[-107.66059891215899,-16.89733070525134],[-107.60192792673355,-16.86925501523997],[-107.54228591822468,-16.84313767674629],[-107.48174397003643,-16.819009686743],[-107.42037415282545,-16.79689967171091],[-107.35824944441671,-16.776833855979632],[-107.29544364898952,-16.75883603274581],[-107.23203131559958,-16.742927537795524],[-107.16808765610314,-16.729127225954386],[-107.10368846254948,-16.717451450286724],[-107.0389100241083,-16.707914044062573],[-106.97382904359894,-16.70052630550921],[-106.90852255368823,-16.695296985360784],[-106.84306783282432,-16.69223227721775],[-106.77754232097372,-16.691335810724468],[-106.71202353522908,-16.69260864757167],[-106.64658898535536,-16.696049280327284],[-106.58131608934171,-16.701653634096495],[-106.51628208902687,-16.70941507100982],[-106.45156396586556,-16.71932439753499],[-106.38723835690321,-16.731369874605686],[-106.32338147102662,-16.745537230558444],[-106.26006900555738,-16.761809676865276],[-106.19737606325513,-16.78016792664817],[-106.13537706979776,-16.800590215958355],[-106.07414569180423,-16.823052327801072],[-106.01375475546742,-16.847527618884268],[-105.95427616586178,-16.87398704906668],[-105.89578082699256,-16.902399213479303],[-105.83833856265143,-16.932730377290838],[-105.78201803814412,-16.964944513086554],[-105.7268866829548,-16.999003340826537],[-105.6730106144125,-17.034866370348528],[-105.62045456242397,-17.07249094637681],[-105.56928179533777,-17.111832295997907],[-105.51955404700429,-17.1528435785608],[-105.47133144509635,-17.1954759379579],[-105.42467244075519,-17.239678557240435],[-105.37963373962693,-17.285398715520763],[-105.33627023435454,-17.332581847111214],[-105.29463493859144,-17.381171602847683],[-105.25477892260223,-17.4311099135444],[-105.21675125051748,-17.482337055523786],[-105.18059891930976,-17.5347917181639],[-105.14636679955865,-17.58841107340413],[-105.11409757807347,-17.643130847147074],[-105.08383170244306,-17.698885392494013],[-105.05560732758309,-17.75560776474783],[-105.02946026435174,-17.8132297981165],[-105.00542393030646,-17.87168218404768],[-104.98352930267443,-17.93089455112316],[-104.96380487361105,-17.990795546439355],[-104.94627660782133,-18.05131291839883],[-104.93096790262013,-18.11237360083474],[-104.91789955050787,-18.173903798388324],[-104.9070897043393,-18.235829073057623],[-104.89855384516311,-18.298074431832372],[-104.89230475281103,-18.36056441532918],[-104.88835247931544,-18.42322318733673],[-104.88670432523375,-18.485974625180404],[-104.88736481895899,-18.54874241081189],[-104.89033569909462,-18.611450122527017],[-104.89561589997116,-18.674021327213342],[-104.90320154038157,-18.736379673025628],[-104.91308591561034,-18.79844898238518]]]}},{"type":"Feature","properties":{"group":"C3","age_Ma":100.0,"plate_id":601,"material":"inherited nucleus parcel; radius 200 km","area_km2":125627.88959134817},"geometry":{"type":"Polygon","coordinates":[[[45.53629940153113,-11.640867311853222],[45.5362861097796,-11.578096403041346],[45.538507405342116,-11.515363232348244],[45.54295909413938,-11.45274410446591],[45.54963429281598,-11.390315135182734],[45.55852344397703,-11.328152160005445],[45.569614334404136,-11.26633064334368],[45.58289211620155,-11.20492558835497],[45.5983393308216,-11.144011447546124],[45.615935935917925,-11.083662034225938],[45.63565933497351,-11.02395043490199],[45.65748440965151,-10.964948922712987],[45.68138355481382,-10.906728871987044],[45.707326716154114,-10.849360674013232],[45.7352814303897,-10.79291365411454],[45.76521286795686,-10.737455990106286],[45.79708387815329,-10.68305463222432],[45.83085503667094,-10.629775224604659],[45.86648469546159,-10.577682028395637],[45.903929034876754,-10.526837846580511],[45.94314211802312,-10.477303950588617],[45.98407594727304,-10.429140008769835],[46.02668052286934,-10.382404016806674],[46.070903903562915,-10.337152230135676],[46.116692269219214,-10.293439098448241],[46.163989985330154,-10.251317202339592],[46.21273966936571,-10.210837192171493],[46.26288225889841,-10.172047729213899],[46.3143570814329,-10.134995429126983],[46.36710192587091,-10.099724807843973],[46.42105311554062,-10.066278229912813],[46.47614558271844,-10.034695859351647],[46.532312944568815,-10.005015613071564],[46.58948758042709,-9.977273116917083],[46.64760071034819,-9.951501664372216],[46.706582474843096,-9.927732177977745],[46.76636201572287,-9.90599317350191],[46.826867557969514,-9.88631072690432],[46.888026492550296,-9.868708444130082],[46.94976546009251,-9.85320743376758],[47.012010435332655,-9.83982628260074],[47.074686812254626,-9.828581034083511],[47.137719489828804,-9.819485169760386],[47.20103295826456,-9.81254959365472],[47.26455138568655,-9.807782619641962],[47.32819870514576,-9.80518996182255],[47.39189870187455,-9.804774727905187],[47.4555751006954,-9.806537415608512],[47.51915165349249,-9.810475912084577],[47.58255222665517,-9.816585496365533],[47.6457008884023,-9.82485884483011],[47.7085219958969,-9.835286039684162],[47.770940282060806,-9.847854580445105],[47.83288094199923,-9.862549398417526],[47.89426971894603,-9.879352874143466],[47.955032989641445,-9.89824485780736],[48.015097849054115,-9.919202692572584],[48.074392194361245,-9.942201240823616],[48.132844808100955,-9.967212913283902],[48.190385440412705,-9.994207700977046],[48.24694489028247,-10.023153209995595],[48.30245508571095,-10.054014699038877],[48.35684916272451,-10.086755119678346],[48.41006154314974,-10.12133515930647],[48.462028011074395,-10.157713286721526],[48.512685787918635,-10.195845800299526],[48.5619736060419,-10.235686878700461],[48.60983178081289,-10.277188634054868],[48.65620228107099,-10.320301167573032],[48.70102879790878,-10.364972627518576],[48.744256811707764,-10.411149269484174],[48.78583365735925,-10.458775518906252],[48.82570858760517,-10.50779403575305],[48.86383283443379,-10.558145781318766],[48.90015966846685,-10.60977008705345],[48.93464445627585,-10.66260472535865],[48.967244715566416,-10.71658598227452],[48.99792016816978,-10.771648731984264],[49.02663279078247,-10.827726513059073],[49.05334686339535,-10.884751606365633],[49.07802901535436,-10.942655114555638],[49.10064826899532,-11.00136704305713],[49.12117608079713,-11.060816382482951],[49.13958637999668,-11.120931192373448],[49.15585560461088,-11.181638686185707],[49.16996273481093,-11.24286531744261],[49.18188932359481,-11.304536866951759],[49.19161952470473,-11.36657853100378],[49.19914011773674,-11.428915010457514],[49.20444053039075,-11.491470600617697],[49.207512857809796,-11.554169281810232],[49.208351878958226,-11.616934810557238],[49.20695506999003,-11.67969081125363],[49.20332261455928,-11.742360868244843],[49.197457411026356,-11.804868618203544],[49.189365076514996,-11.867137842702506],[49.17905394777713,-11.92909256087815],[49.166535078824865,-11.990657122078911],[49.151822235290425,-12.051756298389938],[49.134931885478345,-12.112315376925409],[49.115883188076886,-12.172260251777542],[49.09469797649821,-12.231517515510223],[49.071400739821456,-12.29001455008461],[49.04601860031581,-12.347679617101905],[49.01858128752523,-12.404441947248467],[48.989121108901266,-12.46023182882701],[48.95767291697473,-12.514980695257025],[48.92427407306296,-12.568621211427208],[48.88896440751428,-12.621087358781825],[48.85178617649797,-12.672314519023248],[48.81278401535356,-12.722239556312593],[48.772004888520335,-12.770800897850537],[48.729498036074965,-12.81793861272131],[48.68531491691157,-12.863594488882528],[48.639509148606805,-12.907712108186267],[48.59213644401953,-12.950236919315687],[48.54325454468272,-12.99111630852526],[48.49292315105319,-13.030299668072836],[48.441203849692855,-13.067738462234828],[48.38816003746266,-13.103386290797934],[48.333856842819976,-13.137198949923238],[48.278361044316554,-13.169134490282048],[48.22174098640375,-13.199153272366207],[48.164066492658854,-13.227218018878485],[48.105408776554206,-13.253293864113967],[48.04584034989879,-13.27734840024624],[47.985434929088875,-13.2993517204381],[47.92426733931171,-13.319276458700035],[47.86241341685246,-13.337097826426236],[47.7999499096615,-13.352793645542107],[47.736954376344194,-13.366344378203971],[47.673505083741645,-13.377733152996466],[47.6096809032747,-13.386945787580308],[47.54556120622883,-13.393970807748484],[47.481225758159994,-13.398799462856026],[47.416754612606,-13.401425737594703],[47.352228004289415,-13.401846360090774],[47.28772624199993,-13.400060806310794],[47.22332960134598,-13.396071300767511],[47.159118217564874,-13.389882813523986],[47.095171978581284,-13.38150305350214],[47.03157041850251,-13.370942458107805],[46.96839261173793,-13.358214179191481],[46.905717067927,-13.343334065371055],[46.84362162785851,-13.326320640748845],[46.78218336055905,-13.307195080062275],[46.721478461725575,-13.285981180313483],[46.661582153671695,-13.262705328929583],[46.602568586952536,-13.23739646851124],[46.544510743827175,-13.210086058232879],[46.48748034371141,-13.18080803196325],[46.43154775076759,-13.149598753180587],[46.37678188377054,-13.116496966761733],[46.32325012838238,-13.081543747728412],[46.27101825196037,-13.04478244703943],[46.22015032101553,-13.006258634520862],[46.17070862143038,-12.96602003903043],[46.12275358153768,-12.924116485955462],[46.07634369815262,-12.880599832147563],[46.03153546564332,-12.835523898399096],[45.98838330811668,-12.788944399570225],[45.946939514787736,-12.740918872476252],[45.90725417859349,-12.691506601648086],[45.86937513810363,-12.640768543079355],[45.83334792277357,-12.588767246075529],[45.79921570157693,-12.5355667733218],[45.7670192350483,-12.481232619285803],[45.73679683075929,-12.425831627074164],[45.708584302244574,-12.36943190385951],[45.682414931388394,-12.312102734997035],[45.65831943427541,-12.253914496947893],[45.6363259305047,-12.194938569127117],[45.6164599159597,-12.135247244793279],[45.59874423902228,-12.07491364109616],[45.58319908021425,-12.014011608398055],[45.56984193524528,-11.952615638983165],[45.558687601442216,-11.890800775269087],[45.549748167531384,-11.828642517632144],[45.54303300674138,-11.766216731958465],[45.538548773192005,-11.703599557029806],[45.53629940153113,-11.640867311853222]]]}},{"type":"Feature","properties":{"group":"C4","age_Ma":100.0,"plate_id":712,"material":"inherited nucleus parcel; radius 200 km","area_km2":125627.88959134852},"geometry":{"type":"Polygon","coordinates":[[[-142.78538011575753,-64.30965244181925],[-142.91736830734072,-64.33552482631531],[-143.05159488680087,-64.35926488626397],[-143.1878712290631,-64.38083814116345],[-143.32600428229517,-64.4002131743205],[-143.46579695432575,-64.41736170236796],[-143.60704851690895,-64.43225863834252],[-143.74955502625104,-64.44488214802693],[-143.89310975807751,-64.45521369928856],[-144.03750365539165,-64.46323810417726],[-144.18252578696672,-64.46894355357846],[-144.32796381451763,-64.47232164425141],[-144.47360446642173,-64.47336739811995],[-144.61923401579938,-64.47207927372015],[-144.7646387607251,-64.46845916974814],[-144.90960550432226,-64.4625124206903],[-145.05392203249383,-64.45424778455768],[-145.1973775870641,-64.44367742278554],[-145.3397633321467,-64.43081687239727],[-145.48087281161634,-64.41568501056973],[-145.6205023956384,-64.39830401177313],[-145.7584517143098,-64.37869929769357],[-145.89452407657464,-64.35689948017821],[-146.0285268727063,-64.33293629747453],[-146.16027195878755,-64.30684454406189],[-146.28957602176894,-64.27866199439991],[-146.41626092384672,-64.24842932093924],[-146.5401540250669,-64.21619000676125],[-146.66108848323177,-64.18199025322751],[-146.77890353036037,-64.14587888303473],[-146.89344472512641,-64.10790723907934],[-147.00456418087066,-64.06812907954381],[-147.11212076895416,-64.02660046961964],[-147.21598029738283,-63.983379670283114],[-147.3160156647917,-63.93852702453782],[-147.4121069900281,-63.89210484153306],[-147.50414171771266,-63.84417727895975],[-147.5920147002901,-63.79481022411625],[-147.67562825719938,-63.744071174024576],[-147.75489221190352,-63.69202911496387],[-147.82972390761432,-63.638754401772424],[-147.90004820263306,-63.58431863725377],[-147.96579744629847,-63.52879455200382],[-148.0269114365952,-63.47225588495693],[-148.08333736052177,-63.41477726493043],[-148.1350297183549,-63.35643409342584],[-148.18195023297068,-63.297302428925725],[-148.22406774539883,-63.23745887290364],[-148.26135809778918,-63.1769804577455],[-148.29380400496694,-63.11594453675926],[-148.32139491573753,-63.05442867643132],[-148.34412686508367,-62.99251055106722],[-148.36200231836764,-62.930267839937756],[-148.37503000861878,-62.86777812703119],[-148.38322476794795,-62.80511880349741],[-148.38660735408644,-62.742366972852004],[-148.38520427300045,-62.679599358993954],[-148.37904759848297,-62.616892217075645],[-148.368174789571,-62.554321247251046],[-148.35262850658512,-62.4919615113149],[-148.33245642653188,-62.42988735223535],[-148.3077110585545,-62.36817231657072],[-148.27844956006427,-62.306889079753404],[-148.24473355412803,-62.24610937421393],[-148.2066289486358,-62.18590392031166],[-148.16420575771926,-62.126342360031366],[-148.1175379258407,-62.06749319340011],[-148.06670315492386,-62.00942371757266],[-148.0117827348509,-61.952199968530486],[-147.95286137760323,-61.895886665335496],[-147.89002705528475,-61.84054715687715],[-147.8233708422204,-61.78624337104897],[-147.75298676129012,-61.73303576628961],[-147.67897163461916,-61.68098328542214],[-147.60142493871325,-61.63014331172433],[-147.5204486640969,-61.58057162716391],[-147.43614717948347,-61.53232237273119],[-147.3486271004798,-61.48544801080402],[-147.25799716280318,-61.43999928947952],[-147.16436809996753,-61.396025208809135],[-147.06785252537443,-61.35357298887472],[-146.96856481872635,-61.312688039645366],[-146.86662101666374,-61.27341393255594],[-146.76213870751187,-61.235792373751444],[-146.6552369300109,-61.19986317894226],[-146.54603607589,-61.16566424981872],[-146.4346577961368,-61.13323155197508],[-146.32122491080344,-61.1025990942958],[-146.20586132218278,-61.07379890975972],[-146.0886919311815,-61.046861037619486],[-145.96984255671023,-61.0218135069175],[-145.8494398579062,-60.99868232130068],[-145.7276112589982,-60.977491445100426],[-145.60448487662225,-60.95826279064564],[-145.4801894493895,-60.941016206780134],[-145.35485426950902,-60.925769468557675],[-145.22860911626276,-60.91253826809093],[-145.10158419113083,-60.90133620653314],[-144.97391005436046,-60.892174787173595],[-144.84571756277464,-60.88506340963098],[-144.71713780861185,-60.880009365130704],[-144.58830205919017,-60.87701783285537],[-144.45934169718734,-60.87609187735972],[-144.33038816132748,-60.87723244704367],[-144.2015728872664,-60.880438373680335],[-144.07302724846582,-60.88570637299756],[-143.94488249684804,-60.89303104631444],[-143.81726970302105,-60.90240488323663],[-143.69031969586734,-60.913818265416865],[-143.5641630012859,-60.927259471389824],[-143.43892977988148,-60.942714682491875],[-143.3147497633938,-60.96016798988069],[-143.19175218966032,-60.97960140267022],[-143.07006573590863,-61.00099485720055],[-142.9498184501749,-61.02432622746404],[-142.83113768064737,-61.049571336711736],[-142.71415000273635,-61.076703970267005],[-142.59898114367377,-61.10569588957547],[-142.4857559044504,-61.13651684752347],[-142.374598078901,-61.16913460505919],[-142.2656303697538,-61.20351494915418],[-142.15897430146464,-61.2396217121445],[-142.0547501296633,-61.277416792494066],[-141.95307674704625,-61.316860177025355],[-141.8540715855585,-61.35790996466429],[-141.75785051471604,-61.40052239174997],[-141.66452773593167,-61.4446518589607],[-141.57421567271834,-61.49025095991159],[-141.48702485665785,-61.53727051147998],[-141.4030638090381,-61.58565958591763],[-141.32243891807718,-61.63536554481052],[-141.24525431167405,-61.686334074948306],[-141.1716117256424,-61.73850922616755],[-141.1016103674097,-61.79183345123364],[-141.03534677518567,-61.84624764782749],[-140.972914672633,-61.901691202703695],[-140.91440481910024,-61.95810203808691],[-140.85990485550954,-62.015416660373376],[-140.80949914602445,-62.07357021120355],[-140.76326861565957,-62.132496520971145],[-140.72129058403132,-62.19212816483191],[-140.683638595492,-62.2523965212733],[-140.65038224592826,-62.31323183330382],[-140.62158700655505,-62.37456327231641],[-140.59731404507954,-62.43631900467691],[-140.5776200446614,-62.498426261083274],[-140.56255702114427,-62.56081140873485],[-140.55217213908892,-62.62340002634541],[-140.54650752718862,-62.68611698202504],[-140.54560009370473,-62.7488865140479],[-140.54948134261377,-62.81163231451358],[-140.55817719121305,-62.87427761589857],[-140.57170778998554,-62.93674528048404],[-140.5900873455794,-62.998957892632404],[-140.6133239478081,-63.06083785387249],[-140.64141940162773,-63.122307480738634],[-140.6743690650934,-63.18328910529314],[-140.71216169434118,-63.243705178245754],[-140.75477929667838,-63.3034783745662],[-140.80219699289995,-63.36253170146795],[-140.85438288997415,-63.42078860862325],[-140.91129796526187,-63.47817310044882],[-140.9728959634457,-63.5346098502832],[-141.03912330734858,-63.59002431625607],[-141.10991902381693,-63.64434285862864],[-141.185214685827,-63.69749285836559],[-141.26493437194745,-63.74940283667658],[-141.3489946442537,-63.800002575247355],[-141.43730454574055,-63.84922323685947],[-141.5297656182181,-63.89699748608009],[-141.62627194160402,-63.943259609684475],[-141.7267101954372,-63.98794563645879],[-141.83095974334293,-64.03099345601382],[-141.93889274106775,-64.0723429362286],[-142.05037426858095,-64.11193603893037],[-142.1652624866099,-64.14971693340797],[-142.2834088178312,-64.18563210734939],[-142.4046581527913,-64.2196304747887],[-142.52884908046929,-64.25166348064681],[-142.65581414323165,-64.28168520145053],[-142.78538011575753,-64.30965244181925]]]}},{"type":"Feature","properties":{"group":"C5","age_Ma":100.0,"plate_id":8011,"material":"inherited nucleus parcel; radius 200 km","area_km2":125627.88959134831},"geometry":{"type":"Polygon","coordinates":[[[143.04063673828034,-2.132694479919808],[143.04017990342052,-2.069925229923449],[143.04191426309745,-2.0071782541746996],[143.04583745468338,-1.9445299179753508],[143.05194446608937,-1.8820564584007917],[143.0602276428263,-1.8198338923067767],[143.07067669810365,-1.7579379246278315],[143.08327872595223,-1.6964438570696299],[143.09801821735715,-1.6354264972975385],[143.11487707938295,-1.5749600687230116],[143.13383465727352,-1.5151181209891884],[143.15486775950538,-1.4559734412565795],[143.17795068577163,-1.3975979663888887],[143.2030552578727,-1.3400626961392823],[143.23015085348558,-1.2834376074356812],[143.25920444278333,-1.2277915698639752],[143.2901806278724,-1.1731922624466475],[143.3230416850134,-1.1197060918140134],[143.35774760958842,-1.0673981118636575],[143.39425616377466,-1.0163319450035821],[143.43252292688192,-0.9665697050729878],[143.47250134830676,-0.91817192203258],[143.51414280305556,-0.8711974685171343],[143.5573966497825,-0.8257034883392609],[143.6022102912869,-0.7817453270332345],[143.64852923741037,-0.7393764645252728],[143.69629717027027,-0.6986484500152381],[143.74545601176231,-0.6596108391528674],[143.79594599326168,-0.6223111335881364],[143.84770572744833,-0.5867947229752464],[143.90067228217748,-0.5531048295051582],[143.95478125631354,-0.5212824550400222],[144.00996685744107,-0.49136633092012527],[144.06616198136396,-0.46339287050982775],[144.12329829329792,-0.4373961245473762],[144.18130631066055,-0.41340773935906583],[144.24011548735794,-0.3914569179948898],[144.29965429946452,-0.3715703843395492],[144.3598503321886,-0.3537723502485238],[144.420630368014,-0.3380844857551495],[144.4819204759058,-0.3245258923907425],[144.54364610146354,-0.31311307965502333],[144.60573215790578,-0.30385994467053995],[144.66810311776595,-0.2967777550499755],[144.73068310517797,-0.2918751350007683],[144.79339598862927,-0.28915805468679734],[144.85616547405698,-0.2886298228628006],[144.91891519816267,-0.29029108279146576],[144.98156882182016,-0.29413981144982976],[145.0440501234511,-0.30017132202556285],[145.10628309224174,-0.30837826969961757],[145.16819202107752,-0.3187506607073798],[145.22970159906944,-0.3312758646645542],[145.2907370035497,-0.3459386301409026],[145.35122399141434,-0.3627211034589291],[145.41108898969267,-0.3816028506910714],[145.4702591852244,-0.4025608828241883],[145.52866261332898,-0.4255696840554876],[145.58622824535254,-0.4506012431800718],[145.64288607498156,-0.4776250880266106],[145.69856720321476,-0.5066083228924679],[145.75320392188797,-0.5375156689269707],[145.80672979564991,-0.5703095074069962],[145.85907974229008,-0.6049499258460349],[145.91019011132386,-0.6413947668739487],[145.95999876074325,-0.6795996798215792],[146.00844513184495,-0.7195181749420881],[146.05547032205268,-0.7611016801960543],[146.10101715565247,-0.8042996005269775],[146.14503025236522,-0.8490593795495649],[146.18745609368352,-0.8953265635711919],[146.22824308690423,-0.9430448678650287],[146.26734162679108,-0.9921562451109838],[146.30470415480687,-1.042600955918646],[146.3402852158564,-1.094317641344417],[146.37404151248646,-1.1472433973140908],[146.40593195649186,-1.2013138508595655],[146.43591771787985,-1.256463238078305],[146.46396227114826,-1.3126244837213332],[146.49003143883618,-1.3697292823159901],[146.51409343230898,-1.4277081807274852],[146.5361188897411,-1.4864906620626992],[146.5560809112646,-1.5460052308193775],[146.57395509125197,-1.6061794991817457],[146.589719547706,-1.6669402743644917],[146.60335494872987,-1.7282136469054212],[146.6148445360547,-1.7899250798061195],[146.6241741456024,-1.8519994984210453],[146.6313322250646,-1.9143613809930524],[146.6363098484795,-1.9769348497345571],[146.63910072779163,-2.0396437623516634],[146.63970122137985,-2.102411803909461],[146.63811033954187,-2.165162578935792],[146.6343297469249,-2.2278197036600713],[146.62836376189384,-2.2903068982842916],[146.62021935283053,-2.352548079182506],[146.60990613135917,-2.4144674509248754],[146.59743634249503,-2.4759895980224544],[146.58282485171645,-2.5370395762881737],[146.5660891289602,-2.5975430037104044],[146.5472492295455,-2.657426150733746],[146.52632777203166,-2.716616029843251],[146.50334991301807,-2.77504048434771],[146.47834331889908,-2.832628276256763],[146.4513381345859,-2.8893091731490625],[146.4223669492151,-2.945014033925969],[146.39146475886216,-2.9996748933485216],[146.35866892628505,-3.053225045253571],[146.32401913772537,-3.1055991243467407],[146.2875573567973,-3.1567331864704706],[146.2493277755003,-3.206564787245337],[146.20937676239478,-3.255033058985304],[146.16775280798348,-3.3020787857869465],[146.12450646734726,-3.347644476694967],[146.07969030008783,-3.391674436848033],[146.03335880763348,-3.434114836509555],[145.9855683679712,-3.4749137778901598],[145.93637716787097,-3.5140213596716374],[145.88584513267438,-3.5513897391424516],[145.83403385372392,-3.5869731918588768],[145.7810065135156,-3.620728168747867],[145.72682780865986,-3.6526133505699274],[145.67156387074425,-3.6825896996645002],[145.61528218519277,-3.7106205089025646],[145.55805150822385,-3.736671447775009],[145.49994178201337,-3.760710605548729],[145.44102404817087,-3.7827085314266733],[145.38137035964627,-3.8026382716513356],[145.32105369118415,-3.8204754034961614],[145.26014784844793,-3.83619806609293],[145.19872737594142,-3.84978698804845],[145.1368674638554,-3.861225511807984],[145.0746438539728,-3.8704996147280095],[145.0121327447669,-3.877597926825284],[144.9494106958296,-3.8825117451755236],[144.8865545317695,-3.885235044938293],[144.82364124571941,-3.885764486991368],[144.76074790259628,-3.884099422162857],[144.69795154225466,-3.8802418920538138],[144.6353290826775,-3.874196626450883],[144.5729572233466,-3.865971037332059],[144.5109123489344,-3.855575209475865],[144.44927043345925,-3.84302188768794],[144.38810694504275,-3.828326460665529],[144.32749675140892,-3.8115069415243283],[144.26751402625982,-3.792583945018403],[144.20823215666186,-3.7715806614882297],[144.14972365157422,-3.748522827576722],[144.0920600516456,-3.7234386937582715],[144.03531184040486,-3.6963589887299912],[143.979548356966,-3.6673168807191825],[143.92483771036302,-3.636347935765015],[143.87124669562814,-3.603490073036631],[143.81884071172135,-3.5687835172537663],[143.76768368141362,-3.5322707482797027],[143.71783797322425,-3.4939964479598777],[143.6693643255046,-3.4540074442828543],[143.62232177275854,-3.4123526529432406],[143.57676757428283,-3.36908301638923],[143.532757145207,-3.3242514404401398],[143.49034399000686,-3.2779127285616605],[143.44957963856055,-3.230123513889034],[143.41051358481147,-3.180942189089937],[143.37319322809793,-3.1304288341615325],[143.3376638172035,-3.078645142257171],[143.30396839717898,-3.0256543436398493],[143.27214775898094,-2.9715211278612803],[143.24224039196855,-2.916311564266142],[143.21428243929526,-2.8600930209220605],[143.18830765622923,-2.8029340820775075],[143.16434737143075,-2.7449044642490374],[143.1424304512127,-2.6860749310420196],[143.12258326680683,-2.6265172068069043],[143.1048296646527,-2.566303889236096],[143.08919093972722,-2.5055083610048623],[143.07568581192558,-2.4442047005604235],[143.06433040550527,-2.3824675921642013],[143.05513823159868,-2.3203722352912997],[143.04812017380033,-2.257994253491608],[143.0432844768313,-2.195409602817155],[143.04063673828034,-2.132694479919808]]]}},{"type":"Feature","properties":{"group":"C6","age_Ma":100.0,"plate_id":8031,"material":"inherited nucleus parcel; radius 200 km","area_km2":125627.88959134767},"geometry":{"type":"Polygon","coordinates":[[[171.16484207249545,-15.452968428521837],[171.11434536639482,-15.413334523100204],[171.06533306793582,-15.372015903523327],[171.0178650489443,-15.32906387640187],[170.97199915439077,-15.284531739577309],[170.92779113266883,-15.238474712045445],[170.88529456922518,-15.190949861600284],[170.84456082360424,-15.142016030315343],[170.8056389699603,-15.091733757981658],[170.76857574108385,-15.040165203621614],[170.73341547597698,-14.98737406520105],[170.70020007100834,-14.93342549766018],[170.66896893466685,-14.878386029386537],[170.63975894592832,-14.82232347725231],[170.61260441624043,-14.76530686033803],[170.5875370551256,-14.707406312465391],[170.56458593939396,-14.648692993660273],[170.5437774859535,-14.589239000667343],[170.52513542819833,-14.529117276635471],[170.50868079595043,-14.468401520093824],[170.49443189892608,-14.40716609333554],[170.48240431369337,-14.34548593032562],[170.47261087408356,-14.283436444247744],[170.46506166501376,-14.221093434803741],[170.45976401967803,-14.158532995376673],[170.45672252005897,-14.095831420167787],[170.45593900070878,-14.033065111415768],[170.4574125557488,-13.97031048680437],[170.46113954903322,-13.907643887162074],[170.46711362742013,-13.84514148455838],[170.47532573709404,-13.782879190895212],[170.4857641428801,-13.720932567093966],[170.49841445049236,-13.659376732973904],[170.51325963165374,-13.598286277918106],[170.53028005202958,-13.537735172418998],[170.54945350191124,-13.47779668059583],[170.57075522959013,-13.418543273772903],[170.594157977359,-13.360046545206432],[170.61963202007954,-13.302377126046265],[170.64714520625344,-13.245604602615694],[170.67666300153564,-13.189797435092638],[170.7081485346264,-13.135022877671906],[170.7415626454801,-13.081346900288041],[170.77686393576928,-13.02883411197495],[170.81400882153957,-12.977547685938355],[170.85295158799366,-12.92754928641409],[170.89364444634097,-12.878898997383985],[170.9360375926496,-12.831655253219308],[170.98007926863613,-12.78587477132001],[171.0257158243298,-12.741612486815688],[171.07289178254555,-12.698921489392902],[171.12154990510103,-12.657852962310825],[171.1716312607108,-12.618456123666448],[171.2230752944915,-12.580778169966738],[171.27581989901,-12.544864222065018],[171.32980148680608,-12.51075727351509],[171.38495506432042,-12.478498141395397],[171.44121430715717,-12.448125419652895],[171.49851163661035,-12.419675435014197],[171.55677829738127,-12.39318220550819],[171.6159444364138,-12.368677401644076],[171.67593918277362,-12.346190310283042],[171.7366907284952,-12.325747801242414],[171.79812641032171,-12.307374296665838],[171.8601727922588,-12.291091743192467],[171.92275574886574,-12.276919586953106],[171.98580054920475,-12.26487475142017],[172.04923194136757,-12.254971618135295],[172.11297423750074,-12.24722201033361],[172.17695139924706,-12.24163517948339],[172.2410871235229,-12.238217794754028],[172.30530492854814,-12.23697393542519],[172.36952824004794,-12.237905086242991],[172.43368047754257,-12.241010135730594],[172.49768514064309,-12.246285377453098],[172.56146589527097,-12.253724514236282],[172.62494665971775,-12.263318665334456],[172.6880516904637,-12.275056376540043],[172.75070566767275,-12.288923633223932],[172.81283378028226,-12.304903876292437],[172.87436181060679,-12.322978021045099],[172.93521621837488,-12.343124478911935],[172.99532422411986,-12.3653191820483],[173.05461389184464,-12.38953561076139],[173.11301421088322,-12.415744823739129],[173.1704551768808,-12.443915491050788],[173.22686787181703,-12.47401392988396],[173.28218454299554,-12.506004142982494],[173.33633868092724,-12.539847859743814],[173.38926509603198,-12.575504579935478],[173.44089999408746,-12.61293161998487],[173.49118105035328,-12.652084161795827],[173.54004748230034,-12.692915304042224],[173.58744012087487,-12.735376115887684],[173.6333014802298,-12.77941569307648],[173.6775758258547,-12.824981216340456],[173.7202092410382,-12.872018012063364],[173.76114969159562,-12.920469615142936],[173.80034708879725,-12.970277833987742],[173.83775335043177,-13.021382817586009],[173.87332245994074,-13.073723124578974],[173.90701052356005,-13.127235794272133],[173.93877582540466,-13.18185641951445],[173.96857888043408,-13.237519221373393],[173.99638248523448,-13.294157125533582],[174.02215176655616,-13.35170184034366],[174.0458542275427,-13.410083936433885],[174.06745979158964,-13.469232927827376],[174.08694084377086,-13.529077354463592],[174.10427226976975,-13.589544866052321],[174.11943149225357,-13.650562307174356],[174.13239850462864,-13.712055803543656],[174.14315590211524,-13.773950849342778],[174.15168891007966,-13.836172395542917],[174.15798540956297,-13.898644939117558],[174.1620359599456,-13.961292613056443],[174.16383381868735,-14.02403927708504],[174.16337495808344,-14.086808608993392],[174.16065807897826,-14.149524196475253],[174.15568462137884,-14.212109629377249],[174.1484587719131,-14.27448859225565],[174.13898746807698,-14.336584957136715],[174.127280399219,-14.39832287637457],[174.11335000421192,-14.459626875498309],[174.09721146576268,-14.520421945939242],[174.07888270131684,-14.580633637526525],[174.0583843505148,-14.640188150638116],[174.03573975916294,-14.69901242789271],[174.01097495968358,-14.75703424526606],[173.98411864801605,-14.814182302514805],[173.95520215694248,-14.87038631278848],[173.92425942581914,-14.925577091310227],[173.89132696669884,-14.979686643005468],[173.8564438268364,-15.03264824895657],[173.81965154757526,-15.084396551562397],[173.78099411962017,-15.13486763827904],[173.74051793470844,-15.1839991238203],[173.69827173369833,-15.231730230695373],[173.65430655110396,-15.278001867960988],[173.60867565610982,-15.322756708067832],[173.5614344901111,-15.365939261680278],[173.51264060083093,-15.407495950350729],[173.46235357307646,-15.447375176931004],[173.41063495620426,-15.485527393605395],[173.35754818837407,-15.521905167432704],[173.30315851767946,-15.556463243285592],[173.24753292025363,-15.589158604080948],[173.19074001545602,-15.619950528196167],[173.1328499782566,-15.648800643970889],[173.07393444894134,-15.675672981197888],[173.0140664402731,-15.700534019510203],[172.95332024224825,-15.723352733577933],[172.89177132459983,-15.744100635030515],[172.829496237203,-15.762751811029313],[172.76657250854933,-15.77928295941625],[172.70307854245866,-15.793673420374956],[172.63909351320802,-15.80590520454353],[172.5746972592599,-15.815963017525291],[172.50997017577788,-15.823834280752088],[172.44499310612295,-15.829509148658598],[172.37984723252626,-15.832980522135976],[172.314613966138,-15.834244058237765],[172.24937483665425,-15.833298176120296],[172.184211381725,-15.830144059205256],[172.1192050363474,-15.82478565356058],[172.0544370224485,-15.817229662503111],[171.9899882388611,-15.807485537432898],[171.92593915189457,-15.795565464916994],[171.8623696867003,-15.781484350048277],[171.79935911962903,-15.765259796110476],[171.736985971773,-15.746912080588837],[171.67532790388202,-15.726464127572248],[171.6144616128368,-15.703941476599143],[171.55446272985895,-15.679372248005764],[171.4954057206286,-15.652787104842144],[171.43736378747596,-15.624219211426588],[171.38040877380476,-15.593704188614844],[171.3246110708983,-15.56128006586633],[171.27003952725067,-15.52698723019417],[171.2167613605582,-15.49086837209016],[171.16484207249545,-15.452968428521837]]]}},{"type":"Feature","properties":{"group":"C1","age_Ma":150.0,"plate_id":101,"material":"inherited nucleus parcel; radius 200 km","area_km2":125627.88959134839},"geometry":{"type":"Polygon","coordinates":[[[-49.61107784446773,-15.158639873266647],[-49.633224649084035,-15.21765997285707],[-49.657504422084315,-15.275896115723217],[-49.6838891382445,-15.333276729160401],[-49.71234811736763,-15.389731229109],[-49.74284805336733,-15.44519010924784],[-49.77535304699014,-15.499585029077311],[-49.80982464218758,-15.552848900870414],[-49.84622186614408,-15.604915975368396],[-49.88450127295813,-15.655721926098103],[-49.92461699096889,-15.705203932187402],[-49.96652077371066,-15.75330075955497],[-50.010162054472076,-15.799952840351652],[-50.05548800442643,-15.845102350530412],[-50.10244359429273,-15.888693285423503],[-50.15097165947724,-15.930671533205848],[-50.20101296863692,-15.970984946126153],[-50.25250629559669,-16.009583409387968],[-50.3053884945432,-16.04641890756629],[-50.35959457840877,-16.0814455884466],[-50.41505780034941,-16.114619824177222],[-50.47170973821163,-16.145900269628346],[-50.529480381873704,-16.175247917855057],[-50.588298223337816,-16.202626152565443],[-50.64809034944013,-16.22800079749937],[-50.7087825370386,-16.251340162627695],[-50.770299350528035,-16.272615087087484],[-50.83256424152565,-16.29179897877282],[-50.89549965056198,-16.308867850507916],[-50.959027110604964,-16.323800352733617],[-51.02306735223887,-16.336577802645653],[-51.0875404103132,-16.34718420972879],[-51.15236573187236,-16.355606297637703],[-51.21746228517022,-16.36183352238267],[-51.2827486695724,-16.365858086784396],[-51.34814322614321,-16.367674951170233],[-51.413564148713235,-16.36728184029067],[-51.478929595221274,-16.364679246442723],[-51.54415779912298,-16.35987042879411],[-51.60916718065896,-16.3528614089094],[-51.67387645777492,-16.343660962487203],[-51.73820475648845,-16.332280607324062],[-51.80207172049842,-16.318734587528844],[-51.86539761983627,-16.303039854018415],[-51.92810345836212,-16.28521604133173],[-51.990111079912246,-16.26528544080785],[-52.05134327291019,-16.24327297017871],[-52.111723873259,-16.219206139634913],[-52.17117786533796,-16.19311501442883],[-52.22963148093478,-16.165032174085162],[-52.28701229595031,-16.13499266829548],[-52.343249324721654,-16.103033969577687],[-52.3982731118168,-16.069195922788],[-52.452015821162924,-16.03352069157628],[-52.50441132237882,-15.996052701881306],[-52.555395274191206,-15.956838582566238],[-52.60490520482367,-15.915927103298069],[-52.652880589256284,-15.873369109778988],[-52.69926292326337,-15.829217456440194],[-52.743995794146024,-15.783526936711421],[-52.78702494808563,-15.736354210982332],[-52.82829835405369,-15.687757732373502],[-52.867766264222055,-15.637797670436374],[-52.90538127082723,-15.586535832903754],[-52.94109835945061,-15.53403558561234],[-52.97487495868486,-15.48036177072047],[-53.00667098616506,-15.42558062334442],[-53.03644889095119,-15.369759686736458],[-53.06417369225524,-15.31296772612864],[-53.089813014514185,-15.255274641364979],[-53.113337118816126,-15.19675137844493],[-53.13471893069354,-15.137469840100138],[-53.15393406430316,-15.077502795525042],[-53.170960843017696,-15.016923789381627],[-53.18578031645968,-14.95580705019654],[-53.19837627401198,-14.894227398268223],[-53.20873525484377,-14.832260153199105],[-53.216846554495426,-14.76998104116762],[-53.222702228067526,-14.707466102051812],[-53.22629709006404,-14.644791596515619],[-53.22762871094077,-14.582033913165999],[-53.22669741041378,-14.519269475888237],[-53.22350624758356,-14.456574651464209],[-53.218061007933045,-14.394025657576396],[-53.210370187258526,-14.331698471298854],[-53.200444972594134,-14.269668738174332],[-53.188299220190956,-14.20801168197427],[-53.173949430613284,-14.146802015237132],[-53.15741472101425,-14.086113850678212],[-53.13871679465432,-14.026020613562224],[-53.11787990772586,-13.966594955127892],[-53.094930833547195,-13.907908667152366],[-53.06989882419024,-13.850032597740666],[-53.04281556960477,-13.79303656842454],[-53.013715154303725,-13.736989292652009],[-52.98263401167285,-13.6819582957483],[-52.94961087596834,-13.628009836426347],[-52.91468673206628,-13.575208829923136],[-52.877904763027665,-13.52361877283735],[-52.83931029554262,-13.473301669740314],[-52.7989507433176,-13.424317961632404],[-52.75687554846999,-13.376726456313516],[-52.71313612099407,-13.330584260735607],[-52.66778577636293,-13.285946715402822],[-52.62087967133163,-13.242867330882717],[-52.572474738006655,-13.201397726491122],[-52.52262961624765,-13.16158757120983],[-52.471404584468445,-13.123484526895489],[-52.4188614889037,-13.087134193835341],[-52.36506367140984,-13.052580058703668],[-52.31007589586839,-13.019863444970365],[-52.253964273261666,-12.989023465811227],[-52.196796185490584,-12.960096979566636],[-52.13864020800632,-12.933118547793846],[-52.07956603132745,-12.908120395954654],[-52.01964438151588,-12.885132376778559],[-51.95894693968522,-12.864181936338532],[-51.89754626061655,-12.84529408287406],[-51.835515690557095,-12.828491358393398],[-51.77292928427816,-12.813793813083995],[-51.709861721469736,-12.801218982558186],[-51.646388222549646,-12.790781867956554],[-51.582584463965745,-12.782494918930961],[-51.518526493070446,-12.776368019523703],[-51.45429064264718,-12.772408476958343],[-51.38995344516899,-12.770621013353658],[-51.32559154686961,-12.771007760369224],[-51.26128162170771,-12.773568256788508],[-51.19710028530519,-12.77829944904178],[-51.13312400893999,-12.785195694668413],[-51.06942903367479,-12.794248768714898],[-51.00609128470171,-12.805447873062008],[-50.94318628598329,-12.818779648671033],[-50.88078907527017,-12.834228190736795],[-50.818974119574506,-12.851775066731046],[-50.75781523117846,-12.8713993373183],[-50.697385484255776,-12.893077580121481],[-50.637757132184475,-12.916783916313538],[-50.57900152562752,-12.942490040007437],[-50.52118903145731,-12.970165250414007],[-50.46438895259989,-12.99977648673543],[-50.40866944887276,-13.031288365757959],[-50.354097458890095,-13.064663222106581],[-50.30073862310833,-13.09986115112025],[-50.24865720808309,-13.136840054304999],[-50.197916032009246,-13.175555687318925],[-50.14857639161346,-13.215961710441892],[-50.10069799046869,-13.25800974147891],[-50.05433886879898,-13.30164941104558],[-50.00955533484205,-13.346828420180671],[-49.96640189783688,-13.393492600229497],[-49.924931202702176,-13.441585974939244],[-49.88519396647205,-13.491050824705823],[-49.84723891655353,-13.541827752909528],[-49.81111273087122,-13.5938557542753],[-49.77685997996329,-13.64707228519081],[-49.744523071093184,-13.701413335914667],[-49.7141421944409,-13.75681350460447],[-49.68575527143766,-13.813206073092836],[-49.65939790530786,-13.870523084338014],[-49.63510333388196,-13.928695421473524],[-49.61290238474365,-13.987652888379701],[-49.592823432775596,-14.047324291698061],[-49.574892360167006,-14.10763752420775],[-49.55913251894663,-14.168519649481592],[-49.54556469610555,-14.229896987737021],[-49.53420708137248,-14.291695202795799],[-49.52507523770599,-14.353839390064314],[-49.518182074566184,-14.4162541654443],[-49.51353782402927,-14.47886375508212],[-49.51115001980745,-14.541592085862801],[-49.51102347923573,-14.604362876552496],[-49.51316028828703,-14.667099729492364],[-49.51755978967552,-14.729726222743265],[-49.524218574107,-14.792166002580192],[-49.53313047473345,-14.854342876232451],[-49.54428656486742,-14.916180904763962],[-49.557675159009705,-14.977604495986402],[-49.57328181724059,-15.038538497295539],[-49.59108935302389,-15.09890828831955],[-49.61107784446773,-15.158639873266647]]]}},{"type":"Feature","properties":{"group":"C2","age_Ma":150.0,"plate_id":201,"material":"inherited nucleus parcel; radius 200 km","area_km2":125627.88959134827},"geometry":{"type":"Polygon","coordinates":[[[-107.77153949026741,-22.54466620294712],[-107.7897658684256,-22.60513887048085],[-107.81028301139314,-22.664985211516775],[-107.83306867229318,-22.724131511551864],[-107.85809771979947,-22.782504819409787],[-107.88534215454698,-22.840033040075287],[-107.91477112959649,-22.896645026965793],[-107.94635097501101,-22.952270673509872],[-107.9800452265944,-23.00684100390064],[-108.01581465883511,-23.060288262889742],[-108.05361732209015,-23.112546004486457],[-108.09340858403431,-23.163549179424134],[-108.13514117539118,-23.21323422125641],[-108.17876523995184,-23.26153913094322],[-108.22422838887655,-23.308403559787795],[-108.27147575926371,-23.353768890584334],[-108.3204500769584,-23.397578316837414],[-108.37109172356153,-23.439776919913808],[-108.42333880758729,-23.480311743989702],[-108.47712723970447,-23.51913186865677],[-108.53239081198483,-23.556188479053056],[-108.58906128106723,-23.591434933386928],[-108.64706845513469,-23.62482682772531],[-108.70634028458736,-23.65632205792071],[-108.76680295628186,-23.68588087855539],[-108.82838099119436,-23.713465958785285],[-108.8909973453523,-23.73904243497124],[-108.95457351386699,-23.76257795998989],[-109.01902963788801,-23.784042749122914],[-109.08428461428858,-23.80340962242857],[-109.15025620788029,-23.820654043506686],[-109.21686116594528,-23.8357541545748],[-109.28401533486516,-23.848690807780265],[-109.35163377861664,-23.859447592681178],[-109.4196308988964,-23.86801085983625],[-109.4879205566312,-23.874369740452583],[-109.5564161946226,-23.878516162048154],[-109.62503096107193,-23.880444860094627],[-109.69367783372634,-23.880153385614843],[-109.76226974438501,-23.877642108718362],[-109.83071970350227,-23.872914218067148],[-109.89894092462464,-23.865975716272388],[-109.96684694839914,-23.856835411233117],[-110.03435176589188,-23.845504903435085],[-110.10136994095967,-23.83199856923853],[-110.16781673142022,-23.81633354019074],[-110.23360820877274,-23.79852967840958],[-110.29866137622625,-23.778609548090426],[-110.36289428479982,-23.756598383199194],[-110.42622614726753,-23.732524051420114],[-110.48857744972914,-23.706417014435676],[-110.54987006059757,-23.678310284622626],[-110.6100273368043,-23.648239378255063],[-110.66897422703471,-23.616242265311534],[-110.72663737181747,-23.582359315989976],[-110.78294520030323,-23.54663324403857],[-110.83782802358094,-23.509109047017088],[-110.89121812439264,-23.46983394360668],[-110.94304984312001,-23.42885730809113],[-110.9932596599304,-23.386230602136017],[-111.041786272981,-23.342007303994947],[-111.08857067259517,-23.29624283527587],[-111.1335562113366,-23.24899448540202],[-111.17668866991995,-23.200321333903524],[-111.21791631890996,-23.15028417067862],[-111.25718997617204,-23.098945414362593],[-111.29446306005079,-23.046369028944316],[-111.32969163826287,-22.992620438770196],[-111.36283447250301,-22.937766442075006],[-111.39385305877144,-22.881875123178226],[-111.42271166344187,-22.825015763484423],[-111.44937735509748,-22.767258751424265],[-111.47382003217233,-22.708675491471546],[-111.49601244644315,-22.64933831237019],[-111.51593022242368,-22.589320374702186],[-111.53355187272155,-22.528695577926868],[-111.54885880942305,-22.467538467017818],[-111.56183535157714,-22.405924138822428],[-111.57246872885536,-22.343928148265736],[-111.58074908146754,-22.28162641451796],[-111.58666945641868,-22.219095127241502],[-111.59022580019374,-22.156410653031088],[-111.59141694796101,-22.0936494421571],[-111.59024460938636,-22.03088793571924],[-111.586713351152,-21.968202473314943],[-111.58083057627508,-21.9056692013234],[-111.57260650032156,-21.843363981903398],[-111.56205412461144,-21.781362302799984],[-111.5491892065116,-21.719739188051992],[-111.53403022691097,-21.65856910968963],[-111.51659835497367,-21.597925900508283],[-111.49691741026324,-21.53788266800222],[-111.47501382233128,-21.478511709538513],[-111.45091658786095,-21.419884428849496],[-111.4246572254557,-21.362071253919137],[-111.39626972816087,-21.30514155633594],[-111.36579051380446,-21.24916357218317],[-111.3332583732415,-21.194204324533935],[-111.29871441658466,-21.14032954761737],[-111.26220201750108,-21.087603612718855],[-111.22376675565503,-21.036089455875953],[-111.18345635737226,-20.985848507428692],[-111.14132063460147,-20.936940623481778],[-111.09741142224586,-20.889424019333436],[-111.05178251393617,-20.84335520492383],[-111.00448959631471,-20.798788922354355],[-110.95559018189888,-20.75577808552705],[-110.90514354059056,-20.714373721951],[-110.85321062989662,-20.674624916761523],[-110.79985402392485,-20.63657875899563],[-110.74513784121785,-20.60028029016525],[-110.68912767148672,-20.565772455168425],[-110.63189050130539,-20.533096055575978],[-110.57349463882575,-20.502289705330625],[-110.51400963757207,-20.473389788891907],[-110.45350621937418,-20.44643042186005],[-110.39205619649653,-20.421443414109024],[-110.32973239302098,-20.398458235457504],[-110.2666085655402,-20.377501983904132],[-110.20275932321827,-20.358599356452462],[-110.13826004727495,-20.341772622547637],[-110.07318680994969,-20.32704160014596],[-110.00761629300105,-20.314423634436114],[-109.94162570579775,-20.303933579228314],[-109.87529270305654,-20.295583781026533],[-109.80869530228274,-20.289384065796092],[-109.74191180096867,-20.285341728436677],[-109.67502069360565,-20.283461524969898],[-109.60810058856481,-20.2837456674466],[-109.5412301249021,-20.286193821578866],[-109.47448788914294,-20.290803107097638],[-109.40795233210177,-20.29756810083664],[-109.34170168579196,-20.306480842539337],[-109.27581388048132,-20.31753084338485],[-109.21036646194878,-20.330705097226073],[-109.14543650899768,-20.345988094530757],[-109.08110055128083,-20.363361839015038],[-109.01743448749349,-20.382805866956133],[-108.95451350398935,-20.404297269169074],[-108.89241199387564,-20.4278107156301],[-108.83120347664335,-20.45331848272786],[-108.77096051838843,-20.48079048312064],[-108.71175465268074,-20.51019429817673],[-108.6536563021372,-20.541495212972393],[-108.59673470075631,-20.574656253820507],[-108.5410578170719,-20.60963822830041],[-108.48669227818364,-20.646399767758385],[-108.43370329472324,-20.684897372245267],[-108.38215458681611,-20.72508545785703],[-108.33210831109771,-20.766916406441066],[-108.28362498884668,-20.810340617630118],[-108.23676343529598,-20.855306563163463],[-108.19158069018565,-20.90176084345274],[-108.14813194962134,-20.949648246349003],[-108.10647049930412,-20.9989118080646],[-108.06664764919886,-21.049492876202372],[-108.02871266970966,-21.101331174842446],[-107.99271272943217,-21.15436487163481],[-107.95869283455518,-21.208530646844796],[-107.92669576998436,-21.263763764294787],[-107.89676204226421,-21.319998144145828],[-107.86892982437499,-21.37716643745858],[-107.84323490248399,-21.435200102472074],[-107.81971062473228,-21.49402948253642],[-107.7983878521398,-21.553583885632865],[-107.7792949117137,-21.613791665412815],[-107.76245755184667,-21.674580303684568],[-107.74789890009367,-21.73587649427444],[-107.73563942341734,-21.797606228186062],[-107.72569689099332,-21.85969487997917],[-107.71808633966903,-21.92206729528646],[-107.71282004216921,-21.984647879384436],[-107.70990747814427,-22.047360686731164],[-107.70935530815586,-22.110129511380915],[-107.71116735069678,-22.17287797818311],[-107.71534456234033,-22.235529634669486],[-107.72188502111516,-22.29800804353082],[-107.73078391320023,-22.36023687558109],[-107.74203352303331,-22.422140003104236],[-107.75562322692493,-22.4836415934757],[-107.77153949026741,-22.54466620294712]]]}},{"type":"Feature","properties":{"group":"C3","age_Ma":150.0,"plate_id":601,"material":"inherited nucleus parcel; radius 200 km","area_km2":125627.88959134836},"geometry":{"type":"Polygon","coordinates":[[[41.40001664827951,-7.599006679711868],[41.38333058311243,-7.538454282601662],[41.36878969105721,-7.477361243079634],[41.35641078045929,-7.415802136348369],[41.34620801260653,-7.353852072178762],[41.33819288949005,-7.291586603270064],[41.332374244753446,-7.229081633257879],[41.32875823781307,-7.1664133244769745],[41.327348351129366,-7.103658005585311],[41.32814539060657,-7.040892079154518],[41.33114748909654,-6.978191929331532],[41.33635011298046,-6.915633829675042],[41.34374607180039,-6.853293851269539],[41.35332553091039,-6.791247771218157],[41.36507602711709,-6.729570981615925],[41.3789824872755,-6.668338399102581],[41.39502724980695,-6.60762437509395],[41.413190089103246,-6.547502606789516],[41.43344824277996,-6.48804604905319],[41.455776441740724,-6.429326827262127],[41.48014694301301,-6.371416151219448],[41.50652956531393,-6.31438423022287],[41.53489172730396,-6.258300189382442],[41.56519848848444,-6.203231987278454],[41.59741259269321,-6.14924633504896],[41.63149451415124,-6.096408616996022],[41.6674025060116,-6.044782812797753],[41.705092651359465,-5.994431421412193],[41.744518916611185,-5.945415386757672],[41.78563320725747,-5.89779402525228],[41.82838542589407,-5.851624955294364],[41.87272353248128,-5.806964028763197],[41.91859360677117,-5.763865264618597],[41.9659399128389,-5.722380784674471],[42.014704965652946,-5.6825607516215095],[42.06482959961541,-5.644453309370287],[42.11625303900222,-5.608104525784951],[42.16891297022984,-5.573558337874956],[42.2227456158726,-5.540856499509789],[42.27768581035291,-5.510038531719472],[42.333667077222735,-5.4811416756404485],[42.39062170795386,-5.454200848163948],[42.448480842150566,-5.429248600340963],[42.507174549096845,-5.406315078595145],[42.56663191054756,-5.385427988790931],[42.62678110467094,-5.366612563202409],[42.68754949104741,-5.3498915304231485],[42.74886369662787,-5.335285088255805],[42.81064970255335,-5.322810879614661],[42.87283293173478,-5.312483971472735],[42.935338337091736,-5.304316836878923],[42.99809049034682,-5.298319340069237],[43.06101367127092,-5.294498724690432],[43.12403195727488,-5.292859605151465],[43.187069313240826,-5.293403961113715],[43.25004968148728,-5.296131135127138],[43.312897071760794,-5.301037833415281],[43.37553565114786,-5.308118129808231],[43.43788983379985,-5.317363472818526],[43.49988437036536,-5.32876269585079],[43.5614444370236,-5.342302030531916],[43.62249572401488,-5.357965123145178],[43.68296452356353,-5.375733054146762],[43.742777817091344,-5.395584360740298],[43.80186336162021,-5.417495062480401],[43.86014977526434,-5.441438689873411],[43.9175666217143,-5.467386315938518],[43.9740444936173,-5.495306590690776],[44.02951509475946,-5.525165778502137],[44.08391132095903,-5.556927798294838],[44.13716733958061,-5.590554266517265],[44.189218667583724,-5.6260045428499685],[44.24000224802134,-5.663235778586075],[44.28945652490576,-5.702202967627571],[44.33752151636297,-5.7428590000364155],[44.38413888599783,-5.785154718076819],[44.42925201239607,-5.829038974681733],[44.47280605669114,-5.874458694275848],[44.51474802812611,-5.921358935883136],[44.55502684754405,-5.969682958446683],[44.59359340874241,-6.019372288285145],[44.63040063762848,-6.070366788609316],[44.665403549117066,-6.122604731019157],[44.698559301711725,-6.176022868901697],[44.72982724971452,-6.23055651264691],[44.75916899301046,-6.28613960659784],[44.786548424374956,-6.342704807650152],[44.81193177425477,-6.400183565413897],[44.835287652973925,-6.4585062038501215],[44.85658709031873,-6.517602004292399],[44.875803572456796,-6.577399289763284],[44.89291307614693,-6.6378255104936095],[44.90789410019815,-6.698807330551953],[44.92072769413736,-6.760270715490398],[44.93139748404677,-6.822141020911132],[44.93988969553368,-6.88434308185788],[44.94619317379579,-6.946801302935323],[44.95029940074786,-7.0094397490575995],[44.95220250917574,-7.0721822367270635],[44.95189929388587,-7.134952425742875],[44.949389219819935,-7.197673911238294],[44.94467442710514,-7.260270315944264],[44.93775973301399,-7.3226653825762],[44.92865263080682,-7.384783066239853],[44.91736328543488,-7.446547626751552],[44.90390452608206,-7.507883720766166],[44.888291835526395,-7.568716493607307],[44.87054333630512,-7.628971670691194],[44.850679773669555,-7.6885756484368315],[44.82872449531905,-7.747455584553129],[44.804703427906425,-7.805539487594162],[44.77864505031092,-7.862756305672136],[44.75058036367844,-7.919036014218553],[44.7205428582323,-7.9743097026821115],[44.68856847686271,-8.028509660053892],[44.654695575507,-8.08156945910825],[44.61896488033769,-8.133424039249359],[44.5814194417807,-8.184009787853228],[44.542104585390575,-8.233264619995547],[44.501067859615645,-8.281128056455954],[44.45835898049169,-8.327541299891273],[44.41402977330801,-8.372447309070136],[44.36813411129677,-8.41579087106336],[44.32072785140173,-8.457518671286092],[44.27186876718949,-8.497579361289052],[44.22161647897265,-8.535923624198587],[44.1700323812203,-8.57250423770739],[44.11717956733896,-8.60727613452025],[44.06312275191199,-8.640196460162187],[44.007928190493644,-8.671224628058857],[43.951663597059095,-8.700322371803448],[43.89439805921889,-8.727453794526369],[43.83620195131199,-8.752585415289493],[43.77714684549773,-8.77568621242958],[43.71730542097287,-8.796727663780263],[43.65675137144501,-8.81568378370686],[43.59555931099949,-8.832531156892353],[43.533804678501184,-8.847248968818432],[43.47156364067708,-8.859819032890796],[43.40891299403036,-8.870225814162378],[43.345930065739275,-8.878456449614863],[43.282692613698266,-8.884500764963875],[43.21927872586096,-8.888351287958988],[43.155766719047314,-8.890003258155868],[43.0922350373782,-8.889454633144084],[43.02876215050311,-8.886706091219251],[42.965426451786094,-8.881761030495733],[42.90230615661586,-8.87462556446048],[42.8394792010057,-8.865308513976679],[42.77702314064735,-8.853821395750026],[42.71501505058186,-8.840178407277959],[42.653531425648616,-8.824396408307313],[42.59264808187101,-8.806494898832163],[42.53244005893393,-8.786495993669098],[42.472981523905645,-8.764424393652636],[42.41434567635206,-8.740307353499837],[42.356604654987144,-8.714174646397147],[42.29982944599899,-8.686058525368441],[42.24408979318538,-8.655993681488502],[42.189454110028315,-8.624017199009097],[42.13598939382971,-8.590168507471889],[42.08376114202688,-8.55448933088396],[42.032833270797816,-8.51702363403773],[41.98326803606242,-8.477817566059437],[41.93512595697725,-8.436919401274547],[41.88846574201696,-8.394379477481463],[41.84334421772737,-8.350250131727377],[41.79981626022948,-8.304585633683665],[41.75793472954733,-8.257442116719629],[41.71775040682527,-8.208877506776417],[41.67931193449479,-8.15895144914434],[41.64266575944422,-8.1077252332483],[41.6078560792385,-8.05526171554836],[41.574924791430604,-8.001625240662367],[41.54391144600001,-7.94688156081972],[41.51485320094816,-7.8910977537555524],[41.48778478107573,-7.834342139155165],[41.462738439961115,-7.77668419375892],[41.4397439251546,-7.718194465238683],[41.41882844659861,-7.658944484955834],[41.40001664827951,-7.599006679711868]]]}},{"type":"Feature","properties":{"group":"C4","age_Ma":150.0,"plate_id":712,"material":"inherited nucleus parcel; radius 200 km","area_km2":125627.88959134839},"geometry":{"type":"Polygon","coordinates":[[[-145.89271020561955,-52.99084909536403],[-145.99534346893813,-53.0020065240424],[-146.09860625865113,-53.01091327875044],[-146.20235726424278,-53.017557111849605],[-146.30645427040653,-53.02192888213264],[-146.41075441957156,-53.024022572035044],[-146.51511447668184,-53.02383529898179],[-146.61939109530235,-53.0213673208272],[-146.72344108411724,-53.01662203536832],[-146.82712167288224,-53.00960597393317],[-146.930290776897,-53.000328789067844],[-147.03280725907405,-52.988803236367445],[-147.1345311886962,-52.975045150518206],[-147.23532409597922,-52.9590734156376],[-147.3350492215825,-52.94090993002088],[-147.4335717602467,-52.9205795654208],[-147.53075909777593,-52.89811012100668],[-147.62648104062612,-52.87353227216566],[-147.72061003740973,-52.84687951432584],[-147.81302139167963,-52.81818810199593],[-147.90359346540956,-52.78749698322963],[-147.992207872648,-52.75484772973542],[-148.078749662881,-52.72028446286323],[-148.1631074937026,-52.68385377570911],[-148.24517379245356,-52.64560465158639],[-148.3248449065524,-52.60558837911842],[-148.40202124230495,-52.563858464213325],[-148.47660739204161,-52.52047053918308],[-148.54851224949235,-52.47548226927312],[-148.61764911336718,-52.42895325686712],[-148.68393577916956,-52.38094494363205],[-148.74729461932134,-52.33152051086597],[-148.80765265173292,-52.28074477830713],[-148.86494159699774,-52.22868410165946],[-148.91909792443772,-52.17540626908258],[-148.97006288726575,-52.12098039688922],[-149.0177825471708,-52.06547682468433],[-149.06220778866327,-52.008967010173016],[-149.10329432355022,-51.95152342385476],[-149.14100268593376,-51.89321944381237],[-149.17529821814998,-51.834129250794625],[-149.206151048083,-51.77432772378013],[-149.2335360583034,-51.71389033620099],[-149.25743284749134,-51.65289305299294],[-149.2778256846116,-51.591412228628315],[-149.29470345631282,-51.52952450627745],[-149.30805960802263,-51.467306718233225],[-149.31789207921082,-51.40483578772267],[-149.32420323328452,-51.34218863221946],[-149.32699978257656,-51.2794420683605],[-149.32629270887523,-51.21667271855998],[-149.3220971799343,-51.15395691940478],[-149.31443246238854,-51.09137063190587],[-149.30332183148548,-51.02898935367076],[-149.28879247802743,-50.96688803305501],[-149.27087541290234,-50.90514098534143],[-149.2496053695621,-50.84382181098853],[-149.22502070479,-50.78300331598318],[-149.19716329807838,-50.722757434324954],[-149.16607844991887,-50.663155152664224],[-149.13181477928768,-50.60426643710967],[-149.09442412058806,-50.546160162216545],[-149.05396142029298,-50.48890404216116],[-149.01048463351086,-50.43256456410394],[-148.96405462067864,-50.37720692373839],[-148.91473504456675,-50.32289496302057],[-148.86259226776292,-50.269691110070355],[-148.80769525078395,-50.217656321232724],[-148.75011545094574,-50.16685002528604],[-148.6899267221078,-50.11733006978042],[-148.62720521539075,-50.06915266948996],[-148.56202928095047,-50.022372356958755],[-148.49447937087808,-49.977041935121875],[-148.424637943282,-49.93321243197956],[-148.35258936759377,-49.89093305730384],[-148.27841983112907,-49.850251161355644],[-148.20221724692146,-49.81121219559019],[-148.12407116283867,-49.77385967532916],[-148.04407267197772,-49.73823514437748],[-147.9623143243292,-49.70437814156359],[-147.87889003969002,-49.672326169181886],[-147.7938950217965,-49.642114663317415],[-147.70742567364363,-49.613776966032574],[-147.61957951394695,-49.58734429939746],[-147.53045509470073,-49.56284574134546],[-147.44015191977653,-49.54030820333728],[-147.34877036450493,-49.51975640981712],[-147.25641159617606,-49.50121287944632],[-147.16317749539147,-49.484697908100365],[-147.06917057819598,-49.47022955361666],[-146.97449391891467,-49.457823622281715],[-146.87925107361835,-49.44749365704715],[-146.78354600413644,-49.43925092746587],[-146.68748300253628,-49.43310442134054],[-146.59116661598463,-49.42906083807756],[-146.49470157190638,-49.42712458374214],[-146.39819270335386,-49.42729776780985],[-146.30174487450094,-49.429580201612474],[-146.20546290617267,-49.433969398477046],[-146.10945150132486,-49.44046057555802],[-146.0138151703847,-49.44904665736389],[-145.9186581563669,-49.45971828098127],[-145.8240843596778,-49.472463803000466],[-145.73019726252417,-49.487269308147596],[-145.63709985284152,-49.504118619630376],[-145.54489454766207,-49.522993311205106],[-145.45368311584093,-49.54387272097458],[-145.3635666000652,-49.56673396692667],[-145.2746452380708,-49.59155196422606],[-145.18701838299646,-49.618299444271436],[-145.10078442280857,-49.646946975532416],[-145.0160406987329,-49.67746298618139],[-144.93288342263583,-49.70981378853628],[-144.85140759330258,-49.743963605331714],[-144.7717069115637,-49.779874597836624],[-144.69387369423043,-49.8175068958373],[-144.61799878680415,-49.85681862950574],[-144.54417147493325,-49.897765963173704],[-144.47247939459916,-49.94030313103379],[-144.4030084410216,-49.98438247478865],[-144.33584267628277,-50.02995448327043],[-144.2710642356806,-50.07696783405233],[-144.20875323283138,-50.12536943707411],[-144.1489876635541,-50.17510448030361],[-144.091843308582,-50.22611647745491],[-144.03739363515783,-50.27834731778479],[-143.9857096975853,-50.33173731798633],[-143.93686003682288,-50.38622527619892],[-143.89091057922147,-50.44174852815172],[-143.84792453452306,-50.498243005455834],[-143.80796229325523,-50.555643296059024],[-143.77108132367363,-50.613882706873675],[-143.7373360684201,-50.67289332858633],[-143.7067778410873,-50.7326061026541],[-143.6794547228942,-50.79295089048911],[-143.65541145970096,-50.85385654482892],[-143.63468935960728,-50.91525098328603],[-143.6173261914019,-50.97706126406461],[-143.60335608414667,-51.0392136638278],[-143.59280942820254,-51.10163375769264],[-143.58571277802093,-51.16424650132378],[-143.58208875704517,-51.2269763150903],[-143.58195596508438,-51.28974717024273],[-143.58532888854012,-51.35248267706009],[-143.5922178138838,-51.41510617490786],[-143.60262874479662,-51.47754082414058],[-143.61656332340155,-51.53970969977234],[-143.6340187560255,-51.60153588683018],[-143.65498774394476,-51.66294257729547],[-143.67945841957282,-51.72385316852805],[-143.70741428855868,-51.784191363057914],[-143.73883417826576,-51.84388126961844],[-143.77369219310455,-51.9028475052853],[-143.81195767719083,-51.96101529857278],[-143.85359518479473,-52.018310593330376],[-143.89856445904027,-52.07466015327025],[-143.94682041930247,-52.12999166694619],[-143.99831315773343,-52.184233852993906],[-144.0529879453315,-52.237316565432856],[-144.11078524794337,-52.28917089881909],[-144.17164075256335,-52.33972929303011],[-144.2354854042625,-52.38892563745393],[-144.3022454540474,-52.43669537434553],[-144.3718425179078,-52.482975601108215],[-144.4441936472727,-52.52770517124914],[-144.51921141104657,-52.57082479375463],[-144.59680398935052,-52.61227713062486],[-144.67687527903888,-52.65200689230559],[-144.75932501100894,-52.68996093075182],[-144.84404887926232,-52.7260883298578],[-144.9309386816182,-52.76034049298859],[-145.01988247191701,-52.79267122735022],[-145.11076472349083,-52.82303682493943],[-145.20346650361446,-52.85139613981852],[-145.29786565858683,-52.877710661468086],[-145.39383700903164,-52.9019445839779],[-145.49125255494286,-52.92406487084614],[-145.5899816899415,-52.94404131516852],[-145.68989142415316,-52.96184659501067],[-145.79084661505826,-52.977456323772],[-145.89271020561955,-52.99084909536403]]]}},{"type":"Feature","properties":{"group":"C5","age_Ma":150.0,"plate_id":8011,"material":"inherited nucleus parcel; radius 200 km","area_km2":125627.8895913482},"geometry":{"type":"Polygon","coordinates":[[[148.21435874062237,-13.03561730860967],[148.21787031141025,-12.972939717477566],[148.22362102150356,-12.910419518756434],[148.23160221816207,-12.848132662427636],[148.24180257343372,-12.786154759800402],[148.2542081053192,-12.724560993221399],[148.26880220182332,-12.663426026538186],[148.28556564783653,-12.602823916411],[148.30447665478874,-12.542828024564846],[148.32551089301765,-12.483510931072773],[148.3486415267926,-12.424944348759253],[148.37383925193583,-12.36719903881059],[148.40107233598096,-12.310344727678196],[148.4303066608098,-12.254450025358453],[148.46150576770756,-12.199582345130944],[148.49463090477607,-12.1458078248361],[148.52964107664505,-12.093191249770127],[148.56649309641972,-12.041795977275264],[148.60514163980457,-11.991683863099594],[148.6455393013402,-11.942915189600734],[148.68763665269205,-11.895548595865145],[148.73138230292778,-11.849641009812325],[148.776722960719,-11.805247582353035],[148.82360349840394,-11.762421623667288],[148.8719670178453,-11.721214541666395],[148.92175491801729,-11.681675782701763],[148.97290696425478,-11.643852774580687],[149.02536135909662,-11.607790871947287],[149.07905481465394,-11.57353330408475],[149.13392262643274,-11.541121125192683],[149.1898987485403,-11.510593167191306],[149.24691587020158,-11.48198599510131],[149.30490549351342,-11.455333865046482],[149.3637980123598,-11.430668684922825],[149.42352279241334,-11.408019977776153],[149.48400825214532,-11.387414847926765],[149.54518194476557,-11.368877949877437],[149.60697064101305,-11.352431460037842],[149.66930041271638,-11.338095051296117],[149.73209671704282,-11.3258858704646],[149.79528448135312,-11.31581851862451],[149.85878818857972,-11.307905034390599],[149.92253196304338,-11.302154880114102],[149.98643965662436,-11.298574931039173],[150.05043493520319,-11.29716946742444],[150.11444136528516,-11.297940169638304],[150.17838250072333,-11.300886116233604],[150.24218196945395,-11.30600378500327],[150.30576356015857,-11.313287057016526],[150.36905130876733,-11.322727223630332],[150.43196958471736,-11.334312996469318],[150.4944431768818,-11.348030520362597],[150.5563973790845,-11.36386338922356],[150.61775807511637,-11.381792664855725],[150.67845182316915,-11.40179689866345],[150.73840593960594,-11.423852156244765],[150.79754858198407,-11.447932044839503],[150.85580883125192,-11.474007743602852],[150.91311677303804,-11.502048036672356],[150.96940357795495,-11.532019348993021],[151.02460158083935,-11.56388578486213],[151.07864435885273,-11.597609169153241],[151.1314668083663,-11.633149091175882],[151.18300522055742,-11.670462951125131],[151.23319735564314,-11.709506009072284],[151.28198251568014,-11.750231436445917],[151.32930161585998,-11.79259036995054],[151.37509725423047,-11.836531967866632],[151.4193137797744,-11.88200346867502],[151.46189735877894,-11.928950251945873],[151.50279603942846,-11.97731590143005],[151.54195981455612,-12.027042270289304],[151.579340682489,-12.078069548399784],[151.6148927059235,-12.130336331661056],[151.64857206876727,-12.183779693240774],[151.6803371308859,-12.238335256684492],[151.71014848069134,-12.293937270817018],[151.7379689855124,-12.35051868636068],[151.7637638396841,-12.408011234194065],[151.78750061029712,-12.466345505172873],[151.80914928054648,-12.52545103143313],[151.82868229061893,-12.58525636909475],[151.84607457606072,-12.645689182283018],[151.86130360356486,-12.70667632838167],[151.87434940412058,-12.76814394443223],[151.88519460346475,-12.830017534590421],[151.89382444977835,-12.89222205854935],[151.90022683856898,-12.954682020838431],[151.90439233468385,-13.017321560903456],[151.90631419139487,-13.080064543873531],[151.90598836650176,-13.142834651916557],[151.90341353539802,-13.205555476085358],[151.89859110104567,-13.268150608553611],[151.89152520080816,-13.330543735138447],[151.88222271008965,-13.3926587280068],[151.870693242733,-13.454419738458565],[151.85694914813016,-13.515751289679686],[151.84100550500048,-13.576578369355616],[151.82288011179716,-13.63682652203438],[151.80259347370279,-13.696421941127227],[151.78016878618024,-13.755291560432612],[151.75563191504853,-13.81336314506869],[151.72901137305692,-13.870565381697997],[151.70033829293632,-13.926827967926176],[151.66964639691042,-13.98208170075742],[151.6369719626565,-14.036258563985802],[151.6023537857091,-14.089291814404154],[151.56583313830873,-14.141116066708427],[151.52745372470096,-14.191667376978184],[151.48726163290192,-14.240883324611726],[151.44530528294985,-14.288703092595444],[151.40163537167203,-14.335067545987641],[151.35630481400386,-14.37991930849748],[151.3093686809038,-14.423202837040025],[151.26088413391787,-14.464864494151643],[151.21091035645435,-14.504852618149568],[151.15950848183815,-14.543117590922106],[151.10674151822425,-14.579611903239138],[151.0526742704571,-14.614290217473382],[150.99737325897075,-14.647109427627493],[150.94090663583614,-14.678028716564484],[150.88334409806745,-14.707009610342187],[150.82475679831046,-14.734016029557447],[150.76521725304084,-14.759014337609491],[150.70479924841274,-14.781973385795744],[150.64357774390183,-14.80286455515965],[150.58162877389617,-14.821661795014299],[150.51902934739488,-14.838341658071016],[150.4558573459815,-14.852883332108796],[150.3921914202441,-14.865268668125044],[150.32811088481967,-14.875482204915858],[150.26369561224718,-14.88351119003869],[150.19902592581437,-14.889345597119211],[150.13418249159074,-14.892978139468115],[150.0692462098395,-14.894404279983233],[150.0042981060045,-14.893622237317539],[149.93941922147047,-14.890632988301045],[149.87469050429343,-14.88544026661277],[149.81019270010128,-14.878050557704551],[149.74600624336145,-14.868473089986571],[149.68221114921258,-14.856719822291973],[149.61888690605412,-14.842805427643166],[149.55611236908612,-14.826747273351957],[149.49396565498722,-14.808565397490183],[149.43252403791487,-14.78828248177509],[149.3718638470073,-14.765923820920793],[149.31206036556154,-14.741517288512286],[149.2531877320554,-14.715093299465114],[149.19531884317607,-14.686684769139752],[149.13852525900927,-14.656327069185012],[149.08287711053813,-14.624057980190054],[149.02844300959114,-14.58991764122983],[148.97528996137186,-14.553948496393188],[148.92348327969427,-14.516195238387214],[148.87308650504008,-14.476704749315697],[148.82416132554414,-14.435526038732831],[148.77676750100773,-14.392710179076998],[148.73096279002797,-14.348310238592665],[148.68680288032593,-14.302381211850141],[148.6443413223443,-14.254979947976683],[148.6036294661794,-14.206165076713376],[148.56471640190222,-14.155996932414482],[148.52764890331534,-14.104537476107124],[148.49247137518478,-14.051850215730203],[148.45922580397783,-13.998000124672998],[148.42795171212958,-13.943053558732919],[148.39868611585524,-13.887078171613885],[148.3714634865162,-13.830142829085853],[148.3463157155437,-13.772317521925675],[148.32327208291508,-13.713673277760005],[148.3023592291738,-13.654282071929222],[148.28360113097818,-13.594216737491728],[148.26701908015818,-13.533550874485545],[148.25263166625538,-13.472358758565216],[148.24045476251737,-13.410715249128327],[148.2305015153126,-13.348695697046415],[148.2227823369293,-13.286375852113041],[148.21730490171848,-13.223831770320185],[148.21407414553713,-13.1611397210725],[148.21309226844738,-13.098376094447767],[148.21435874062237,-13.03561730860967]]]}},{"type":"Feature","properties":{"group":"C6","age_Ma":150.0,"plate_id":8031,"material":"inherited nucleus parcel; radius 200 km","area_km2":125627.88959134807},"geometry":{"type":"Polygon","coordinates":[[[176.03499327495894,-26.50556404491744],[175.97881229369676,-26.467991458608417],[175.92416701395894,-26.428666620012695],[175.87112473670044,-26.38763919046048],[175.8197505263739,-26.344960922381276],[175.77010713067466,-26.300685586974133],[175.72225490466525,-26.254868899434484],[175.67625173935159,-26.207568441881563],[175.63215299477068,-26.15884358413017],[175.59001143763314,-26.108755402453554],[175.5498771835517,-26.0573665964839],[175.511797643872,-26.00474140439734],[175.47581747711035,-25.950945516530567],[175.4419785449891,-25.896045987575686],[175.41031987305064,-25.840111147498284],[175.38087761581727,-25.783210511323574],[175.35368502645667,-25.7254146879325],[175.32877243090007,-25.66679528800891],[175.3061672063539,-25.60742483127634],[175.28589376413504,-25.547376653159642],[175.26797353675445,-25.486724811005963],[175.2524249691656,-25.42554398999418],[175.23926351408917,-25.36390940886097],[175.22850163131957,-25.30189672556765],[175.22014879091475,-25.239581943028274],[175.21421148016722,-25.177041315016634],[175.21069321424957,-25.114351252366415],[175.20959455042785,-25.051588229574563],[175.21091310573166,-24.98882869191516],[175.21464357797,-24.926148963167158],[175.22077776998165,-24.86362515405579],[175.22930461700602,-24.80133307150426],[175.24021021706474,-24.739348128788507],[175.25347786424055,-24.677745256684695],[175.26908808474445,-24.616598815695667],[175.2870186756615,-24.555982509439417],[175.3072447462684,-24.495969299279235],[175.32973876181674,-24.43663132027275],[175.3544705896801,-24.37803979851257],[175.3814075477623,-24.320264969930964],[175.41051445507048,-24.263376000634995],[175.44175368435546,-24.207440908838855],[175.47508521672793,-24.152526488455322],[175.51046669815898,-24.098698234406886],[175.54785349777836,-24.046020269714646],[175.5871987678855,-23.994555274419955],[175.62845350559107,-23.944364416392823],[175.67156661601064,-23.895507284077464],[175.71648497693323,-23.84804182122508],[175.76315350489105,-23.802024263659263],[175.81151522255917,-23.75750907812135],[175.86151132741585,-23.71454890323669],[175.91308126159686,-23.673194492644665],[175.966162782879,-23.633494660331394],[176.02069203673065,-23.59549622820294],[176.0766036293685,-23.559243975934972],[176.13383070176107,-23.524780593133432],[176.19230500452298,-23.492146633838452],[176.25195697364288,-23.461380473402695],[176.3127158069919,-23.432518267773155],[176.37450954155884,-23.40559391520419],[176.43726513136056,-23.38063902042744],[176.50090852597668,-23.35768286130288],[176.56536474965873,-23.33675235797383],[176.63055798096423,-23.317872044546238],[176.69641163286832,-23.30106404331196],[176.76284843330416,-23.28634804153275],[176.82979050608577,-23.27374127080158],[176.89715945216608,-23.263258488994403],[176.96487643118442,-23.254911964825173],[177.03286224325717,-23.248711465014217],[177.10103741096623,-23.24466424407899],[177.16932226149956,-23.24277503675393],[177.2376370088989,-23.243046053044587],[177.30590183636963,-23.245476975919516],[177.3740369786069,-23.25006496164141],[177.44196280409443,-23.256804642737034],[177.50959989732902,-23.26568813360457],[177.57686914092778,-23.276705038753835],[177.643691797571,-23.289842463674148],[177.70998959173602,-23.305085028322473],[177.77568479117653,-23.32241488322264],[177.84070028810098,-23.34181172816452],[177.90495968000357,-23.363252833491032],[177.968387350102,-23.386713063957714],[178.03090854733327,-23.412164905149837],[178.09244946586085,-23.439578492437782],[178.15293732404461,-23.46892164245274],[178.21230044282333,-23.500159887060015],[178.27046832346042,-23.533256509807938],[178.327371724602,-23.568172584827302],[178.3829427385943,-23.604867018155126],[178.43711486700786,-23.643296591454913],[178.48982309531328,-23.68341600810349],[178.54100396665305,-23.72517794161343],[178.59059565465105,-23.768533086357635],[178.63853803520144,-23.81343021056171],[178.68477275717464,-23.859816211527562],[178.72924331197856,-23.90763617305003],[178.77189510190863,-23.956833424986442],[178.8126755072207,-24.007349604937694],[178.85153395185588,-24.059124721996444],[178.88842196774613,-24.11209722251809],[178.92329325762597,-24.166204057865414],[178.95610375627234,-24.221380754078517],[178.98681169009376,-24.277561483418367],[179.0153776349856,-24.33467913772879],[179.0417645723664,-24.39266540356261],[179.06593794330664,-24.45145083901211],[179.08786570065956,-24.510964952183436],[179.10751835910003,-24.57113628125153],[179.12486904297498,-24.631892476029574],[179.139893531867,-24.69316038098386],[179.15257030376867,-24.754866119622935],[179.16288057576512,-24.816935180186228],[179.17080834211777,-24.879292502554794],[179.1763404096422,-24.94186256630345],[179.17946643027094,-25.004569479810403],[179.18017893068966,-25.067337070337835],[179.17847333893627,-25.130088974992432],[179.17434800784994,-25.192748732471824],[179.16780423525813,-25.255239875500752],[179.1588462807902,-25.317486023855118],[179.1474813792053,-25.379410977869608],[179.13371975012683,-25.440938812322106],[179.1175746040741,-25.501993970582024],[179.0990621446876,-25.562501358909042],[179.07820156704562,-25.62238644078252],[179.05501505197495,-25.681575331141744],[179.02952775626258,-25.739994890409896],[179.00176779868076,-25.797572818175325],[178.971766241745,-25.854237746397853],[178.93955706912905,-25.90991933200708],[178.9051771586716,-25.96454834875491],[178.86866625091568,-26.01805677818467],[178.83006691313176,-26.07037789957425],[178.78942449878542,-26.121446378711497],[178.74678710242077,-26.171198355356246],[178.7022055099427,-26.219571529244043],[178.65573314429218,-26.26650524448455],[178.60742600652213,-26.31194057220768],[178.5573426122937,-26.35582039131051],[178.50554392382753,-26.3980894671583],[178.45209327735708,-26.438694528093798],[178.3970563061465,-26.47758433961063],[178.3405008591509,-26.51470977604826],[178.28249691540867,-26.550023889668086],[178.22311649427525,-26.583481976973797],[178.1624335616179,-26.615041642141698],[178.10052393210918,-26.64466285743124],[178.03746516777096,-26.672308020450416],[177.97333647293377,-26.697942008154893],[177.90821858579238,-26.721532227466327],[177.84219366675174,-26.743048662400287],[177.77534518376896,-26.762463917601274],[177.70775779491188,-26.77975325818903],[177.63951722836447,-26.794894645827334],[177.57071016012156,-26.80786877093491],[177.50142408962435,-26.818659080965634],[177.43174721359767,-26.82725180469355],[177.3617682983579,-26.83363597244786],[177.2915765508667,-26.83780343225084],[177.22126148881165,-26.839748861822223],[177.15091280999954,-26.839469776421478],[177.08062026135013,-26.83696653251065],[177.0104735077814,-26.832242327228908],[176.94056200127625,-26.825303193679925],[176.87097485042125,-26.816157992043156],[176.80180069070462,-26.804818396529637],[176.73312755585872,-26.79129887821235],[176.66504275052566,-26.775616683770167],[176.59763272452096,-26.75779181019528],[176.53098294896148,-26.737846975520213],[176.46517779451642,-26.71580758563207],[176.40030041203116,-26.691701697248003],[176.3364326157627,-26.66555997713496],[176.27365476945533,-26.637415657663883],[176.2120456754726,-26.607304488796245],[176.15168246718943,-26.57526468660707],[176.09264050483432,-26.541336878455166],[176.03499327495894,-26.50556404491744]]]}}]}
