{"type":"FeatureCollection","features":[{"type":"Feature","properties":{"status":"authorial candidate; historical acceptance conditional"},"geometry":{"type":"MultiPolygon","coordinates":[[[[-115.13762995978925,-68.7761497441074],[-114.59413404676938,-68.91300451064086],[-114.11968157284016,-69.04333144999052],[-113.84077696697494,-69.12682700188662],[-113.8144833447913,-69.12770907573787],[-113.7706368583143,-69.1292256152643],[-112.99705715402554,-69.15502265251953],[-111.97098290984458,-69.04417026333986],[-111.35390434102982,-68.98612336019733],[-110.72568689240497,-68.94854060841277],[-110.09103537831582,-68.93170727962064],[-109.45465321035496,-68.93575235263242],[-108.82124671992581,-68.96064837831989],[-108.1955296299928,-69.00621136199042],[-107.90954256087296,-69.03726601987908],[-107.36335522376434,-69.02781651059112],[-105.23937666020045,-68.71366633089202],[-102.29580140368206,-68.02223432321111],[-101.68534837897504,-67.88561393872358],[-99.25575733921175,-67.37605434923009],[-98.50350160852692,-67.23297252439646],[-95.70222602263061,-66.7499072186829],[-95.15521990547087,-66.66068224925135],[-94.59108136539561,-66.5925184153747],[-94.0145434365944,-66.54597893322934],[-93.43034401822612,-66.52144613418083],[-92.84322342170508,-66.51912099881483],[-92.25792318154824,-66.53902291498754],[-91.42625503849946,-66.58084276211521],[-90.8659884957636,-66.61780941392112],[-90.31544835651319,-66.67502641109184],[-89.77888467955161,-66.75205643628927],[-89.26054267978915,-66.84830635885808],[-88.76465767899468,-66.96302795843062],[-88.60504644477582,-67.00372104032083],[-87.99522813365854,-67.0757514463671],[-87.58911361081823,-67.04608263982387],[-87.02228935648016,-67.02524462078134],[-86.45328137027359,-67.02436849468646],[-85.8861975420429,-67.0434602633014],[-85.32514522566933,-67.08237996115771],[-84.69575450836909,-67.13607953822024],[-84.81701076085653,-66.97553830900135],[-84.91848163762835,-66.77052902864104],[-84.97026620404766,-66.56260527693674],[-85.0705056322924,-65.76534383774106],[-85.0721359956445,-65.55392318623865],[-85.02657676287,-65.34329291620679],[-84.93535771110858,-65.13526036556745],[-84.80031707130571,-64.93156812820963],[-84.6235563544896,-64.73388326143375],[-84.40739898992396,-64.54378808641762],[-84.15435314557084,-64.36277241443302],[-83.86707885994596,-64.19222703028885],[-83.54835942854848,-64.03343827050197],[-82.27866316788564,-63.43400872831552],[-81.94232078181244,-63.283640483274375],[-81.57976702286633,-63.14731060033305],[-81.19402926841086,-63.02602595980515],[-81.1162544340068,-63.0037196255425],[-81.23652347180683,-62.59741520985412],[-81.54537831074768,-62.083003006350744],[-82.00719411721539,-61.54357993385706],[-83.24776246649151,-60.35331215519982],[-83.77151437944207,-60.01038097783676],[-84.06992951993303,-59.7829878862537],[-84.30841603805389,-59.53815564986053],[-85.00669350715226,-58.66392432478723],[-85.15517635415873,-58.43758527935563],[-85.25635490505952,-58.20390405051365],[-85.31002622180205,-57.96560980078056],[-85.31656465111836,-57.72542750269762],[-85.27687153777605,-57.48604663534769],[-85.19232225344632,-57.25009284771264],[-84.9559654323116,-56.72366081250951],[-84.96673284380032,-56.66021654240612],[-84.98480053079919,-56.42878035226128],[-84.96135509518874,-56.197338035303574],[-84.89742027989335,-55.96825934521261],[-84.7626663384734,-55.599032834232574],[-84.78552184930332,-55.455835732865324],[-85.06733451688494,-54.72047128334769],[-85.41975734415908,-54.306206591808255],[-85.4833648354363,-54.22648655652936],[-86.19490030740168,-53.25909061593583],[-86.32813779965049,-53.04251964352916],[-86.4242064619592,-52.81839737256],[-86.48269594745855,-52.5891292761564],[-86.50362315389692,-52.357134865020576],[-86.48821992941048,-52.136558069841755],[-86.49613051891549,-52.07441264220819],[-86.50735439859606,-51.85033545124691],[-86.48458011174029,-51.62646229274856],[-86.42856139339946,-51.40490838276263],[-86.3403345899016,-51.18773477331105],[-86.2211917466398,-50.97693158252437],[-85.55915866615905,-49.92713070936714],[-85.42532838593056,-49.73372884254903],[-85.26699651032379,-49.54912849187324],[-85.0857108662403,-49.374793003656144],[-84.15541559965364,-48.53750252418268],[-83.54118247360982,-47.77815340155756],[-83.36351093837995,-47.577494827840354],[-83.15975255993051,-47.39014295794358],[-82.79551344499714,-47.08375526018467],[-82.7944587147407,-47.081455238910074],[-82.68571739288238,-46.89763342825671],[-82.20071078779401,-46.14968475029899],[-82.04990413556766,-45.94001110827672],[-81.87257461014046,-45.74215162285414],[-81.67073163322144,-45.55801018154447],[-80.99436896301376,-44.98857459386683],[-80.75725428913445,-44.80550122369595],[-80.49713332032238,-44.64217190458376],[-80.21702469283352,-44.50035928391136],[-79.74220643851937,-44.283617116441974],[-79.49594408198777,-44.180825781127155],[-79.23963597141764,-44.094985609187184],[-78.97524083866465,-44.02674169837586],[-78.66195640856809,-43.95669362787236],[-78.6189724851594,-43.92651329838457],[-78.60620232492211,-43.91459366836313],[-78.5424503162563,-43.801893467693745],[-78.37688242622613,-43.577148202376115],[-78.15399707947682,-43.30636067656219],[-77.99306955409932,-43.12734302497732],[-77.81304153137636,-42.960181563721335],[-77.6155207589384,-42.80621170292705],[-77.4022120375513,-42.66665369812855],[-77.17490381198387,-42.54260569392078],[-77.09483055098457,-42.50676569134107],[-77.07863524028714,-42.42514551210011],[-77.0052924624376,-42.19950575989958],[-76.90535885615245,-41.98017410449962],[-76.78008936563546,-41.76921532427254],[-76.63093507602963,-41.56859405504338],[-76.45952239854044,-41.38015980366924],[-76.26763284551977,-41.20563344034645],[-75.94825037135976,-40.93889981039557],[-75.73923083426692,-40.778590524675536],[-75.73153603020207,-40.773724105347775],[-75.71929143987288,-40.759857937033246],[-75.53274055642339,-40.58552661371694],[-75.32804276070652,-40.42627815544969],[-75.26920795460958,-40.38825509423886],[-74.94522556623808,-40.30158114485278],[-73.72885433320839,-40.036858660828564],[-73.7441816399358,-40.06355149173085],[-73.80936527451632,-40.1914441360261],[-73.81702706900762,-40.20858619656416],[-73.82504376751804,-40.22360999090182],[-73.83457997732593,-40.2478580691462],[-73.86743026243687,-40.32135541715055],[-73.91823051867834,-40.45304964981516],[-73.93247499923028,-40.49677941197425],[-73.9413693018665,-40.51939528878451],[-73.94733001888383,-40.54238349518034],[-73.96163096031624,-40.586286589098705],[-73.9975079933752,-40.72082179446724],[-74.01347780099933,-40.79749019853094],[-74.01992861515014,-40.82236852217702],[-74.02197844167358,-40.83830036790514],[-74.02575000282214,-40.85640700894263],[-74.04625784390998,-40.99279055357067],[-74.05758772830583,-41.115066062281265],[-74.05947039863811,-41.12969872165394],[-74.05945169336036,-41.144209540349664],[-74.063739734387,-41.26693128226712],[-74.06058224408548,-41.40417176462152],[-74.0590930065527,-41.4224646565768],[-74.05907236790252,-41.438475309557305],[-74.05577007244332,-41.4632815667738],[-74.04942846186792,-41.54117807053817],[-74.03024885432815,-41.6776878674896],[-74.02125916786798,-41.72252135505045],[-74.01816915806607,-41.74573296009756],[-74.01205856212383,-41.768406742156095],[-74.00302920208306,-41.81343809034209],[-73.96777102867418,-41.94816544193647],[-73.94317807833374,-42.023992464449755],[-73.93657909588008,-42.048478437892754],[-73.930347535016,-42.06355265887724],[-73.92449200715208,-42.08160690763626],[-73.8732263402792,-42.213500283203956],[-73.82012967634347,-42.33017099003141],[-73.81452889815408,-42.34371934010828],[-73.8071855630263,-42.35663965020654],[-73.7469565924469,-42.47160125316865],[-73.71823218223948,-42.51983679370493],[-73.67364093130128,-42.51463678411628],[-73.47058328891836,-42.180869809965365],[-73.20420074604245,-42.07776021516706],[-72.23920773921813,-41.765118773151436],[-71.6224999908564,-41.79239667533596],[-70.72636343159442,-41.23049058149477],[-70.41088408510306,-40.679760833527844],[-70.03780931668787,-41.050175653931454],[-68.9834637125813,-41.33625266995037],[-68.24449803469999,-41.42884679785022],[-67.58016502587536,-41.2090868471268],[-66.85285825258659,-41.33478437157055],[-65.69564961512583,-41.19652708991218],[-65.69747765142513,-41.144209540349266],[-65.69745894614738,-41.12969872165396],[-65.6993416164796,-41.115066062281734],[-65.71067150087549,-40.99279055357067],[-65.73117934196334,-40.85640700894263],[-65.73495090311192,-40.838300367904964],[-65.73700072963535,-40.82236852217702],[-65.7434515437861,-40.797490198531214],[-65.75942135141028,-40.72082179446724],[-65.79529838446923,-40.586286589098705],[-65.80959932590171,-40.542383495180125],[-65.81556004291899,-40.51939528878451],[-65.82445434555513,-40.49677941197443],[-65.83869882610713,-40.45304964981516],[-65.8894990823486,-40.32135541715055],[-65.92234936745946,-40.24785806914637],[-65.93188557726742,-40.22360999090183],[-65.93990227577791,-40.208586196564056],[-65.94756407026915,-40.1914441360261],[-66.01274770484967,-40.06355149173085],[-66.07701309587657,-39.951631945390595],[-66.08442523913854,-39.93774112539475],[-66.09358868467042,-39.92434136061927],[-66.16383445047131,-39.814739977000876],[-66.24939468945496,-39.69426661089367],[-66.26153804695873,-39.67874793825162],[-66.27135412630118,-39.66439382289747],[-66.28953215015319,-39.642972715192656],[-66.34138876114893,-39.57670226485643],[-66.43962266740958,-39.46225488115497],[-66.47380297982288,-39.42582670848994],[-66.49060179398519,-39.406030870921796],[-66.50978023300861,-39.38748341966283],[-66.54389419206066,-39.35112596407234],[-66.6499213101988,-39.24749048745862],[-64.32096554202897,-39.43311268133595],[-59.001632814303875,-40.35166006349364],[-56.1580681824279,-40.893844672401116],[-52.96560439693947,-41.73617439103576],[-51.38748912234971,-42.28393187681103],[-47.88038270714018,-40.778847298113625],[-47.852168882997226,-40.72618721498067],[-47.80624092077105,-40.65984289291275],[-47.752034982443426,-40.59719690814224],[-47.69008474380664,-40.538840908899246],[-47.620992370170654,-40.48532467755343],[-47.545422558023226,-40.43715129591394],[-47.464096203422926,-40.39477275943088],[-47.377783751988645,-40.35858606608218],[-47.28729828109705,-40.32892980207006],[-47.19348836083,-40.30608124305656],[-47.09723073651127,-40.29025398650852],[-46.99942287248308,-40.28159612776156],[-46.90097539421378,-40.28018898960873],[-46.80280446398147,-40.28604641252388],[-46.49683325794539,-40.3068110263118],[-40.198339255292304,-40.73425580814269],[-36.71853813967837,-39.51553940479658],[-36.63886966062442,-39.48912651608681],[-31.5655793642932,-37.85741332661906],[-31.47687947127358,-37.830237217298766],[-31.385304083144746,-37.80996671993174],[-31.291711030923754,-37.796790524666996],[-31.196975069477823,-37.79083094002755],[-31.10198043064466,-37.79214288206435],[-31.00761333785492,-37.80071343606332],[-30.91475451892242,-37.81646199192567],[-30.830874889091866,-37.83757861760475],[-30.672158571387364,-36.84231704436482],[-29.634874484034373,-34.536095587286134],[-29.634308984020677,-34.536834039126674],[-29.466815146025663,-34.67273722013475],[-29.596650276634072,-34.45111068453751],[-29.218563689661472,-33.61050066251841],[-28.075357122799765,-32.268648832858005],[-26.19160478744966,-31.381187276309994],[-24.21171599621342,-31.165025986720494],[-20.169767509436863,-31.14697014141629],[-18.29032279101526,-30.61358498316166],[-17.18328082667442,-29.71841137235712],[-17.168071518529686,-29.757121931262617],[-17.11597233945633,-29.95616194968394],[-17.089358023591025,-30.156629720279245],[-17.088638495066036,-30.356668896857883],[-17.113983005762062,-30.5544090231734],[-17.165312405899463,-30.747983953132056],[-17.188652525498203,-30.817184101517558],[-16.982650515322682,-30.823720321862908],[-16.956391733539633,-30.77035240506092],[-16.43770236570482,-29.86019728696415],[-16.31383240998903,-29.66708734205677],[-16.297331888529676,-29.647236027110512],[-16.577821769704713,-29.154454762228028],[-15.752449301665521,-27.70247824585463],[-14.488265509205785,-24.364202280130495],[-13.466596620740747,-23.001092481832558],[-13.455535437148944,-22.995540505892162],[-13.2602943941886,-22.906312987862613],[-13.054795314714088,-22.832240220816228],[-12.840619351373158,-22.773897161306643],[-12.619410574583414,-22.73174216444561],[-11.432835756774534,-22.544236088647644],[-10.683165104270826,-22.18937762507552],[-9.622147046548399,-21.35373927191605],[-9.111700226961048,-20.867196661350945],[-6.046440913627688,-19.91596542241255],[-4.421466906630555,-19.478132138804124],[-2.8949182282681156,-19.569760561279775],[-1.8373138381196932,-20.2146980901492],[0.13502215408655383,-22.018215537603552],[1.4262534081881948,-22.483220439423825],[2.985731813721581,-22.15348279910863],[4.137781311272729,-21.153006221528322],[5.682821609300333,-18.46119697134731],[6.480379671478346,-17.24568883332164],[7.613789307185772,-16.29402657953722],[8.802635061440878,-15.859452267968992],[11.353642821303557,-15.216069443599014],[12.829200014272338,-14.88161227829731],[14.79467053576479,-14.686909608236038],[16.653837366556274,-14.668149390860808],[20.382079857411913,-14.509857687358252],[22.144919289827907,-13.942806215793354],[23.563286489587043,-12.797275605210558],[24.11233399803197,-11.57306153898798],[24.208151841657887,-9.179226223289925],[23.977402853704962,-7.818996417726019],[23.277997050815717,-6.1671185973333635],[22.336685617311577,-4.836100735948981],[20.11774096157652,-2.7558844698329317],[19.138703769246302,-1.7451044847850772],[18.496988680295452,-0.4962897191074341],[18.379927250507148,0.6824433082873432],[18.480097662695954,3.13179555546317],[18.58017443134564,4.5079371494458025],[18.950817142234992,6.176667675461543],[19.212587890608486,6.864802739452443],[18.831215409966862,6.846863926656499],[17.858119193374105,6.892635952033188],[16.89355311766043,7.029537714333222],[15.94597051096342,7.25633103535671],[15.870229608160546,7.282169658870671],[15.868291875539127,7.292509379084826],[15.612440188005088,8.657731203901784],[16.01105453262004,9.174581641884082],[16.24955072902306,10.287317005535064],[15.348357310200921,11.282711489278915],[15.089535046544698,11.903342315801948],[15.250889216137118,12.37450213599156],[15.86707661464422,12.792482398480063],[15.82116550517706,13.306154695503336],[15.35169411325416,13.534809983148513],[14.912275806270728,13.98048215195997],[14.594997564316513,14.595476463734007],[14.029215400673566,14.985780343573513],[14.191785711989384,16.058189563676933],[13.6231197090373,16.117575408420045],[13.405452738532327,15.449629541839228],[12.98106497906409,15.218811808298282],[12.292763291373841,16.132192829293412],[11.659159764376488,16.516135512254923],[11.08019254330647,17.476454073661507],[10.884844511966122,18.111524181583203],[10.884844511966127,18.11152418158321],[10.884844511966108,18.11152418158327],[13.136056279304645,21.486241840209647],[13.136056279304746,21.486241840209697],[13.136056279304754,21.486241840209708],[13.14181995214503,21.489085246432595],[13.893671581999563,21.556119755227904],[14.340667096490623,21.179632178657354],[14.323495452995143,21.839626106823804],[14.588601536013549,22.669230720790818],[14.562889333930993,23.009311120316696],[14.7638018666095,23.383220505763273],[15.03262183091456,23.537171270264103],[15.667602129757352,22.86496118548199],[17.288355798166496,22.670269520054536],[17.721161502112885,22.4929075851075],[18.82017095849999,22.545525136416252],[19.83711253373588,22.517870694478802],[20.32009013648239,22.721058147599926],[20.345233741606155,21.73003403651045],[21.915989326105464,21.3313191382687],[21.78300623659603,20.913721759859225],[22.46808454521602,20.833320354063392],[22.81843687952906,20.230154246744927],[23.47236590621319,20.518799181903137],[24.696165243016424,20.627471028369705],[25.027164509362937,20.88808332787748],[24.816260738458162,21.505527351230278],[26.099715279078765,22.346486764554594],[26.470289835639,21.95787191702566],[27.350741951041016,22.262431023403074],[27.433315513876057,22.42837330003532],[27.433315513876057,22.428373300035318],[27.434545591350258,22.430845300146427],[27.708082815410084,22.0514127641749],[28.096305098059272,21.37071125801226],[28.609015783803496,21.313317115945885],[30.538159767514657,20.891322822298232],[32.8092945051431,20.159942681830593],[33.87156354989557,19.701201611062004],[33.69601470068051,19.54006532395896],[32.48579229897451,18.581397860291393],[32.455884094273316,18.55826397538734],[30.59092908952931,17.15524904063749],[30.42370166807176,17.043165478723186],[30.247663177500545,16.94947498972928],[30.064273737004655,16.874963084715052],[29.304034821860906,16.613293513238474],[29.35396168132116,16.500334280867584],[29.43139774134751,16.273285280139124],[29.488962046131928,16.039852599330402],[29.52611494461558,15.802289019723187],[29.542515514426274,15.562889062651214],[29.538024006570335,15.32396697895138],[29.53529800010582,15.298506965479602],[29.61306636001638,15.133025939783943],[29.693070343476812,14.9165244156018],[30.078190039295254,13.719148699953578],[30.415183150792096,13.16687315475444],[31.34980487073048,12.767611850266919],[31.337975543167815,12.984246837265557],[31.34574793931032,13.221457854761617],[31.374184139303125,13.456272893721561],[31.423021132805026,13.686428680629339],[31.49180021450623,13.909708905465736],[31.579870661020088,14.12396514814414],[31.686395160482018,14.32713713095965],[31.810357001254395,14.517272128834177],[31.950569014976224,14.692543373212569],[32.10568425307566,14.851267289900237],[32.27420835471482,14.99191941643059],[32.45451353837638,15.113148851224846],[33.047569165737904,15.469448631709279],[33.07988134428143,15.488531754815694],[33.95044166210317,15.994688313476455],[34.15768737337308,16.10049961861599],[34.37386193426849,16.181080111629615],[35.096523392831756,16.40511102035096],[35.689792715402334,16.777415930959318],[37.12919664396171,17.898517309903177],[37.19058821528965,17.94177482367836],[37.81626172616859,17.59136195113867],[39.74254966560262,16.72077297933275],[42.447751225284705,15.986223790395464],[45.06072838203514,15.611099914403688],[50.21845068799477,15.032817198921009],[52.80232575819039,14.27496515516227],[55.365215921792455,12.779340087077697],[57.02339191089402,11.078098066084454],[59.325959890668095,7.434001771285328],[59.582593407241205,7.11078900598227],[59.46709787858627,6.995335484773811],[59.29043238597979,6.846676581003692],[59.10334720046189,6.715338656852377],[58.90756575342949,6.602577879105937],[58.70489765412654,6.509477560066524],[58.49722245158765,6.436936778335474],[58.28647244921841,6.385660754028173],[58.074614728931024,6.356153124974232],[58.06068089075243,6.355652071330929],[57.91660342391428,6.256857398981576],[57.583841806594826,6.050795533258461],[57.58435650186587,6.048075067113771],[57.61512893950822,5.829553780746727],[57.62570192256407,5.60654011708824],[57.61597009832642,5.38110349004604],[57.58601216393109,5.155340221065968],[57.53609057417657,4.931354713118144],[57.46664983481393,4.711240359301797],[57.37831336465532,4.497060329499101],[57.27187890637268,4.290828389016039],[57.148312465221714,4.094489914047178],[57.008740758136156,3.9099032794485735],[56.8544421634466,3.7388218039471135],[56.68683617431313,3.5828764457390494],[56.50747137686925,3.443559446602043],[56.31801199671192,3.3222091243725393],[56.12022308398445,3.2199960112319097],[55.91595443677788,3.137910528167725],[55.70712339350926,3.0767523739025706],[55.166410716636626,2.948002807880892],[55.114616790237214,2.9388758947616385],[55.15282197332423,2.819216253236467],[55.25406574508063,2.439947112012403],[55.271510244998,2.426730028873843],[55.92888926865072,2.6447796678320294],[56.49759843020127,2.9648192453754336],[57.122834802939984,3.442190862330585],[57.30804381877286,3.5712913532353463],[57.50237287126148,3.6823306536587013],[57.704003190185986,3.7743037697238653],[57.911052713766345,3.8463826454679166],[58.121593796651325,3.8979229027837907],[58.33367123064334,3.9284689175840204],[58.54532039323721,3.9377572109972823],[59.285837254669254,3.9349119135405966],[59.4925158429271,3.9238950123479164],[59.67428679446815,3.9971955619820854],[59.882258360012834,4.059499090599715],[60.09262108034387,4.10143985230707],[60.303456891166796,4.122657768014099],[60.512848345178156,4.122978710871409],[60.718895925069695,4.102415382017093],[61.53179688549211,3.9816957049305346],[61.76338247827741,3.9338553236753633],[62.55494442815485,3.722923359758823],[62.7610330455994,3.656234846261666],[62.95681487639128,3.567269503110689],[63.14029326659011,3.456943404259416],[63.30960048759422,3.326387087208575],[63.45029331428202,3.1893044975823526],[63.55991595906952,3.307915954257439],[63.62391470954401,3.366338254155046],[65.3123455442391,2.415951819169479],[68.5641572093666,0.97253890779421],[68.80651267444402,0.132283192625347],[69.24854212648665,-1.0090897674625445],[69.13910367541675,-1.0949948105603073],[68.9401557069987,-1.2249421457777776],[68.5279219567691,-1.4686636375889177],[69.12154384805832,-2.4084254704311654],[69.2169979346342,-2.5756081218336773],[69.29574209270865,-2.7527406740701976],[69.3571279072439,-2.9383913645324733],[69.40064303246332,-3.1310571606745334],[69.42591532809328,-3.329174960129514],[69.46500273155775,-3.804868295721038],[69.56923838913349,-3.9459836430358806],[69.6836134388459,-4.1197280244642895],[69.77882829469009,-4.3058768233373925],[69.85396562947338,-4.502671099284714],[69.90829163064075,-4.7082482205606455],[69.94126293856115,-4.920658002574287],[69.95253221737234,-5.137879738437787],[69.94802882953964,-5.230635589260854],[69.99337380610362,-5.347470743185738],[70.29203692737052,-6.233781479911704],[70.35377190281652,-6.230974501814006],[70.57042843169923,-6.241263031584982],[70.782593012637,-6.271560512859587],[70.98837383926293,-6.321580544804014],[71.18593901023424,-6.390864621247608],[71.37353146428468,-6.478786406724886],[71.54948318818508,-6.58455724647602],[71.7122286245225,-6.707232859128739],[71.86031721859327,-6.845721160011574],[72.01905022506416,-7.01041651022855],[72.23352796821555,-7.103910439547993],[72.43272134646993,-7.203696412495792],[72.61778281268612,-7.323737383699537],[72.78680758953466,-7.462796197026505],[72.93805146165236,-7.619443264134308],[73.0699469628795,-7.792069911991662],[73.1811180841163,-7.978903269764926],[73.60440484086341,-8.782748982383714],[73.69019558373002,-8.741736258159117],[73.84159060417544,-8.683246450290918],[73.84159060417544,-8.683246450290923],[73.88949545422574,-8.664738936192022],[74.09300207049198,-8.603769325440844],[74.29913862055682,-8.559270386593303],[76.18636651664866,-8.216640626409225],[76.4501166946266,-8.180557059244771],[76.71245199725789,-8.171749743634546],[76.97013513640886,-8.190286242460607],[78.73224606343274,-8.397586170822095],[78.94664195032459,-8.430956326868136],[79.15368448243588,-8.483480607107202],[79.35154755958399,-8.55468253179663],[79.53848761671719,-8.643925524294724],[79.57196604477451,-8.664371799250352],[80.10307464308289,-9.217679524264753],[80.35429759595043,-9.436516747973853],[80.78037858313785,-9.994794652452953],[80.87027940630969,-10.12173899086699],[80.94866531316947,-10.25586097349867],[81.445691611911,-11.181110316338625],[82.09133006449008,-11.831797135623573],[82.19823574738072,-11.947554407423432],[82.2941689384401,-12.07139849487391],[83.20012700421353,-13.320261125263341],[83.3145250380294,-13.494325646405436],[83.40740282259472,-13.680061596996671],[83.47781615661468,-13.875680281892736],[83.5250273896751,-14.079291278107556],[83.54851359813435,-14.2889184221731],[83.54797336824055,-14.502516820451484],[83.52333209477631,-14.717990832779888],[83.4747456838821,-14.933212963215642],[83.45301875765486,-14.997218821094702],[83.81287876321318,-14.798893387210569],[84.02078612836111,-14.694075262874147],[84.23621220085373,-14.604996359272285],[84.45734187066876,-14.532357424144653],[84.68232362426615,-14.476722409219084],[84.8760075113504,-14.444117309967341],[84.70162822568717,-15.747212385705488],[84.61712543374797,-15.96267278923048],[84.61712543374796,-15.962672789230474],[83.70945777084094,-18.276992072991284],[82.70060391230598,-19.476457793490514],[80.67489484416504,-20.53390901299396],[78.305200626183,-21.076913970175674],[73.20627970696644,-21.564236714731386],[70.74779386765515,-22.261365012500086],[68.45210861037307,-23.92842254401028],[67.04280390519482,-26.0193877719554],[64.92850866856017,-30.598380438813933],[64.00449430211908,-32.96860088313951],[63.546466851293985,-35.587986006776745],[63.768858871738,-37.612913269408715],[64.95922430498058,-41.098703242185145],[65.21825575343878,-43.066105035187675],[64.73886256237954,-45.456635185952955],[64.33292722882214,-46.16859701876347],[62.774299447894336,-46.05010415655664],[62.38427558141829,-46.50482747444645],[62.20867766575789,-46.685513885159786],[62.00537246633533,-46.85268141923546],[61.77624033791831,-47.004563580776306],[61.52349342229122,-47.139534558896834],[61.24965775220217,-47.25613071207028],[60.95754853073903,-47.35307079718129],[58.609875493477354,-48.007070828591345],[58.3088734942655,-48.07627112766792],[57.99737173298554,-48.125228372024935],[57.67852244073686,-48.153415941792126],[57.35558158229617,-48.16051690298662],[57.03186460271943,-48.14642942594546],[56.71070052953547,-48.11126924829611],[56.395385638735476,-48.05536908609357],[56.392223154469235,-48.05458809233108],[56.16366601192698,-48.19905867941362],[55.92882754261928,-48.33274342995866],[55.67419798604964,-48.4503953064009],[55.402085636285726,-48.55087547471458],[55.11501752169124,-48.63319991344461],[54.81571237179641,-48.696552263060816],[54.507049137062396,-48.74029489941882],[54.192031628884926,-48.763977947108216],[53.8737500281325,-48.76734598719156],[53.61968725272622,-48.753837117812076],[53.37054172031453,-49.14993437282947],[53.19672068666343,-49.38290588188802],[52.13593870974552,-50.581116634144756],[51.638904955255015,-51.2422017533075],[51.72937570047964,-51.268499576768704],[52.041388336246584,-51.38237815662554],[52.3428359677687,-51.503537337692755],[52.66248686682502,-51.64543285665865],[52.96007082949067,-51.80659381435247],[53.23236498385547,-51.98534898648516],[53.476315018384746,-52.17983721995803],[53.6890651299132,-52.38802193780263],[54.218064480416515,-52.95664223873139],[54.46481972917045,-53.200870851381715],[54.659782563425814,-53.41470178356365],[54.81949388651162,-53.63836807199141],[54.941768973749745,-53.86952547636425],[54.94690098896071,-53.88413555307533],[54.387213328418916,-54.11820725308824],[50.77061584844129,-54.91918513515308],[43.557525781995984,-55.53758619879219],[39.47413616772927,-55.883393707709914],[34.39969520949692,-56.500781638675065],[29.91489628854447,-57.15520781173138],[21.224269475644242,-58.14408509854535],[17.039427636675445,-58.15349102462427],[13.943734287033449,-57.740776412389735],[14.00193455892201,-57.79831943557148],[14.078802108462394,-57.89277812247337],[14.078802108462426,-57.89277812247341],[14.149661164664337,-57.97244286194593],[14.337890631111136,-58.20679602296653],[14.364662279259997,-58.244057388334504],[14.430161721529622,-58.32454637681649],[14.481073740317667,-58.40608140565949],[14.509041207455557,-58.445007138048],[14.662499461589015,-58.68670102956176],[14.709860904701541,-58.77248149135651],[14.770348417319441,-58.86935156650466],[14.797420562921166,-58.931068464705795],[14.79765328756207,-58.93148997270589],[14.913893584073708,-59.17897371416085],[14.972129865187918,-59.32935666769559],[14.972129865187929,-59.32935666769562],[15.01553118809594,-59.42829950980037],[15.03989803301877,-59.52491724998403],[15.087224116086375,-59.680362238381235],[15.14313004440783,-59.93340444319733],[15.14337967934975,-59.93523556779035],[15.158864458866658,-59.996634752169946],[15.164613510651527,-60.09099016849543],[15.17775920162359,-60.18741656556183],[15.190552542205182,-60.44193712068548],[15.188812726573175,-60.48815602792411],[15.193756039806102,-60.56928738585478],[15.182801810743198,-60.647838442574184],[15.180970310885769,-60.69649297841164],[15.148495983331053,-60.95059970635053],[15.126982973603946,-61.04810655975142],[15.114044756697758,-61.14088448179502],[15.094029257503916,-61.19746795574108],[15.092640599519576,-61.20376199233664],[15.012947496946499,-61.45547415636088],[14.945114940398405,-61.61844618368993],[14.914225614159822,-61.70576978074366],[14.866258368949277,-61.78740499448829],[14.7804141700259,-61.95247734249646],[14.626870265704788,-62.19671123999518],[14.621548587980728,-62.20387534184895],[14.589725792142453,-62.258034398280195],[14.52200173989086,-62.337886418038856],[14.448093443701733,-62.43738258995909],[14.243873102977219,-62.673945440431496],[14.196075069945575,-62.72217976764026],[14.137230976284831,-62.79156161313619],[14.063497861477522,-62.855967123480596],[14.01406715326728,-62.90584902871288],[13.758609027076258,-63.1325392201364],[13.641514108601596,-63.22456784016064],[13.55505562212064,-63.300088899591856],[13.489365379686815,-63.34414636451393],[13.47751479368593,-63.35346011689829],[13.429550888489299,-63.387028368257226],[13.427281120172715,-63.38578535052484],[12.279131519185102,-62.75701178670606],[10.746788140875488,-62.09252430085742],[9.521493472186716,-61.50897490147819],[8.61572972875377,-61.59239352142843],[8.701179188372842,-61.028050293534264],[8.65610610954306,-60.67654472953168],[8.732032173677691,-60.264680383117515],[8.62401761709351,-60.12731154991484],[8.272618046904874,-60.56465029128488],[8.142696955544457,-61.340643110697116],[7.951241857977507,-61.667885989935115],[7.816164711039502,-61.89276013794931],[7.4377509385303675,-62.09632930520224],[6.720880114900806,-61.81774994882118],[5.774761801231799,-61.424020017522174],[4.213678983565895,-60.05976524688972],[4.050428794524715,-60.157434805543275],[4.979865976017129,-61.175727261660235],[6.348954759483536,-62.11432223747928],[8.297414107382242,-63.55986601252964],[9.247614386319176,-64.03929275406259],[10.147843713302773,-64.54012684217184],[10.679838175258734,-64.73616403107143],[10.34046174151348,-64.84741873080662],[10.127747112070262,-64.90970877207447],[9.97505422039329,-64.95906857290309],[9.869634265779482,-64.98529294740501],[9.869634265779451,-64.98529294740503],[9.846284368941586,-64.9921305873052],[9.332557891416958,-65.12589396545648],[8.958228584690202,-65.21201514617309],[8.803346928034113,-65.25054366368676],[8.637930442686454,-65.28107107902015],[8.251736706682847,-65.35891738214214],[7.687586369114543,-65.45742440497833],[7.660392795250575,-65.46147448745062],[7.54648902825045,-65.48249529197287],[7.358591712199041,-65.50642331553402],[7.109763399054602,-65.54348262942622],[6.85056273557731,-65.57570811687722],[8.396961935725985,-66.39845314081774],[10.92718648189878,-67.89380592644203],[12.84680695775708,-69.83987433258285],[13.242519239447937,-71.62802169817982],[11.811955300624055,-75.06084591899952],[12.696609173998267,-76.71289759532235],[18.20469498438111,-78.17168803070712],[27.133565598734886,-78.74045580829713],[47.016639012256114,-78.11936393359544],[57.2296131181539,-77.55273812497677],[69.51477032594272,-76.95367959215136],[80.2060462805713,-76.44365673524156],[95.00390715346288,-75.18051587892185],[98.47607200305696,-75.80142420180636],[99.39293319139135,-75.86053531779028],[100.37605208535896,-75.93460553396339],[101.33442191583136,-76.03300664606584],[102.26015002889432,-76.15490304267429],[103.43589417619928,-76.32260428095582],[104.21751385480401,-76.44103609577412],[104.964865801576,-76.57534999054064],[105.67236422703354,-76.72467722767927],[106.36431816394197,-76.8797560257281],[106.81123093386182,-76.91059135044672],[107.67161393534478,-76.98842374159955],[108.35647704039542,-77.06528562975308],[108.59178501585458,-77.06644490112646],[109.48515037038611,-77.08812927316208],[110.37278275207034,-77.12574558537665],[111.25067500129504,-77.17909259266347],[111.67814928025398,-77.20862750538123],[112.93975679513834,-77.18041618660949],[113.89368058039847,-77.1656316519545],[114.85139816351133,-77.1688203772681],[115.80822159000023,-77.18994500057946],[116.75942741428906,-77.2288684837406],[116.92750181384245,-77.23925979863608],[117.2705809813402,-77.1181517935944],[117.83569233576894,-76.95062716566997],[118.4516634772942,-76.795222892721],[119.11319430912339,-76.65290050254454],[119.81517758296445,-76.52451471437344],[120.71116428915437,-76.37030938833476],[121.5037716064437,-76.24327935123914],[122.33371286902576,-76.13465025431262],[123.1949432558134,-76.04515174150387],[124.08159130559017,-75.9753686039069],[124.98792249945369,-75.92574312637728],[125.3121715396662,-75.91150618265073],[125.3957686549639,-75.89656040188903],[125.43183152130888,-75.87878463612284],[125.94878147889088,-75.65274588196957],[126.7398786896847,-75.3354394641285],[126.75455282834254,-75.27503163522951],[126.89492414991678,-75.04771330793216],[127.11376178515278,-74.82590236175612],[127.40579077716988,-74.61159769697849],[127.76559212525963,-74.40665646220896],[128.05765283797996,-74.27251454996946],[138.2272560862147,-74.82296813062266],[145.6605929467392,-74.42757673997131],[151.58610754560814,-73.04428119238185],[154.02339153430123,-71.31076456840636],[155.25256984099676,-68.66280651209952],[156.35708132129446,-68.6737647422679],[159.2248071236301,-68.24993084380309],[159.7836812020319,-68.17168537393056],[160.36031737259705,-68.1140182844096],[160.9503077506808,-68.07735048521906],[161.00858037042312,-68.07478604110231],[161.00698745754926,-68.03469847788189],[161.03565732898454,-67.78166193338969],[160.97669393641974,-67.6898355460722],[160.89083804267426,-67.46616267147603],[160.86055838926896,-67.24144762647907],[160.8845239931198,-67.01786152359661],[160.9609691135696,-66.79750467242532],[161.08776118360262,-66.58239082649521],[161.26246275362897,-66.3744339323973],[162.1094374202319,-65.46021435650839],[162.13624332378834,-65.43379096236092],[162.1809137754853,-65.26376529810055],[162.2856085603013,-65.04890620969988],[162.43508533212557,-64.84062558024249],[162.62702675825543,-64.64071503193621],[162.85890737465866,-64.45085481172258],[163.12803121550147,-64.27260576330202],[163.70787297648474,-63.9182069241929],[163.9965561345908,-63.754710920536674],[164.31544276511434,-63.604818587547214],[164.6617359361646,-63.46964859639137],[165.03256835573495,-63.35019246487566],[165.42501543061584,-63.247312176474864],[166.43609234158345,-63.003363354017615],[166.86989983309155,-62.908326537586134],[167.32204704862997,-62.83382145715538],[167.78880318845032,-62.78044004761311],[169.4508477862048,-62.61737842349682],[169.58615918370973,-62.60041449728672],[169.81205023924542,-62.296081960592424],[169.81752242909326,-62.289404654832495],[171.52506224825422,-61.94065233813516],[175.06381874010685,-61.459924197792425],[179.1149385800707,-61.70071835689759],[179.99999994957136,-61.93678858642259],[180.0,-90.0],[-180.0,-90.0],[-179.99999755806684,-61.9367892344485],[-177.3146595899272,-62.583102459069956],[-169.67751731705502,-64.78116749947097],[-165.0017212592682,-65.89585924583733],[-159.12769577170317,-67.24822189848643],[-153.9348980843566,-68.39468381554539],[-143.3825177415376,-70.22406870159587],[-137.562801639197,-70.41982072495193],[-132.202850383147,-69.56499312761247],[-129.507939074703,-68.06996579182484],[-127.42438859795877,-64.97642627361029],[-126.63467047629655,-65.44799912833797],[-126.33617114176184,-65.5557643282854],[-125.89342093184074,-65.73117597615897],[-125.49392615907816,-65.92449027514984],[-124.03315074312731,-66.67762372022173],[-123.72492742863258,-66.84390904460506],[-123.45189130041625,-67.0198675545621],[-122.85962268356593,-67.43154634179662],[-122.59993772036918,-67.6286266015977],[-122.38764772003717,-67.83390644595362],[-121.99866536462117,-68.25899571545989],[-121.87333780114315,-68.26251059423363],[-120.09816588733548,-68.33257175656975],[-119.95118545683759,-68.33813722931771],[-118.20607091514648,-68.40162192135212],[-117.56320902797034,-68.43283786238966],[-116.92966047197812,-68.48643000204224],[-116.31069140258013,-68.56195985646868],[-115.71158306258705,-68.65880310268109],[-115.13762995978925,-68.7761497441074]],[[75.0964499538225,-10.05937568879175],[76.902968076864,-11.691996668909393],[75.09644995382251,-10.059375688791755],[74.35518672061716,-9.246476610559242],[75.0964499538225,-10.05937568879175]],[[80.98456711592668,-14.411995791952572],[83.11842064741909,-15.417037161250573],[80.98456711592671,-14.411995791952577],[79.3641830919419,-13.44337048450907],[80.98456711592668,-14.411995791952572]],[[-39.96744109469586,-42.270448077526154],[-40.06266110018748,-42.27021559077439],[-47.062992860061094,-41.800189908117694],[-47.09756772070368,-41.795508390130166],[-49.673893234986664,-42.89784783675275],[-45.99943886033533,-44.26280109186464],[-43.60910058278012,-45.276251928818866],[-40.936850906202764,-46.80480949395218],[-38.80582080726252,-48.36086917059287],[-34.72200992398715,-51.43132000785531],[-32.37433370353346,-53.02747273231083],[-29.725549770323973,-54.86829086046234],[-27.681086219916942,-56.367817840632874],[-23.934155403190097,-58.998431297356],[-21.26036869195124,-60.204450268965104],[-17.333173064367116,-61.20121151187689],[-13.572642185804218,-61.60992922314729],[-8.029057318796523,-61.61287100871944],[-8.094569364410013,-61.45547415636088],[-8.174262466983091,-61.20376199233664],[-8.175651124967427,-61.1974679557411],[-8.195666624161277,-61.14088448179502],[-8.20860484106747,-61.048106559751375],[-8.230117850794567,-60.95059970635053],[-8.262592178349287,-60.69649297841164],[-8.264423678206716,-60.64783844257417],[-8.275377907269618,-60.56928738585478],[-8.270434594036692,-60.488156027924134],[-8.2721744096687,-60.44193712068548],[-8.259381069087109,-60.18741656556183],[-8.246235378115042,-60.090990168495416],[-8.240486326330174,-59.996634752169946],[-8.225001546813262,-59.935235567790336],[-8.224751911871344,-59.93340444319733],[-8.168845983549893,-59.680362238381235],[-8.12151990048228,-59.52491724998401],[-8.097153055559454,-59.42829950980037],[-8.053751732651438,-59.3293566676956],[-7.9955154515372255,-59.17897371416085],[-7.879275155025588,-58.93148997270589],[-7.879042430384685,-58.9310684647058],[-7.8519702847829596,-58.86935156650466],[-7.791482772165036,-58.77248149135647],[-7.74412132905253,-58.68670102956176],[-7.590663074919072,-58.445007138048],[-7.562695607781223,-58.40608140565955],[-7.5117835889931435,-58.32454637681649],[-7.446284146723486,-58.24405738833447],[-7.419512498574652,-58.20679602296653],[-7.357968127689703,-58.130170837058195],[-5.6777842258808136,-58.240459408957705],[-4.169102406086314,-58.5861603606599],[-2.5741165637136203,-58.93930608253849],[-1.8168196408567305,-59.11265488434418],[-0.5229032003408406,-58.811665958599576],[0.1553380090046123,-58.52636035185591],[1.5902310118000398,-58.43053338371428],[2.759813183690687,-58.529645393800386],[3.2672194204372147,-59.010365766412356],[3.6060198516251107,-58.67065910892772],[4.963217994071059,-58.84610810383189],[6.25866822836818,-58.826093283359576],[6.996300068391352,-58.519646434527886],[7.372559373095217,-58.15739550181434],[7.247364220674031,-58.1100957133372],[7.532019085009811,-57.61410410825471],[7.626401596182467,-56.84198912504057],[7.768581148614262,-56.57290675907293],[7.806989111805805,-56.5591097927366],[8.090186572744743,-55.70649203979525],[8.584229332658992,-54.94070063735439],[8.599707994696042,-54.90368031046864],[8.53549693673064,-54.77377999908484],[8.533770086414435,-54.770286544827954],[8.917811558831755,-54.882105860959605],[8.97487378710706,-54.90025876842039],[9.11469954801033,-54.9405089321359],[9.24880038989018,-54.98740160215937],[9.24880038989027,-54.9874016021594],[9.305570107461328,-55.0054614547237],[9.35520275448181,-55.02263952479922],[9.088543663778673,-54.86575731265469],[7.09268368618441,-54.255218364309826],[4.9315674091569734,-53.88527916936617],[0.5133317553300827,-53.23929557447288],[-1.6829751810522056,-52.67134191688184],[-3.906923841424172,-51.73822805659931],[-5.4034265565744475,-50.77567409208854],[-7.544057500750556,-48.81521780442046],[-8.896793075622043,-47.93261865192254],[-10.316457030001526,-47.45884688090529],[-10.34110724917249,-47.474293033061386],[-10.40916353888685,-47.50921147390368],[-10.482225648424992,-47.53960706058025],[-10.55958081886818,-47.56517752749964],[-10.64046995865306,-47.58566775124589],[-10.724095498341441,-47.60087256120751],[-10.80962980061723,-47.61063902904028],[-10.896224015174369,-47.61486820176219],[-10.983017256751763,-47.61351625083218],[-11.069145975959959,-47.60659501789456],[-11.153753387114048,-47.59417194677053],[-11.235998815288994,-47.576369400514885],[-11.315066826346216,-47.553363371681606],[-11.390176008683612,-47.525381603101835],[-11.460587283725507,-47.4927011452273],[-12.123596852342667,-47.07326847205191],[-13.122055880880021,-46.928411684797105],[-17.54385991134233,-46.50365033744602],[-19.97974562819122,-46.02804014302046],[-22.83856839208436,-45.15111733869225],[-25.120038317057755,-44.166125188803605],[-28.899394993379925,-41.97755222661864],[-30.306387899933352,-40.53523544775597],[-30.721996326029196,-39.2801998369932],[-30.803063547986135,-39.26185286593853],[-35.880021515356624,-40.903964502905396],[-39.59872566406312,-42.20655426081718],[-39.68743907554581,-42.23202598461541],[-39.77900137070227,-42.25126893954012],[-39.87260963302372,-42.2641139628037],[-39.96744109469586,-42.270448077526154]],[[27.386725363488765,15.60523942850936],[26.703728511636793,15.303502694980171],[26.93350303823187,14.533379010025559],[27.672298312987913,14.177863160062692],[28.154324436571695,12.680715480856046],[28.155482264819366,12.677119327475328],[28.15988374791895,12.669885129945898],[28.209034045781213,12.761667275310934],[28.583882597764234,13.657374938002475],[28.870535842652167,14.583758102668654],[29.065467049583145,15.532457605904423],[29.165766752005677,16.49483438806485],[29.169185977629247,17.46202234500187],[29.074189247188578,18.424984255061542],[28.93862238420521,19.087968467060136],[28.935736908784996,19.08698456812617],[27.951671589401073,18.75143472704575],[27.160717342992648,18.82828807228573],[26.727647626514248,18.602430421315148],[26.053451361733693,19.170926998093005],[24.39762142894253,19.211377221851254],[22.976543882459765,19.285019209721032],[21.733569116054355,19.46764024550087],[20.337712031971588,18.840962644822316],[20.78964467958922,18.46887663148287],[21.649671844912042,18.7748305228677],[23.357315836147095,18.474903806304738],[22.556342975768843,17.431872140096704],[23.576380368595547,16.612696522355016],[25.737560735715707,16.452720989574942],[26.063942519232977,17.126929434661367],[26.899423718174354,16.26203807992791],[27.386725363488765,15.60523942850936]],[[48.43791031942332,10.779831980994961],[48.496897512744,10.537017322963475],[48.5834106127861,10.083394413425323],[48.60581679068618,9.929797778088659],[48.754484218717856,9.802625559515182],[48.859229206221286,9.691022119705854],[49.00059082230239,9.689450171185998],[49.21292940763679,9.663570530223296],[49.420197047088166,9.614523893435257],[49.62033227405761,9.542802092446852],[49.81134844406477,9.449119243423551],[49.99135320951593,9.33440458485539],[50.158566828636324,9.199793323180902],[50.3113391426231,9.046615586464682],[50.44816508601367,8.876383598934508],[50.49194895419407,8.81563717378846],[50.50782868120398,8.80462313053249],[51.151721767017385,9.255294154692658],[51.378707747362284,9.396467827174886],[51.61684556883328,9.50964641957375],[51.74146065121433,9.560353605442637],[51.33569582924579,10.750584281710251],[50.77157417746402,10.906387296828386],[50.57432909267443,10.973603194990043],[50.3859267499464,11.062810509066848],[50.208194302482966,11.173143325080224],[50.04285832360305,11.303528234859655],[49.891527654155134,11.452695221249925],[49.7556774201062,11.619190558705018],[49.63663438384337,11.801391566319289],[49.535563769957506,11.997523031151196],[49.453457683593676,12.20567510480875],[49.391125217988666,12.423822465537619],[49.34918432842979,12.649844531128903],[49.342620544312446,12.721597912849136],[49.30522589887406,12.750329506323101],[49.20260064859176,12.824817794614757],[48.78739509292424,12.888854859723729],[48.17155639346544,12.67318430074771],[47.958345641905005,12.611355465249074],[47.74242600399218,12.573422104325209],[47.52595043668896,12.559779487403276],[47.34670883581272,12.568764173734696],[47.19462345635517,12.506932524615658],[47.22221301312212,12.478225389454513],[47.97565524215719,11.622669168173307],[48.12277576611187,11.436248026296592],[48.24978155053429,11.232043062682475],[48.35522582245547,11.012397425655438],[48.43791031942332,10.779831980994961]]],[[[5.639773457880195,-54.745690534974905],[5.700672644057578,-54.82242278714209],[4.313926419494974,-55.31587339725224],[3.5903835025981525,-55.220281429182634],[3.206346217183358,-54.83360001900777],[3.873780246003585,-54.7675732437457],[3.972826192016127,-54.75727783061124],[4.139767632979181,-54.506764051350004],[5.147977837408302,-54.46186840130571],[5.836542315582846,-54.2387272668228],[6.022734956249065,-54.26137014224484],[6.018815847785088,-54.26365663305657],[5.499166230337589,-54.56683121639156],[5.639773457880195,-54.745690534974905]]],[[[-19.02323961454307,-7.043601062164462],[-21.725290885673502,-6.955022552501038],[-23.097990039590076,-6.704229795958101],[-24.490904041974257,-6.1280300450033005],[-25.424764786573565,-5.428059703467095],[-26.783384740920663,-3.861962755699181],[-27.126976769503923,-3.001514001639522],[-26.84414547579453,-2.098915294908588],[-26.040164304016255,-1.4940194906722033],[-23.911719904438957,-0.6486666588196873],[-22.75663276199677,-0.4023279994431121],[-21.436004820641873,-0.42398586971086216],[-20.389490026078636,-0.6691482928934056],[-18.556093017918755,-1.3003660788425484],[-17.56544530903654,-1.6462626768261535],[-16.430945850765635,-2.092442476892016],[-15.527597614474265,-2.4826950780821426],[-13.939135479429744,-3.132621177727827],[-13.404776277162997,-3.475459298471507],[-13.391502813693222,-3.9798006251218068],[-13.895537478672427,-4.525180562469823],[-15.387280005998276,-5.743611852970313],[-16.32006353053688,-6.348441453347511],[-17.67688710259034,-6.855370893761921],[-19.02323961454307,-7.043601062164462]]],[[[-171.40541848284533,8.949375417305303],[-170.97847542261664,8.911725992465465],[-170.56613813297704,8.841158724658309],[-170.17238177454823,8.73714160403944],[-169.8001914970461,8.600339785358859],[-169.45142091602608,8.432480612183767],[-169.12670416772775,8.236180445154613],[-168.82542557798098,8.014742545144944],[-168.5457480937753,7.771936071908397],[-168.28469887096261,7.511766619081281],[-168.03830792993864,7.23824866154617],[-167.8017936584017,6.955189883300515],[-167.56978717785435,6.665996614486344],[-167.33658618800945,6.373508555275224],[-167.0964278422513,6.079869617135396],[-166.84376947942167,5.786440088857808],[-166.5735656526828,5.493753470225309],[-166.28152988242473,5.2015192655738876],[-165.96436995283338,4.9086708698474455],[-165.6199864026109,4.613455507125085],[-165.24762514537827,4.3135611049603675],[-164.84797688526962,4.006273121889607],[-164.42321812780258,3.688652803203889],[-163.97699105096532,3.3577272256404167],[-163.51432218817357,3.01068089215821],[-163.04148264380686,2.645038614191873],[-162.56579525018623,2.258829994691197],[-162.09539650814483,1.850726978217446],[-161.63896316585695,1.4201475891386346],[-161.20541474689952,0.9673210089711146],[-160.80360415519374,0.49331138221948706],[-160.442008644889,1.5861139600997358e-14],[-160.12843300051435,-0.5099723869945801],[-159.86973583824357,-1.0332995740400288],[-159.73450062217728,-1.3969593020132052],[-159.85959629254083,-1.4539870397115018],[-160.07198935836757,-1.5270025449790632],[-160.44093090771545,-1.6343494216064232],[-160.67888087595654,-1.690304991354983],[-160.92167298923664,-1.721139141557969],[-161.6246021490554,-1.7733270115746427],[-161.7849716222861,-1.8160333456892839],[-161.98967746764265,-1.8607839042969203],[-162.19777596361018,-1.88695205485003],[-162.39552711641298,-1.9028203486668274],[-162.59764642734936,-1.9538013872003186],[-162.82908799643053,-1.9998085775541592],[-163.06421865771057,-2.0220845173140725],[-163.30049707448944,-2.0203661545582636],[-163.83043646127618,-1.9894621339927252],[-164.04068457468392,-1.9675204523446943],[-164.2479704361296,-1.9265071335964041],[-164.45049033885002,-1.8667646094612966],[-164.86558356631332,-1.7231930952705123],[-165.04052000623625,-1.6544847084120857],[-165.37874365421962,-1.5052452316057887],[-165.5657584613845,-1.4122183898406415],[-165.74322603001625,-1.3026026799083437],[-165.9096226218807,-1.1773284812848979],[-166.06351915248266,-1.0374618659819892],[-166.12111384640076,-0.9744624967926567],[-166.13243230246073,-0.970099142722272],[-166.3651302681236,-0.8650721079580168],[-166.58426915130894,-0.7348193051717594],[-166.78703649882786,-0.580993680026837],[-167.19185529361454,-0.23580432005487115],[-167.3577145045781,-0.07895028167028971],[-167.37720567040935,-0.05634008911247572],[-167.3978547965515,-0.24326263328699949],[-167.4012255178435,-0.2590949523127771],[-167.18732418662754,-0.3757162593129007],[-166.99939587129165,-0.49023272799344886],[-166.82356312673187,-0.6222302030317419],[-166.6614833689224,-0.770448321527355],[-166.51468254176464,-0.9334752742346526],[-166.38454141133062,-1.1097613972052915],[-166.27228329133982,-1.2976339265646397],[-166.17896326163003,-1.495312768517375],[-166.10545892784165,-1.7009271377623654],[-166.05246275469722,-1.9125329157172344],[-166.04123966366885,-1.9883007052632446],[-165.97823398414312,-2.165770513155183],[-165.92436765761204,-2.386903949030946],[-165.8934094364219,-2.6121669668355283],[-165.88568344769493,-2.8392440803168326],[-165.90127842898153,-3.0658010678469476],[-165.9400464890047,-3.289508223053204],[-166.00160400656998,-3.5080635977222747],[-166.08533468934587,-3.71921604761232],[-166.1903948140774,-3.9207878915560253],[-166.31572066512578,-4.11069698653709],[-166.4600381756002,-4.286978018933569],[-166.62187476297794,-4.447802805826491],[-166.90599234200093,-4.7027573131076394],[-166.90932932533687,-4.705480617527261],[-166.88733803817374,-4.796109400250673],[-166.84138769635987,-5.0470722917964235],[-166.82101805311174,-5.2103093079580365],[-166.77495465626527,-5.332821348431292],[-166.75008272681185,-5.402363247682793],[-166.7099504681822,-5.520570778609785],[-166.61929008770232,-5.66202652137387],[-166.50649364886903,-5.858811112430977],[-166.41403337351272,-6.0654879240490684],[-166.34284431203906,-6.279983514336436],[-166.29365268048693,-6.500146885610984],[-166.26696854866148,-6.72377041797201],[-166.2630803902589,-6.9486113099240105],[-166.2750607087877,-7.311271089288572],[-166.30032684194302,-7.579956674307297],[-166.34940521305765,-7.894589407558562],[-166.3692725735257,-8.046609448424975],[-166.40426241691938,-8.243983954386705],[-166.45713081492624,-8.437231448117934],[-166.5274772297869,-8.624800798214661],[-166.6147603568042,-8.805184134274043],[-166.6445134065452,-8.860095561778726],[-166.64610954044718,-8.884228719669933],[-166.6459368732752,-9.166423327539894],[-166.64084047801543,-9.384825104473741],[-166.5413964084472,-9.475279259273169],[-166.39549815780907,-9.634933083257321],[-166.26520670726862,-9.807049643114997],[-166.0243659091541,-10.15719703123124],[-165.89544741562506,-10.36732640299858],[-165.78997016024255,-10.589327221436896],[-165.70918346959473,-10.820620356187348],[-165.65961279474496,-10.991220297205384],[-165.79237712851761,-11.24107550914837],[-165.99476519934302,-11.678378904482843],[-166.18347120294246,-12.135453724816678],[-166.3644837993497,-12.610190576414542],[-166.54421258479863,-13.099329864628606],[-166.72921855705172,-13.598558891116172],[-166.9259457661322,-14.102655598514783],[-167.14046358748496,-14.605673137141691],[-167.3782285943739,-15.101157869252557],[-167.64387448385526,-15.582392208846187],[-167.94103790781895,-16.0426528121174],[-168.2722272957442,-16.475474059928818],[-168.6387406990752,-16.874906480752355],[-169.04063719488892,-17.235759735737062],[-169.4767643498491,-17.553820037828544],[-169.94484164095545,-17.826032443485715],[-170.44159665792856,-18.050639397158427],[-170.9629476091882,-18.227268283491295],[-171.50422246574453,-18.35696258210996],[-172.06040240217663,-18.442153506159677],[-172.62637539772467,-18.486571654644525],[-173.1971851980211,-18.495101071654137],[-173.768261395149,-18.47358098683699],[-174.33561806254517,-18.428563196594446],[-174.8960109292292,-18.367035334730936],[-175.44704615115654,-18.2961220180452],[-175.98723697729574,-18.222776939982165],[-176.51600770709038,-18.153479390753247],[-177.03364708011705,-18.093948427038278],[-177.5412155177814,-18.048887059989866],[-178.0404124300147,-18.021767461299724],[-178.53341114670283,-18.014666397229444],[-179.0226700022433,-18.02815798351265],[-179.51072876316323,-18.061268499462933],[-179.99999953211912,-18.111495450205275],[-179.99999999529078,-0.1822926645449493],[-179.99999999470145,0.20586628304175253],[-179.99999957188132,16.63383273553063],[-179.92540479612123,16.669824232033076],[-179.72610080911042,16.754165234695275],[-179.55487236977362,16.524620612538815],[-179.14493924970645,15.894258980714035],[-178.7714469645268,15.239227918979203],[-178.43462464207272,14.569341806974938],[-178.1336366947483,13.894966089729603],[-177.86658003951624,13.22669570237876],[-177.63052470205332,12.575022211385633],[-177.42159525730978,11.950002030739697],[-177.23508966374655,11.36093795103643],[-177.0656312766763,10.81608571259198],[-176.90734903301393,10.322396459062881],[-176.7540799129836,9.88530462432718],[-176.59958681989045,9.508569144670966],[-176.43778407152888,9.194173886429002],[-176.26296190873563,8.94229090110265],[-176.0700009472351,8.75130765795256],[-175.85456744443323,8.617916869493632],[-175.61328067966124,8.537265036247206],[-175.34384464445023,8.503153505707992],[-175.04513754511913,8.508283764040566],[-174.7172542424557,8.544536936509969],[-174.36149860314683,8.603276126842369],[-173.98032474660985,8.675659328329543],[-173.57722829547612,8.752950235696424],[-173.15659094595028,8.826814415455734],[-172.72348392041505,8.889588980601982],[-172.28343806635374,8.934515167062345],[-171.84219038995627,8.955924992643578],[-171.40541848284533,8.949375417305303]]],[[[-87.59483262574534,-12.193425432341337],[-87.82048118846856,-12.237661932106883],[-88.05042664326741,-12.25948503268188],[-88.09437662636346,-12.261482982968145],[-88.1071008814044,-12.297010956851516],[-88.20499536638413,-12.499673315377692],[-88.32385135972434,-12.690952668546489],[-88.34114592655848,-12.713142273289986],[-88.37724175354708,-12.866721005406918],[-88.7402399535812,-14.122187248740053],[-88.79645984566939,-14.290990837114135],[-88.85402678090945,-14.44323331056819],[-89.2140685244453,-14.75867202700153],[-91.20577326090566,-15.836668471385753],[-93.0006985449374,-16.298812114829197],[-96.38664907439616,-16.582182310424013],[-98.13477416041248,-16.44203215496797],[-99.97924390180584,-15.770056376956514],[-101.2996037064453,-14.80063864858275],[-103.407623851133,-12.579221742012622],[-104.7141964550709,-11.7337216626767],[-106.53541094694916,-11.401824952577204],[-108.27114933739061,-11.678321056476738],[-111.68347858283992,-12.782200734152424],[-113.46820281074245,-12.919250310123463],[-115.38167816229476,-12.292898826191461],[-116.78371364178415,-11.140664458370555],[-119.09923922762827,-8.371628285337293],[-120.11058980738429,-6.757938941003606],[-120.83203684897528,-4.64044165435866],[-121.0385036381328,-2.7082841011373873],[-121.00518464285493,0.9942960481136083],[-121.36379214789584,2.8699271933409953],[-122.4056708133973,4.7661262911903775],[-123.77161029011924,6.028218233602547],[-126.84000365706393,7.838226703599663],[-128.2258511397489,8.937090852124616],[-129.30225075374645,10.50841515820965],[-129.72231733561907,12.056833350375884],[-129.77268509653254,12.681001093281024],[-129.63271024481298,12.7162249805316],[-128.50307735193755,12.950650890108447],[-128.27673479248938,12.986488992184581],[-128.04706601424888,13.001052942179166],[-127.8163339591396,12.994172972855846],[-127.58681744666815,12.965890423066456],[-127.36078687927142,12.916458316074555],[-127.14047991225551,12.846339651969837],[-126.92807744764355,12.756203405803703],[-126.72568030394304,12.646918259869834],[-126.5352868958277,12.519544134752532],[-126.48535972686688,12.47878947237667],[-125.83379219660006,12.375276126717386],[-125.70975023545682,12.352191370345158],[-124.13383904004246,12.013256283933142],[-123.12981492729888,11.896575294515321],[-122.04782967194998,12.156969761205502],[-121.84801444816182,12.195917458928722],[-121.64502044616012,12.217612711248789],[-121.44046028429956,12.221869781629353],[-121.23596215464894,12.208641202079184],[-121.03315591551771,12.17801860400771],[-120.61681919634248,12.096656964816772],[-119.82126363728136,12.243828711095786],[-119.59590820616606,12.274255676613743],[-119.36813316679545,12.282911755894066],[-119.14020011291902,12.269694604766682],[-118.9143753245352,12.23471886129116],[-118.69290550938366,12.17831555919214],[-117.75234190344429,11.888789772392375],[-116.13764019095237,11.895759999390018],[-115.99562015946857,11.891903508933188],[-113.86590639170882,11.765769203927366],[-111.76855955057616,11.646005313171056],[-110.40557194847024,11.788244259054094],[-110.15728009159238,11.837621191148983],[-110.13658591020157,11.876850113492255],[-110.01744626198561,12.07654574875565],[-109.87782854456258,12.263008001362323],[-109.71919016091746,12.434239921886222],[-109.54320083709374,12.588403702113316],[-109.4145357474503,12.679426846341505],[-108.89503756114911,13.823736406818563],[-108.82222330003808,13.96932002124759],[-107.83212280349987,15.77122804784431],[-107.68214820273485,16.00658279593192],[-107.10407301572685,16.797233829762323],[-106.9496746081019,16.985485638638306],[-106.77523024865435,17.15663041110618],[-106.58270969858543,17.308698050092534],[-106.3743058945309,17.43993436161732],[-105.54356762271419,17.902092060880065],[-105.34582703015502,17.999918695697783],[-105.13923110478893,18.079095433009126],[-104.92568013761868,18.138894771214105],[-104.70714488120936,18.17876690867393],[-104.65195679973453,18.1836544432659],[-104.12875835414427,18.547934416948465],[-103.9720781931293,18.647811758780282],[-102.09499201332137,19.7335304861236],[-101.99770797681792,19.78636554995909],[-100.24954852542011,20.676607123236874],[-100.0379306793748,20.873269278265774],[-99.8393678882151,21.038348913644906],[-99.62298192862905,21.181798221512793],[-99.39142638106347,21.301852618823958],[-99.1453850632371,21.413094545436216],[-98.98610735637425,21.60788037268176],[-98.69484632883626,22.143271912819518],[-98.57521431784183,22.33833426529885],[-98.43585091460217,22.521655213433156],[-98.30665316655431,22.660682023125926],[-97.71426230224587,22.574762825871943],[-95.90487358019259,22.850717126650395],[-94.23094121240025,23.478706106003433],[-94.12590507779029,23.44433400562423],[-93.35881225225127,23.151259390050168],[-93.17250842665666,23.069738136062426],[-93.0027901204488,23.124489866608403],[-92.7706677827496,23.17655116676805],[-92.53492551419487,23.207175409963895],[-92.29790626546018,23.216076413899106],[-92.06196505654555,23.203182397574473],[-91.8294424764818,23.16863615873651],[-91.64798049654344,23.123966060155713],[-91.49583121777988,23.1512135626514],[-91.25136621082697,23.183121836642172],[-91.00563480161249,23.191775764714976],[-90.76125392555386,23.17710340580086],[-90.52082133669452,23.139278935041393],[-90.28688449904165,23.078719794705073],[-90.06191048556136,22.996081030907224],[-89.88484946422038,22.910030462414834],[-89.86880259654161,22.275443183548408],[-89.74457787890826,21.315151922891896],[-89.52361335126061,20.370260177299627],[-89.20955272755862,19.44924436677425],[-89.41509588075108,20.05202128163873],[-89.18172085109464,20.088691147996038],[-88.95701783080146,19.53979311281036],[-88.54080736980656,18.84960296472779],[-88.2114221213496,18.982315909690172],[-88.13604174559846,18.60862514300116],[-87.60704545878163,18.64696096348393],[-87.22838735688796,18.40750974219048],[-87.16582243385947,17.91098711276976],[-86.5137539958729,17.47994695268388],[-85.97225178033237,17.087849723211605],[-85.71472905178811,17.45033676607326],[-85.11156836643781,17.248402576935447],[-84.146955929608,17.447357585498853],[-83.87919312741839,17.22591518969674],[-82.9882352310211,17.35385344761923],[-82.41361630138391,17.734919786319807],[-82.39324716220234,17.75541496204117],[-82.09626109540699,18.05314760971367],[-81.51877763013296,18.240951932971974],[-81.25011563537892,17.98410053311733],[-81.16554348535368,18.231315671689224],[-80.80828594280892,18.39914800934548],[-80.48798145487798,18.8761429971173],[-80.53021092816782,19.31112718229229],[-80.88714725748828,19.53006829126483],[-81.1309523864009,19.94249569502692],[-81.15567641412026,20.15989036491269],[-81.37179918999503,20.267877688156627],[-81.97407730737822,19.8229975425309],[-82.09615939534707,20.099471746756464],[-82.24663191230947,20.249614570910687],[-82.27757245543539,20.713129782179035],[-81.63024917476994,20.854592949285813],[-81.80481677707382,20.99224784906281],[-81.72353398557165,21.315550699706556],[-81.28052868994695,21.49328002332621],[-81.1841107047192,21.89479290340706],[-81.04190547663742,22.144290909740036],[-81.01609649028086,22.568274792474604],[-81.24870553075476,22.611770012455615],[-81.07779873286808,22.716173874032823],[-80.80110649530756,23.23834539561697],[-80.55867762567124,23.42510594058454],[-80.37824707778728,23.299990381902916],[-80.13550094615172,23.32080012708125],[-79.85431648698851,23.577101722315202],[-79.60919545292799,23.949979524349526],[-79.44135621493147,24.27878064400069],[-79.11575403228554,24.320698421521904],[-78.89742118978404,24.563779709142594],[-79.22148125405872,24.52400122577879],[-79.46663310418296,24.738765200503895],[-79.1423339494658,24.941434179305404],[-79.00506597893096,25.248775336944444],[-78.77038673983236,25.36606323628487],[-78.43535639712975,25.334265762046115],[-78.1011190758991,25.176845108278346],[-77.91798558227507,25.440339164409394],[-77.72805567510449,25.198557225430996],[-77.34566202001172,25.50661313083951],[-76.84986565488204,25.922380924305674],[-76.45186055596012,26.101561561914394],[-76.05395091940859,26.477206341254874],[-75.48979666095202,26.91176149753053],[-75.33165224233616,26.786247332751753],[-75.51998897197157,26.643940445414078],[-75.45111813023146,26.562428840474862],[-75.08157219549133,26.69292271108595],[-74.94500490703761,26.97586141290521],[-75.19279314815573,27.11147017970629],[-75.09935018611829,27.669490146536983],[-74.9426942749358,28.00530463553457],[-74.6606644432246,28.37902573898729],[-74.50994317656104,28.906576317312872],[-74.224183430313,29.15040412610219],[-74.02650695909985,29.48463977871477],[-73.9467038831877,29.61957254534245],[-73.82650903359121,30.216337805658465],[-73.52348771272017,30.62607645449621],[-72.95582710368191,31.078267585029167],[-71.4981779368047,31.977905985849073],[-71.01610856820284,32.40857474868672],[-70.5382862677697,33.1310973784851],[-70.50106255272166,33.67163326316961],[-70.76652995318703,34.502120654032446],[-70.76903391326518,34.997187069556226],[-70.28583687906318,35.6102556440181],[-69.87093128140945,36.27523105070163],[-69.06873423486361,37.05044409851566],[-68.69053051100393,37.71776980502604],[-67.78622585061912,38.65787300151882],[-66.93075357693122,39.30862536772018],[-66.5156026964469,39.47021191455327],[-66.25448414342209,39.9668298727326],[-65.80275434895644,40.47288562433916],[-65.80035113988086,40.47557784829674],[-65.82801173921554,40.48231644616237],[-66.2010331034728,40.55843338025702],[-66.25482897330434,40.56733981164622],[-66.32043732012549,40.5810476880582],[-64.26785165999472,43.48952330391656],[-63.56879679301391,44.214463916544744],[-63.39522029777792,44.24907194638535],[-63.04750913434644,44.28914503385141],[-62.30327061063079,44.342674960710724],[-61.99732929549258,44.35324348747035],[-61.690494158769575,44.34279314281172],[-61.385898080532705,44.3114007118478],[-61.08664853819796,44.25935859795476],[-60.79578598551438,44.18717185817524],[-60.51624375308644,44.09555229523244],[-60.25081042676715,43.985409734424884],[-60.00209554212736,43.85784068458014],[-59.78832249713014,43.72406023721336],[-59.7377971402231,43.720130660830456],[-59.6780596623027,43.7281530144715],[-59.671328302249044,43.729710923850256],[-59.87531758777121,44.11718839367628],[-59.96980622426402,44.32366268254446],[-60.03626007747153,44.53483167246736],[-60.07378691645429,44.74878022087126],[-60.081736448643376,44.96354947550904],[-60.0597166871773,45.177152956879425],[-60.00760910692221,45.38759358273209],[-59.92558207506495,45.59288157757163],[-59.814101982717744,45.79105317639599],[-59.717715900320734,45.93921339672881],[-59.57935092105352,46.12564911734483],[-59.41410157552507,46.30151882594249],[-59.22330029859346,46.465128518331],[-59.00857048405814,46.61488328531688],[-58.77181785124888,46.74930576248927],[-58.51521668057939,46.86705398298461],[-58.24119074458081,46.966938288405416],[-57.95238894326702,47.04793693757276],[-57.65165585681912,47.1092100510045],[-57.341997642966774,47.15011154273657],[-57.02654391722183,47.17019872116202],[-56.70850644629737,47.16923928660718],[-56.471684161291165,47.160468889313755],[-56.182439296035355,47.236784300516625],[-55.468116151267026,47.49154078426763],[-54.991630760125936,47.71453235242396],[-54.70615136587815,47.8323760981748],[-54.40207538837423,47.929210943840445],[-54.082787213010356,48.00390643958377],[-53.751904491807935,48.05557780073459],[-53.41322653410955,48.08360045639119],[-53.070677387223874,48.08762086466447],[-52.72824514356365,48.067563232700245],[-52.38991923165833,48.02363189729612],[-52.059627569116856,47.95630925526735],[-51.741175464587194,47.86634927325832],[-51.73193207971482,47.86296275217618],[-51.64708245273001,47.90524765978416],[-51.36892388451616,48.01595676333397],[-51.07409008328531,48.10697405270139],[-50.76563148852255,48.17731803054473],[-50.680968352447394,48.19037798367216],[-50.51595551406347,48.268378669838356],[-50.219237137597936,48.39222027469746],[-49.902498297343236,48.493469942386554],[-49.569525211418856,48.57086708556479],[-49.22437180408711,48.62343552548064],[-48.06003944721703,48.75135624216088],[-47.73203558475711,48.77469612400738],[-47.401198088667165,48.77579731905542],[-47.071079537987394,48.754629366066304],[-46.745223721375126,48.71139992508734],[-46.427113959176985,48.64655244235694],[-46.12012306876901,48.560760383554914],[-45.82746632460321,48.4549181826283],[-45.552158601916474,48.33012914338662],[-45.29697667338967,48.18769060733178],[-45.12321254011604,48.069301731710176],[-44.85498047974384,48.06937119445684],[-44.5224233498819,48.0461953227522],[-43.49000522679057,47.93359668702819],[-43.40856394175721,47.923669428102855],[-42.34633027074937,47.78027634207637],[-41.05437686302562,47.59444294423278],[-40.73191316140262,47.53424160029168],[-39.38891041971931,47.223199791556596],[-39.31934163995909,47.20392576450819],[-39.22547124132416,47.231577896100454],[-38.92654340115615,47.296449410982696],[-38.61920980363817,47.340566220202746],[-38.570898459591334,47.344151981159726],[-38.48614621031971,47.372974570259565],[-38.16251062171515,47.454440383363554],[-37.95846881113783,47.48910510163849],[-37.808358289588156,47.57294926646967],[-37.52681441103251,47.71287161072156],[-37.223876882060814,47.83092783413867],[-36.90314948012403,47.92567060557325],[-36.56852417201181,47.995930851555364],[-36.55397516159543,47.99782787087487],[-36.06041102634745,47.812956891893],[-33.143245565621754,46.86975045087389],[-30.66033807283948,46.174255757695555],[-26.2393298661603,44.90716648307052],[-23.935833715148895,44.036715796078624],[-23.829805939521165,43.85957026414792],[-23.575470217847943,43.60844032436969],[-23.030319706256677,43.28985529765782],[-22.807367997557503,43.14417700940036],[-22.60626305262214,42.982764317975246],[-22.42888122178034,42.80726844377073],[-22.276813250196252,42.619468264491545],[-22.151354955567925,42.42124944041452],[-22.05350274944617,42.21458309935943],[-21.764556462693427,41.48404749914584],[-20.908568926448144,40.24839461375463],[-20.125106580033965,39.47687110298415],[-19.608620936207533,39.091993540104255],[-19.600910553025876,39.087712669784246],[-19.39828318477416,39.07326618517189],[-19.119472427456017,39.03131236433374],[-18.84806180825553,38.967971246541616],[-18.586850770467656,38.88391772875016],[-18.571447171058374,38.87749429372462],[-18.44028574298476,38.8749350856736],[-18.170897740206588,38.85956584391307],[-17.905034926866445,38.82441280802787],[-17.82816436838093,38.80832051148948],[-17.74918423970781,38.819423783587546],[-17.460090351765427,38.837106214692646],[-17.17047238524844,38.8319198574477],[-16.883475841776086,38.80394003109112],[-16.602206428800727,38.75348950739546],[-16.32968788206514,38.68113329687775],[-16.068821892781354,38.587670163753366],[-15.822351038327495,38.474121104626015],[-15.592825470972391,38.34171509234595],[-15.007391254316117,37.96329806548549],[-14.812475036950186,37.82345448750702],[-14.649211135616397,37.68137306882124],[-14.603841072680124,37.694479759298716],[-14.321989387145456,37.75127300451942],[-14.03414628689639,37.785118948566016],[-14.017071132427185,37.78573833950386],[-12.129505170622037,36.37770601774082],[-10.432311675877829,35.114788431492116],[-9.04996397340406,33.992207256970154],[-9.052834974568931,33.92544167066179],[-9.089268834106319,33.70690235473835],[-9.152106926961206,33.492300611105684],[-9.220045966029033,33.33223522336978],[-9.005533867605683,33.22972939596],[-8.803336329709909,33.1226340271343],[-8.621440962874129,33.00610876001638],[-8.401894321045408,33.02921952013888],[-8.159894049734403,33.03673381189768],[-7.917907902613628,33.02643347053756],[-7.851105703628938,33.01863474539356],[-7.572493405337367,32.7923784131461],[-6.01366444376159,31.774557671348955],[-4.000629173358266,31.089231719922115],[-2.1366966559901175,30.933590489539736],[1.537322416512549,30.965648113005233],[3.365816645563194,30.552980702645453],[5.067309640729911,29.49732595000578],[5.088649905556326,29.506696055240663],[5.358870946016375,29.63053057998212],[5.524976625584192,29.698278836274916],[5.662991557385393,29.758878573226706],[5.807737971751408,29.80671633080302],[5.977395954289186,29.86773478798421],[6.265532547216409,29.958014489149576],[6.375068452888357,29.99421540040798],[6.517472569249644,30.02704001037842],[6.619798508841059,30.054521832495578],[6.948195945534261,30.12845727113269],[6.992924415577518,30.136633200619098],[7.112942018695861,30.16429764679249],[7.113625593186361,30.16439072594253],[7.078160606130217,29.98477276325763],[6.874222853109247,29.650548675735266],[7.135770337084126,29.226685342224012],[7.914584122209197,29.2413465971643],[8.226083161523013,28.672369384147586],[8.513285563246255,28.343431483489635],[8.323032749996452,27.802468550358856],[8.573550573063676,27.283455326996062],[8.179243595072977,26.792850446658008],[7.590740234193864,26.371556469062657],[7.254977190682919,25.92532442450853],[6.842240133243252,25.95437719504503],[6.554816060736242,26.188960590364676],[6.032822889926332,25.80959318594328],[5.704186532549455,25.967544592033995],[5.262583502631174,25.737353261494846],[5.245146657842825,25.2736267497419],[5.464074247250967,25.045622544484452],[5.031358572177474,24.73638520357622],[5.315553570844637,24.692156853025168],[5.856892889693988,24.800937028411116],[6.056136931429701,24.9836457203886],[6.3580604845774795,24.6850170988009],[7.036318183051118,24.627873464842665],[7.617683824825763,24.21226355908033],[7.664863790795705,23.77449103158255],[8.000489116633814,23.05281142492452],[7.263150031671418,22.843892980271523],[6.180163003810811,22.6377014041687],[5.838459293177441,22.723773523507237],[6.035478677611576,23.192304517536286],[5.121552669461014,23.359824321712086],[5.312045358433546,22.68283494282976],[5.716554357612821,22.195204860167316],[5.860040728942473,21.641189834381173],[6.1070642863370175,21.131148918183435],[6.528514494439232,20.67811874086145],[6.15151672704136,20.24030866824623],[5.488396948525165,20.389105520077894],[4.901803614830018,20.062769494674093],[4.691939372458363,19.609917469453844],[4.21796864818008,19.22655499590529],[3.854103765253101,19.1832738774109],[3.3370753949934673,18.958339524515342],[3.334307398671397,18.95713530150296],[3.3806369180143188,18.9104886466488],[3.4888325444860526,18.810228603523587],[3.5994585087653395,18.702260619742983],[3.720213676965926,18.60453672253625],[3.8325714181934165,18.508726042614647],[3.8809502710218564,18.47079174091508],[3.2840616235227884,18.277224941738062],[2.420836334369343,18.487671315222418],[0.6323382261406457,19.3500663365511],[-0.4831478102901208,19.554265583140094],[-1.9163979092457164,19.348946051177254],[-3.1174071843711157,18.792404073463],[-5.08093058624203,17.24908180917828],[-6.070264410649994,16.67926466170177],[-7.316651752108381,16.578813704756225],[-8.497033582703006,16.967406346198484],[-10.960497718070748,18.118355274991657],[-12.379703122482931,18.71989758985019],[-14.070363413523276,19.4937956700363],[-15.459280242648846,20.20153035351401],[-17.985047080909006,21.507943384200072],[-19.369444261602116,21.95894300344609],[-20.912930768034858,22.07005607489198],[-22.071833305064008,21.808969142242102],[-23.953956210530425,20.869928334432643],[-24.635662237346672,20.178367418924314],[-24.808232563990853,19.142339961489096],[-24.414523541963337,18.139079925793535],[-23.04630026136487,16.210990739116372],[-22.509438074970088,15.09145649672467],[-22.257002069482315,13.636558095104606],[-22.34138168377029,12.320201572869186],[-22.715834431334514,9.809455357479914],[-23.039613821738453,8.508644901588587],[-23.75271900113979,7.055081998312645],[-24.63054043993149,5.87985622229957],[-26.488834492061315,3.641243468615298],[-27.579899160230383,2.4500105134226504],[-29.09643866830889,1.2260319156200026],[-30.557793162907604,0.38640628693125006],[-33.42756889775951,-0.9697654370004306],[-35.01311104217103,-1.4694914252291076],[-36.935034456022585,-1.4667846812975098],[-38.551179245912785,-0.8975429459551375],[-41.43102121364538,0.95298655843513],[-43.01146290686371,1.7469118228569935],[-44.919657071327286,2.1475984955829213],[-46.52775314300138,1.974627026123253],[-47.481012532972734,1.645777297296485],[-47.491804934843294,1.6666242553779698],[-48.03460280909644,2.343346434882448],[-48.163434873299856,2.520721997907463],[-48.2744448174133,2.7114578077363523],[-48.366534437474606,2.9137086718051965],[-48.438782790326606,3.125514472273613],[-48.49045540020529,3.3448180648347874],[-48.52101201859991,3.5694841923540435],[-48.53011286930492,3.797319286922932],[-48.51762330561046,4.02609202438341],[-48.48361680061955,4.253554484128048],[-48.37626084049389,4.797532589109103],[-48.32347472602157,5.0134529843128295],[-48.28819697271383,5.116412705917491],[-48.42083940738964,5.153101165384742],[-48.69767388688226,5.244820991013269],[-48.90637785540299,5.326314419199819],[-49.105029581080714,5.4296285658286365],[-49.29158906376799,5.553704033773168],[-49.46413566245017,5.697269819602074],[-49.62088650806642,5.858855458405678],[-49.76021374492616,6.03680501846924],[-49.880660496595205,6.229292842883237],[-49.98095546072706,6.434340928116444],[-50.06002604194973,6.649837822659815],[-50.11700993222589,6.873558921389856],[-50.22212849030744,7.392060803376146],[-50.24710756900367,7.553061821628979],[-50.27639307326772,7.589433012403122],[-50.39341804263142,7.768912282690616],[-50.49256877621441,7.959817891713706],[-50.572901020287,8.160401378572375],[-50.63363564077043,8.368821188553474],[-50.67416657700251,8.583158464383652],[-50.72571151417099,8.949633809728637],[-50.888789702441414,9.069067946076402],[-51.0510675505325,9.215658712350981],[-51.42761529321685,9.590713235176821],[-51.61833710467655,9.663609878889709],[-51.818845538816625,9.765230796593437],[-52.00730942608521,9.886958642809075],[-52.1818353797508,10.027576599722478],[-52.483647037475315,10.296975732856223],[-52.6519589828449,10.429767419347062],[-53.6373348436591,10.481372511859227],[-53.86313187273357,10.503556175300997],[-54.08443379514079,10.54795783292594],[-54.29908123962179,10.614134236701227],[-54.50497857861201,10.701431904424899],[-54.70011243387263,10.808993263899296],[-54.882569493894174,10.935764515061035],[-55.050553548965866,11.08050514710851],[-55.71177375998333,11.707330066579754],[-55.868182265800016,11.870734626233023],[-55.95350891738014,11.981400189696048],[-55.553546350856436,13.033794658261774],[-55.05371692836213,15.184516345384573],[-54.89348858141919,17.02431248966624],[-54.863034796885415,20.422235018156446],[-55.048304092197355,21.859693435647365],[-55.73087203170638,22.76391254518511],[-56.701601519101324,22.81846908204629],[-58.911602822873846,22.020346668052856],[-60.16264221231498,21.769064649198118],[-61.728285178405876,21.85039258897009],[-61.943230401562175,21.9126171155528],[-61.24483105756437,22.125982826559284],[-61.03321830169381,22.180648243776268],[-60.81773970477565,22.21812811505817],[-60.37509459458463,22.276073171662116],[-60.1799594478692,22.2923568457508],[-60.09332448468158,22.495728380592393],[-59.98345092537808,22.694031635023897],[-59.89542350706908,22.835318878645218],[-59.774630701837204,23.01022863333129],[-59.63670345312033,23.174983978619547],[-59.48274051165255,23.32816365602786],[-59.3139921426087,23.468437503847035],[-59.131851237733194,23.59457936798564],[-59.12484154210624,23.598593107654093],[-59.11788052866344,23.660185011879985],[-59.20842955953574,23.74652927861983],[-59.35389702531426,23.915962373911402],[-59.48025701161141,24.097478125959608],[-59.586276330988085,24.28941544894364],[-59.680312576571104,24.48238597968301],[-59.76609764503436,24.684591381645607],[-59.829179861278256,24.893728993455653],[-59.86884769475811,25.107827243434038],[-59.884598499741585,25.3248566533922],[-59.87614751722062,25.542747558756542],[-59.84343545969001,25.7594086293429],[-59.7866344480362,25.97274609093572],[-59.747058075769964,26.075017352948933],[-59.73341918912974,26.25466908046927],[-59.69502775845274,26.462023750214204],[-59.63434646305456,26.665747136887504],[-59.41937298337847,27.268703471294366],[-59.33869457062648,27.462606151522067],[-59.23754037799488,27.64958054677858],[-59.116672897830654,27.827992112782265],[-58.9770394819267,27.99626963503237],[-58.81976775991713,28.152920156528968],[-58.6461588571585,28.29654358738429],[-58.608868426824515,28.322162445330093],[-58.607687265765435,28.3283488641615],[-58.5367837553311,28.551386374863355],[-58.439092657265554,28.767266977644038],[-58.315503925616426,28.973616770663106],[-58.167210655444435,29.168147568377933],[-58.11766968151012,29.22623195101086],[-58.410823904099956,29.76465927097906],[-58.5079693942282,29.966574597133985],[-58.58141859935318,30.175671526776732],[-58.630329097472156,30.389971878960488],[-58.682243071618736,30.695640262406354],[-58.84493955268076,30.69650357521983],[-59.097115257144885,30.717525337067613],[-59.34580240046833,30.757932268532254],[-59.58889358224748,30.817363961228786],[-59.824323314446595,30.895300121035685],[-60.05008201502764,30.991064723303495],[-60.26422984769847,31.103831173263266],[-60.464910412282734,31.232628444405023],[-60.712583402289575,31.40536087369614],[-60.68475883672766,31.45581205890961],[-60.57741630030317,31.67314754712522],[-60.51543935053547,31.79342579180484],[-60.463987797967796,31.925356108113096],[-60.430590678715184,32.00162087745749],[-60.32356433204421,32.280884540144804],[-60.31389232563676,32.31022579916905],[-60.27075077891927,32.420847881893934],[-60.24036345034356,32.53328497477895],[-60.23032485201043,32.563738336938194],[-60.151163318073095,32.84968212223548],[-60.13299821239646,32.930550407362176],[-60.096613125366694,33.06517999152591],[-60.07801619135939,33.18646334174535],[-60.036150346900996,33.42879060323155],[-60.01849567031049,33.57463744597036],[-59.99611450261098,33.72060037724461],[-59.9958960891553,33.7265444421671],[-60.31931567603157,33.88347579435649],[-61.84090208026485,34.34398462752061],[-62.377397647482006,34.569270648290136],[-63.06807321990721,34.56835746137864],[-63.73265328879017,34.424215205939596],[-64.6993497191683,34.448778519710736],[-65.7604237891942,34.03321275148298],[-66.49201113658928,33.956815665994654],[-67.17179871658564,33.711258392261485],[-67.74819264998948,32.78937494232233],[-68.33271546694998,32.49500750837447],[-68.21329761807381,31.62232542034215],[-68.26916492583683,30.893652678333112],[-68.22820856561424,30.162469667440423],[-68.168564104246,29.54462358107734],[-67.84311537759595,28.875905485495757],[-67.24056393051444,28.542080159720296],[-66.32222748167659,28.298649298120395],[-66.0349287810054,28.080833380736244],[-65.9132125062965,27.51519180089059],[-65.91217147420072,27.51035390192646],[-65.77061156921783,27.55202067982491],[-65.51995517357915,27.622067990135942],[-65.37150143560801,27.669494856542894],[-65.20652716223236,27.718053425500198],[-65.0467929625377,27.779866498646005],[-64.90081185501194,27.832508923210565],[-64.66157081908564,27.928937671732925],[-64.52189316620724,27.98298937131079],[-64.38112962976706,28.051533885457715],[-64.30185294015772,28.086973280591003],[-64.0111630710308,28.230216971078093],[-63.98371249632995,28.245055340047536],[-63.86590835501274,28.302419824027485],[-63.75431911553677,28.369053604581218],[-63.7269747169415,28.383834580208354],[-63.46515520844676,28.538487141486637],[-63.457298217587194,28.508515562070514],[-63.32781057560134,27.83093892795032],[-63.29660700415373,27.519842421987587],[-63.28512658071814,26.503599827148882],[-63.29274932292322,26.319396371830898],[-63.31840547132089,26.135924220625753],[-63.36182377850157,25.95447230859437],[-63.5340253064427,25.36112289381879],[-63.557708123680364,25.001443651533272],[-63.58546837220906,24.77996296097599],[-63.63874581798874,24.561239666135087],[-63.71685251004354,24.347491302316364],[-63.81885894612443,24.14086902086052],[-63.8359819351808,24.113787474860697],[-63.748374148841705,23.940199946027963],[-63.722167980279195,23.879933948559252],[-63.64382926733956,23.813543546570227],[-63.47596756260303,23.634662638866335],[-63.33233207377589,23.439893811115734],[-63.21453820102499,23.231576380189313],[-63.12386855490807,23.01220102872834],[-62.96987314696222,22.55881197384857],[-62.91895212350776,22.37899035048397],[-62.87396364075499,22.182055227892004],[-63.09580391164598,22.246275802931876],[-65.6525930036741,23.355897900365605],[-66.92347642490574,24.12810890384232],[-68.1655978254482,25.351128261271157],[-68.96053256041411,26.62406701369399],[-69.26276463860532,27.31649909801469],[-69.43405476547305,27.33832565576749],[-69.46614477891045,27.343604850061713],[-69.5597988340534,27.35510729786783],[-69.35373145352334,26.994326163536833],[-69.2364648046145,26.72304841205467],[-69.35502505356374,26.738502100296216],[-69.39357876316143,26.561897498035414],[-69.69066662720334,26.622248223451795],[-70.1404401719779,26.844452743619737],[-70.32658238816782,26.786970111696615],[-70.70492984827142,26.942194223890418],[-70.82143906578787,26.897532884265008],[-71.36252191145692,27.084788162381926],[-71.62542540495961,27.311175081043867],[-71.63132676583993,27.487377327171842],[-71.98539550524953,27.727799594672522],[-72.23951281205615,27.4443013069992],[-72.08715088320548,27.340318716782175],[-72.27548641553497,27.079639676226307],[-72.33492935711999,26.986269448422963],[-72.17376813631178,26.752242650703025],[-72.20168965491246,26.477715544673227],[-72.30596656336911,26.400926471632232],[-72.2745101174964,26.246112497757295],[-72.44269146387899,25.815947262854074],[-72.48065094334412,25.371613701382525],[-72.40519588521482,25.050112762587176],[-72.29930596010989,24.923407224016703],[-72.40046252391761,24.62665031983923],[-72.50746426233214,24.407310917759403],[-72.5172285670289,24.15476988691435],[-72.44984908929027,23.954261853957945],[-72.66031552949717,23.53594295206272],[-72.70485949679548,23.387123616144653],[-72.94537219749637,23.118119249337475],[-73.2229505482253,22.868075872131115],[-73.43155969209452,22.53736617300253],[-73.75783930732176,22.31558869045695],[-73.8511588178358,22.40871925837567],[-74.08540496396853,22.482043087223563],[-74.49054322068048,22.42290001981418],[-74.83205777367397,22.68067807712486],[-75.25449593296257,22.825698408103516],[-75.72685504768336,22.9011556792681],[-76.01083803241815,22.874188171003084],[-76.49981738664836,22.892389702871846],[-76.59095216106445,23.050097366370355],[-77.0450346088801,23.180309165098596],[-77.3375897390405,23.136808617773948],[-77.59586065277426,23.358822306503853],[-77.89333862098123,23.336548625043648],[-78.08515163743091,23.200335383185376],[-78.695738046071,22.9958788884602],[-79.16230853676163,22.646930087818074],[-79.65851521922863,22.21581751709804],[-80.07032767028595,21.886317238787154],[-80.29671748554557,21.920166664339465],[-80.37180204592988,21.529677890501393],[-80.29071796358178,21.431467786346648],[-80.57186030105537,21.1754157974229],[-80.52558353749262,20.685924165868755],[-80.28293727081483,20.251556797198646],[-80.1063756837161,19.64126397416028],[-79.81082103897467,19.287572324419973],[-79.90639457359197,18.747494545842883],[-80.00774115490168,18.789742316109795],[-80.07608315551087,18.24255217876296],[-80.28223955377457,17.813309918615932],[-80.61473170314727,17.506754055279828],[-80.92279451796574,17.14877182217694],[-80.98067117248199,16.640008434380757],[-80.28971150894516,15.867520368795663],[-80.1989016269566,15.45685899729239],[-79.85654959292194,15.431587962029955],[-78.99077336882868,15.208822863653607],[-78.54092304507878,14.622635674084718],[-78.55328723732283,14.003986193856917],[-78.34278798249092,13.915865958079223],[-78.46630958687116,13.153303393868597],[-78.2387092402913,12.777745275069284],[-78.23281730707755,12.768023131025574],[-79.15608641904504,12.726164047406916],[-78.56030833977012,12.753175374998486],[-78.55767910204025,12.67158529101966],[-79.06789359318023,11.237723984440814],[-80.6173101417387,8.447142899262435],[-81.45652929204748,6.962651230379999],[-82.44735423633831,5.313766710107433],[-83.26308283367729,4.051922857113221],[-84.71705082357006,1.9118501799786927],[-85.2397043935639,0.6377925707845732],[-85.35923885382076,-1.0365911794435587],[-85.03506970885726,-2.550407223360192],[-83.932876259588,-5.409710497216491],[-83.71297636885231,-6.998080993346214],[-84.16933150761984,-8.914391551026922],[-85.1583800627642,-10.523163052747417],[-85.64097429576539,-11.075668994505738],[-86.29731176792511,-11.290328158094306],[-86.31727170012411,-11.322560165358992],[-86.45395692174904,-11.498745899139898],[-86.60875445718455,-11.660123245434093],[-86.78012754187537,-11.805051321363077],[-86.96636328864166,-11.932050798870423],[-87.1655889862142,-12.039819579132455],[-87.37579050025172,-12.127246864298053],[-87.59483262574534,-12.193425432341337]],[[-27.438224180959786,14.300698761540998],[-27.444597363269285,14.302320660838166],[-28.223046672221656,13.65614904637087],[-28.384798579506317,13.532564571500142],[-28.557024582442367,13.423789789415522],[-29.146264626408065,13.085110523944152],[-29.314418382522245,12.996921965919359],[-29.489388024846694,12.922913548550092],[-29.66998396648215,12.863585144213507],[-29.71557802384459,12.850658502105125],[-29.844157939021702,12.722382961458004],[-30.031917634191384,12.55447847517927],[-30.237025120109895,12.408322522541214],[-30.307410694983215,12.363778621437513],[-30.426507450433412,12.10616256376634],[-30.504367167423048,11.952843640390334],[-30.703806008104003,11.593173927797402],[-30.58879266644137,11.638265328516347],[-30.372609698790594,11.698483630962166],[-30.15123666905855,11.736348232137967],[-29.926932472460162,11.751471979078632],[-29.701988217471953,11.743702043891448],[-29.478701127674977,11.713121613711529],[-29.25934838549726,11.660048790530148],[-29.046161355346985,11.585032724997843],[-28.84130060908128,11.488847059129357],[-28.646832147614983,11.372480800649456],[-28.464705170666477,11.237126794708152],[-28.309081267497422,11.095428430488502],[-28.219589982161207,11.174812974865954],[-28.061739985528803,11.289025768781686],[-28.04678679733596,11.340815356494543],[-27.962259862075417,11.551031133588593],[-27.822372371171184,11.852597736842895],[-27.714976286975748,12.055245924584266],[-27.58718677421926,12.245379761855736],[-27.440292349697533,12.420990639014867],[-27.275795424253943,12.580217229307088],[-27.095397697178793,12.721366942865131],[-26.90098266075184,12.842935700383775],[-26.694595359651885,12.943625709885367],[-26.478419626666533,13.022360948629427],[-26.254753092543773,13.078300080684464],[-26.025980339537554,13.110846578754312],[-26.0026390174751,13.11175435777594],[-25.93908989621335,13.156672426837241],[-25.951477777498983,13.22670649728144],[-25.968723106567566,13.442471474670363],[-25.965202893614823,13.658415738189428],[-25.95604146869412,13.739215612634547],[-26.355336730458273,14.281160986663906],[-26.54355640242589,14.247176139683948],[-26.767622822540325,14.22853964328808],[-26.992808159458022,14.231293970945881],[-27.21703298116139,14.255419168343503],[-27.438224180959786,14.300698761540998]]],[[[9.43031062083381,15.921546050715031],[9.191732429349923,16.060472232391714],[8.92128722608747,16.536895988283437],[9.015493354886003,16.64319627140737],[9.4432646173299,16.68656760885747],[9.859710098234281,16.519831923824853],[9.85971009823429,16.519831923824867],[10.206679764920048,16.372083483169675],[10.079282875891936,16.073205609142025],[9.488996362224025,15.936309283146402],[9.43031062083381,15.921546050715031]]],[[[-70.86825116053144,17.387535152547695],[-70.64244672640675,17.250620933533277],[-70.61270193675247,16.846912870685752],[-70.61299717811046,16.845830976607353],[-71.19860851724707,16.161052920987828],[-71.38512974661973,15.97970115422195],[-71.37955402811357,16.06458770588918],[-71.52473779816282,16.368179530986474],[-71.30475786683259,16.88330550855205],[-70.86825116053144,17.387535152547695]]],[[[-68.96377912989699,26.092233449854593],[-68.95487882669488,26.06320231686673],[-69.53844035996534,26.324044454261415],[-69.21124285412539,26.518738897152033],[-69.20040618679825,26.632232191978492],[-69.20040618679823,26.63223219197847],[-69.19982742132147,26.63829364970407],[-68.96377912989699,26.092233449854593]]],[[[8.76275673222698,28.497934118673054],[8.845519441568227,28.87760228524179],[9.23564538590173,28.9289324411988],[9.521827175092984,28.645245536958942],[9.742607103598417,28.28776375668569],[9.153984374417908,28.288426958512236],[8.76275673222698,28.497934118673054]]],[[[49.00404812483085,22.200126164158167],[51.316510438456746,21.350560367345626],[52.33825858756022,20.771053188927077],[53.102868501893,19.93908473476398],[53.35654265745496,19.1477349824936],[53.34429469921006,17.621319104498106],[53.52173301616169,16.85027732637155],[54.07765767205231,16.051824997385772],[54.8275919104768,15.482746372311533],[56.513594287788514,14.544585282623235],[56.90712733120683,14.194819674081979],[56.41837816970725,14.118575659770213],[55.21034178809789,14.33121744053456],[52.06062652611547,14.962838236348093],[50.40376546802009,15.375646659252856],[48.583845407529836,16.02769363809165],[47.20058074917914,16.70082884248852],[44.84095514867027,18.015758567158613],[43.775107594668405,18.67658492121833],[42.963731924888975,19.426263733695837],[42.681763180122196,20.037934160467326],[42.64325816121531,21.142163398390768],[42.790106339741556,21.66681415090051],[43.28485842183838,22.13508044919293],[43.96766941135363,22.386232445061207],[45.52775550474018,22.65187463418283],[46.485366928725426,22.685844565928452],[47.791144570659746,22.52097677701914],[49.00404812483085,22.200126164158167]]],[[[9.98063086221529,20.75900119174237],[9.017492339870227,21.342278939383593],[8.626321073865547,22.5067236470691],[9.213000393035449,22.756594448932074],[9.93307631085879,22.578779885438532],[10.385672911789655,23.46272676283827],[10.65272530322001,23.57831927486462],[11.038090353221943,23.375145035632602],[11.188244688257816,22.916378486982396],[11.585880261482798,22.395406614735744],[11.452693593216841,21.969024128003586],[11.765178421134427,21.621541663393494],[12.274611810491805,21.49694161457795],[12.288373843283546,21.081248708816638],[12.001841765396382,20.808522972592275],[12.57890991034375,20.756025306042762],[12.677008777621936,21.253572702473324],[13.135984415828455,21.486136887970005],[10.884891984081456,18.11159712327388],[10.48098555429227,19.223716457716346],[10.044291147242767,20.5685180186436],[10.376917059717115,21.107788364939672],[10.23811489154196,21.45088938310472],[9.98063086221529,20.75900119174237]]],[[[9.817783788752177,24.526254420880598],[9.560709513678486,24.90663067990575],[9.156253212126304,25.192633291280057],[9.237383184135469,25.281261712229732],[9.675854314475464,25.35404263061475],[9.938140729410735,25.022877706888586],[10.035139112595873,24.789489515422652],[10.460238392339221,24.685907261355172],[10.528170534443149,24.562086616124112],[10.333280778597995,24.22880491982742],[10.141905683989322,24.512861993702604],[9.817783788752177,24.526254420880598]]],[[[130.18337372676464,-68.23906503989575],[128.9352905116439,-67.42596884766904],[128.0473615529787,-65.09962805041121],[128.29163739832353,-63.79608455965856],[129.6791877064236,-62.207535208362216],[131.61839641184665,-60.84276116687814],[135.71047707231128,-58.26195531966538],[137.69881416856532,-57.11042722016717],[139.87083057130616,-56.27431414909144],[141.57538438502147,-56.03025200968545],[144.58509045475137,-56.09466547345005],[145.844605267562,-56.36691564072637],[146.65314836512442,-57.181588341745],[146.74687735691867,-58.284158019658456],[146.19052237178042,-60.79195830348947],[145.47477749519746,-62.19605291556082],[143.77035491421978,-63.88196529593268],[141.51194847761693,-65.26234296117364],[135.90447478803603,-67.60464906954394],[132.88434812314046,-68.32053429829803],[130.18337372676464,-68.23906503989575]]],[[[171.83729833565903,-8.509500757837044],[171.87021423034318,-8.04915971765974],[171.88302679915023,-7.631527615626221],[171.87059975188822,-7.256166576032083],[171.82886736507746,-6.921309967582712],[171.75497643312497,-6.623998455786307],[171.64738165512048,-6.360257729545209],[171.50588917583315,-6.125309163300642],[171.3316451541707,-5.913803328584633],[171.1270686380639,-5.720065407697967],[170.89573054857883,-5.538341220631244],[170.64218308858804,-5.3630327674927205],[170.37174626890518,-5.188912906262204],[170.0902603678107,-5.011310000838558],[169.8038148920336,-4.826255031255657],[169.518465879769,-4.630585670698768],[169.23995408856715,-4.422004088153399],[168.97343668463768,-4.199087596193854],[168.72324448223148,-3.961253588719094],[168.49267561084173,-3.7086823711159864],[168.2838348005392,-3.4422033677123443],[168.0975253930833,-3.1631517248530625],[167.93319884513733,-2.8732034744829065],[167.78896402215503,-2.574198174279251],[167.66165610037882,-2.2679583061827224],[167.54696248770895,-1.956114712264369],[167.439600907134,-1.6399469897594732],[167.3335427103586,-1.3202470651988614],[167.22227265256717,-0.9972131283361726],[167.09907481547992,-0.6703797430183009],[166.9573331765671,-0.3385882915743332],[166.7908345537364,2.2455206147220376e-14],[166.59406136988775,0.34784829507284026],[166.36246192978044,0.7079476470291168],[166.0926867090149,1.0836839233854922],[165.78278051775445,1.4786743158967892],[165.43232228170996,1.8965813498300468],[165.04250650477852,2.3409136893055975],[164.6161631293489,2.814823952307986],[164.1577153441771,3.3209141155782613],[163.67307772893886,3.8610588486710467],[163.1694997747069,4.436256247283716],[162.65536208838736,5.046513966287301],[162.1399343123622,5.690776767525761],[161.63310485990692,6.366899139374146],[161.145092952948,7.071664105571439],[160.68615321133154,7.800846838240164],[160.26628232426467,8.54931943929827],[159.89493633416913,9.311191434242817],[159.5807659976273,10.07997924580396],[159.3313767468307,10.848797212395695],[159.15311907947472,11.610562532509743],[159.09320422359536,12.048851284213386],[159.23408858385486,12.058427890048005],[159.43964039551133,12.0536158872543],[159.62152227038607,12.215193392156822],[159.73631856122134,12.32217194233092],[159.7407553005913,12.355182730197075],[159.79067726245955,12.563289488529723],[159.86146736912926,12.765129884826],[159.95251127354672,12.958822044430953],[160.06300301257667,13.142555129802203],[160.191950505558,13.314606124915848],[160.33818292267839,13.473356043579257],[160.50035995251395,13.617305408886835],[160.67698297213389,13.745088844837818],[160.86640809329165,13.855488617638036],[161.06686101978923,13.947446961284696],[161.27645361077248,14.020077027856855],[161.69124514341996,14.141894760244414],[161.86889955487314,14.18657985622458],[162.0502355956565,14.217428243363484],[162.06889001184854,14.219862419736728],[162.12305066290492,14.26331086134981],[162.46696034455454,14.517639045106431],[162.65355538457482,14.641534696025687],[162.85276413137737,14.74666032255272],[163.06262498463414,14.83195907920584],[163.28106019150874,14.89656754308723],[163.50589710668666,14.939825415068238],[163.73489091651197,14.961283198861251],[163.96574852879635,14.960707720855611],[164.1268384714573,14.94490005546662],[164.13244289978536,14.946603783725584],[164.34729465456664,14.98873217233505],[164.36830469714613,15.00677503430535],[164.4906714873392,15.099944977590305],[164.6150250795928,15.240079245245797],[164.75107146166874,15.380113458810321],[164.89969970340658,15.507844304470625],[165.05979775555997,15.62229351153606],[165.4036501154977,15.845699990793085],[165.57904547817188,15.948621014665566],[165.76388376286064,16.035724454477418],[166.13514894424893,16.19069263196178],[166.3265896897044,16.260787630232137],[166.5243307222948,16.314012166636157],[166.7267890150839,16.34993039660328],[167.08184332923142,16.3970646761167],[167.4087414436964,16.459591299960756],[167.64060637811116,16.49211826625677],[167.8753917075339,16.50174300443188],[168.11065127931724,16.488350323673156],[168.34393087561614,16.45206360287791],[168.71924198940613,16.3746829569473],[168.93548737835772,16.319533097507314],[169.14574520548095,16.244749103113676],[169.34805992233726,16.151012562070928],[169.5405544239764,16.03918112683839],[169.72144865606654,15.910280335626277],[169.88907695455936,15.765493771352396],[170.04190392020604,15.606151679707208],[170.17853866362293,15.433718185496474],[170.41056892466486,15.109899159871205],[170.54846927131103,14.89227103910224],[170.66053746706294,14.661484772112386],[170.74540657676513,14.420471591502217],[170.80588128449375,14.211096916598208],[170.92524248971498,13.951652382381692],[171.07715267451235,13.63185175239604],[171.10033098050735,13.58137857985739],[171.27664560765544,13.183777405945463],[171.35316539515372,12.986219430840785],[171.41057394574722,12.782873862717068],[171.44840392041073,12.575517400896032],[171.4663610262742,12.365959826010032],[171.46432526313006,12.156028028276873],[171.44235066569576,11.947549968246697],[171.40825296324158,11.77968051392291],[171.42070941654868,11.635121033395572],[171.418565875847,11.446773509732077],[171.51769620806522,11.177826982219665],[171.5689253727888,11.021081064376407],[171.57359814419328,11.004771078969263],[171.65612108479075,10.899635260234838],[171.80838993895048,10.745953215121695],[171.87084821373335,10.716818718722704],[171.88920760788764,10.70715729187363],[172.0008462807016,10.70718681392629],[172.22134998910045,10.686089756862927],[172.43895272393829,10.644019262202038],[172.65157726659723,10.581367362378385],[172.8571953410814,10.498722355458481],[173.05384807436045,10.396863163224802],[173.23966558926088,10.276751765287054],[173.5991289338317,10.018818792993308],[173.77998361599427,9.874538660318136],[173.9451224816363,9.712970495326573],[174.0928386777441,9.535792460214767],[174.22161269620827,9.344844455340574],[174.33012755139765,9.142108504440031],[174.4172815323001,8.929687724448042],[174.4821984675167,8.709784121529477],[174.52423548181415,8.484675464923216],[174.54298824692088,8.256691483966847],[174.53829375797713,8.02818963685426],[174.5102306805454,7.801530694240699],[174.48496967616964,7.691561711921074],[174.55331210190826,7.655658674287626],[174.79524144973763,7.513157471805616],[174.8991741706985,7.467954821465458],[175.0781025859419,7.415056890762494],[175.38599536983415,7.337460547258869],[175.40502212674383,7.332574991988008],[175.60344816999267,7.280691241599154],[175.85730017786724,7.251717330206703],[176.08990094896393,7.212846746676419],[176.1701640685529,7.190700489645007],[176.28363744926267,7.318859798273002],[176.44102948561763,7.465509001786535],[176.61187771362435,7.596509103984017],[176.79462518147426,7.71065735061954],[176.93411480392803,7.780231154271796],[176.89972233497718,7.841540130461426],[176.8100440922262,8.046583134085019],[176.74109170388905,8.259385682306549],[176.73466420500222,8.288949585105069],[176.5913908013135,8.38813620757608],[176.41706681454372,8.53666335982212],[176.10426751870108,8.831175020439868],[175.9583450862441,8.98160911224239],[175.8268433488337,9.14469060391674],[175.7108845396888,9.31903531692854],[175.53279853918565,9.615159850282973],[175.48766034139163,9.67092979036702],[175.34472519874436,9.868066873807837],[175.2236531381609,10.079107001151831],[175.12585113026628,10.301635290848717],[175.05246747470684,10.533104539776442],[175.00407154475639,10.77295876647567],[174.98201975418172,11.016415076120708],[174.9866165582543,11.26063223030722],[175.0153112967631,11.651101049996413],[175.04231433079858,11.870033035612673],[175.09086289206718,12.085170157342953],[175.16053307868387,12.29445524671105],[175.2506971019186,12.495883975890575],[175.36052754954522,12.687524048652989],[175.48900364489515,12.86753386221521],[175.63491953579077,13.034180459124977],[175.77278026737034,13.163281738728962],[175.77284399396504,13.165497827583584],[175.80115337053343,13.385002989348537],[175.8511614676101,13.60059524159733],[175.92243378159952,13.810205070575735],[176.01432916186252,14.011816991521814],[176.12600404440533,14.203488977281017],[176.25641875026275,14.383371350063014],[176.40434588636188,14.5497249501303],[176.5683808619407,14.700938392902723],[176.74695449682062,14.835544221356097],[176.9383476664328,14.952233767137974],[177.1407078772422,15.049870535103532],[177.35206762953928,15.127501937379924],[177.57036437103628,15.184369218696995],[177.79346180534225,15.21991543127848],[178.01917227762408,15.233791342741505],[178.24527992579056,15.225859187910766],[178.4695642636848,15.19619420424606],[178.68982384570913,15.145083927028617],[178.72543173377574,15.133104280540076],[178.751486931421,15.138391343544088],[178.76729333221041,15.195016295411813],[178.83850380449618,15.407966529707892],[178.93092670851598,15.612955060049382],[179.04369944480442,15.807965078096558],[179.17575244078705,15.99107451755595],[179.32581790412527,16.16047542636713],[179.49244090147133,16.314492365993768],[179.67399273917388,16.45159962575636],[179.86868658359217,16.570437043797423],[179.99999988798075,16.6338324749029],[180.0,-3.2840693479524674],[179.99999992736736,-18.11149550134538],[179.5074348005811,-18.174890820129654],[179.01001460282586,-18.2462047160645],[178.50686413651326,-18.319085448337066],[177.99792616454738,-18.386326845599243],[177.48405261528725,-18.440153861173485],[176.9670478636764,-18.472534619160943],[176.4496593705037,-18.475506079075604],[175.93551340900146,-18.44149968481268],[175.42899667794316,-18.36365321245309],[174.93508805711105,-18.236095561080553],[174.45914831336165,-18.054192457656143],[174.00667882142235,-17.81474292619745],[173.58306289461768,-17.516118789937103],[173.19330475277846,-17.15834225834228],[172.8417812595534,-16.743099585211095],[172.53202032096843,-16.27369165000554],[172.26651745581557,-15.754924922760956],[172.04659890874714,-15.192948492595434],[171.87233624986146,-14.595044611798563],[171.74251414300684,-13.969381538267521],[171.65465021090122,-13.32473839980887],[171.60506385430168,-12.670212421177764],[171.58898949715268,-12.014919203214527],[171.6007288936133,-11.367696846971784],[171.63383663312655,-10.73682456230094],[171.6813325959304,-10.129765949841204],[171.73593467529437,-9.552946346742026],[171.79030451536713,-9.011572439171168],[171.83729833565903,-8.509500757837044]]],[[[111.20211083803176,28.488994834123165],[111.38117877928579,28.633893839733606],[111.57562088487009,28.76278222166977],[111.78363695144786,28.87443136477457],[112.0032775758218,28.967772527723728],[112.2324637693054,29.041908681661795],[112.46900880595302,29.096124608198906],[112.71064199329065,29.129895073423377],[112.90024010585775,29.14000657451881],[113.01575933998176,29.19096092725516],[113.24671041154997,29.268960970287406],[113.39823349593503,29.305626251035388],[113.47637257184053,29.42527984899244],[113.61968936195973,29.602038928792346],[113.78224457755192,29.765701385590244],[113.96255852170736,29.914693572669947],[114.15895856337636,30.047576367636147],[114.36959417297292,30.163060835631274],[114.59245484163912,30.26002251589021],[114.82539072229065,30.33751409216975],[115.06613574121369,30.394776223263726],[115.31233284225124,30.431246333643998],[115.56156094669497,30.446565195896895],[115.81136314589638,30.440581175173847],[116.16723098991477,30.416469985513608],[116.27192284112832,30.475879376523128],[116.79868028865982,30.7849388728515],[117.07652279332535,30.925888706349212],[118.1979657941794,31.409618790251127],[118.44982612587881,31.502933665811824],[118.71190146687262,31.572709507660644],[118.98116725928297,31.618143208976818],[119.25449969694849,31.638712518440112],[120.24193936610246,31.664851024548643],[120.47420537888081,31.661345016650383],[120.70499557577253,31.63988269012941],[120.93238746648544,31.600645694977985],[121.58007453539045,31.46110075010735],[121.91059823883619,31.367160292835617],[122.2727615217554,31.41840547164315],[122.54316715342478,31.443879351330764],[122.8149527550152,31.444729016815444],[123.08500906983392,31.420953677826212],[123.35025205962398,31.372832968192537],[123.60766499711187,31.300922750357767],[124.57025234782625,30.979086460392566],[124.77342409646793,30.901412950256585],[124.96762838432858,30.808765726631812],[125.15139895343803,30.701860418291886],[125.49466256073907,30.481799875267],[125.13273816744635,29.253233302712605],[123.61088139895509,26.213796018576566],[123.20854851005058,24.592734178664603],[123.41065577454422,22.8306687538356],[124.1207242141535,21.533421757423174],[126.02703122967141,19.432205319517056],[127.02429615505957,18.188374228128442],[128.11871349753525,16.543895282360154],[128.95709153785032,15.054470713033627],[129.73062030026242,13.592993661424087],[129.5612826479395,13.555672059149977],[129.331529877336,13.527629242359449],[129.09984671562484,13.521549722863762],[129.02343458067136,13.523163589076042],[129.00033752298535,13.48193299984226],[128.87661875731024,13.304273472581396],[128.73599001461375,13.138920811203853],[128.694832739372,13.099044109965746],[128.64344462701752,12.929361714784973],[128.55804874121034,12.72462907103509],[128.45237683016987,12.52919141402195],[128.32748635256777,12.344924921228765],[128.18461002175997,12.173595693574148],[128.0251437177905,12.01684388116831],[127.99786218491539,11.994880689608646],[127.94642742677338,11.900729747087023],[127.82272284030903,11.719466333639575],[127.68161184793708,11.550878919405926],[127.16207604784059,10.985579921090336],[127.01046174701341,10.834792708192468],[126.8450088583754,10.69875529075311],[126.66718467688372,10.57866464111131],[126.47855955631543,10.475577588139625],[126.28079388742572,10.390402009020503],[126.07562443676511,10.32388921558716],[125.86485012613485,10.276627595018182],[125.6503173392357,10.249037558151876],[125.43390484866116,10.241367841055098],[125.33587167455303,10.246980229748765],[125.18177205708085,10.112556453751411],[125.00872089507531,9.975657772983073],[124.82296659238699,9.856018441026748],[124.79502521997023,9.841654867800843],[124.78291270598275,9.788650962850475],[124.71452338376545,9.583647273257048],[124.62662674854458,9.386223463284784],[124.52006130227662,9.198180549475609],[124.39582937900688,9.021230982517341],[124.24361952013922,8.824966027745552],[124.22195492832344,8.30857633678389],[124.40650645993657,7.510170883307484],[124.657110871787,6.556362442532313],[124.70466353364151,6.328723529232193],[124.72876122362618,6.097701644374915],[124.72919865268605,5.865731782008752],[124.70601737845448,5.635252353707565],[124.69301169123618,5.549911484473251],[124.82911720139504,5.27768054894645],[124.88423673614744,5.151570793501983],[124.94032646539972,5.109496565758821],[125.33546333933705,4.785243362178368],[125.5038121729719,4.632311165144752],[125.65638395983545,4.463369620350692],[125.79166710528266,4.280137769263291],[125.90833027395911,4.084474455755017],[126.00523441776541,3.8783587268977353],[126.08144263428065,3.66386925663102],[126.13087823062203,3.464714365002708],[125.96641372858619,3.3645129687750703],[123.95528522018645,2.6357520574718216],[119.77454252822864,1.5504138639427674],[117.56330956087801,1.210414623866436],[117.56330956087801,1.2104146238664346],[117.41949631392708,1.18830189517697],[114.52529187033453,1.2605008867876368],[112.05754325397497,1.7743628617051517],[107.55829944241215,3.308226026803877],[105.60163521745703,4.46555587994377],[104.71776914621451,5.689930055383043],[104.77347189356495,5.569566968439964],[104.90338812184433,5.196577618455645],[104.90896620192952,5.181866237633703],[104.9171908575336,5.156949979315222],[105.03706276234657,4.8127978710703525],[105.02918205308318,4.817677225289597],[104.73769753419072,4.99815034890968],[104.5783801466288,5.48866695734953],[104.29813605096318,5.510773125448866],[104.42628877386302,5.9334169993267825],[104.17411795531592,5.9571767144283365],[104.04173169393155,6.387546931253863],[103.91961540967502,6.860379141155349],[104.02565175347422,7.013732141864721],[104.02739426749294,7.016252218887141],[104.16737366529831,6.778505528872114],[103.91995388162334,8.351883944004083],[104.40470278051548,12.403257049117197],[104.81834052887802,14.502233614239502],[105.53642562504778,16.747180553562494],[106.31756535948581,18.384405606003742],[107.97643799067245,21.02450267995312],[108.6751288586026,22.497060107383234],[109.0662499059686,24.31112770389648],[109.00793394621881,25.87490126570924],[108.78891773378402,26.985829127600248],[109.25296257643771,27.049969313483444],[109.48952972160262,27.07170152505335],[109.67503497738916,27.072839258643203],[109.71075128984788,27.11697963223757],[109.83061450604895,27.253362476134665],[109.9622556924887,27.38093807782546],[110.12226711800398,27.523355487828862],[110.12226711800398,27.523355487828866],[110.60336389774862,27.951553393769412],[111.20211083803176,28.488994834123165]]],[[[136.2293041235643,30.063254330015916],[136.79805266099606,31.72121608008675],[137.39087369195582,32.51832965257113],[138.57196794345455,33.23454199664977],[139.9391514082158,33.6083522131043],[142.84507841353522,33.927362586324946],[144.22199428273137,33.84837657383627],[145.43741189170635,33.38842700532981],[146.0903010228118,32.7280276008841],[146.85437323459453,31.232475485652646],[147.02309733421467,30.44665060056661],[146.77235878184902,29.572148638324627],[146.1938477937951,28.887414568209994],[144.74023629399323,27.662823675325573],[143.8171000145251,27.199553132392822],[142.45280725181692,27.05044952908254],[141.08298998102254,27.260710519412232],[138.29991759524296,28.004405954480266],[137.0999010571345,28.485837443335512],[136.3169268556346,29.252811948142075],[136.2293041235643,30.063254330015916]]],[[[73.33838836106995,-2.3555801875772753],[73.11332218665312,-2.3525990706433113],[72.89346508297183,-2.3268701939777165],[72.68106117066559,-2.2786383328180424],[72.47828341417528,-2.2083838118695494],[72.28720954221177,-2.1168176347111767],[72.1097989710605,-2.004873845385977],[71.956406730216,-1.8806303912027065],[71.8872020474763,-1.8761372657696538],[71.62906406706085,-1.8431657233751242],[71.38172230342973,-1.7788415071681167],[70.4671027286833,-1.4708552838327698],[70.27184485520507,-1.3916018766730816],[70.0886759644093,-1.2917631654649016],[69.91943289367396,-1.1723368869206656],[69.76581244653332,-1.0345202259149333],[69.62935320263689,-0.8796967804547376],[69.53653852933354,-0.7457594260056095],[69.50219779768395,-0.7838280568327849],[69.32705543801764,-0.9474597887404528],[69.24854212648667,-1.0090897674625428],[68.80651267444402,0.132283192625347],[68.56415720936661,0.9725389077942117],[69.89079971650942,0.38366934190743257],[72.1305493588737,-0.8531834206387411],[74.13567704333764,-2.323011706927292],[73.33838836106995,-2.3555801875772753]]],[[[91.11860611205633,-15.741969751601697],[91.12648864587797,-15.627135310712697],[91.84924350245059,-15.452842813722363],[92.42416391617242,-15.099200957699404],[92.50727842853311,-14.36469403658834],[93.1538404297249,-13.871179971680984],[94.28604232817213,-14.07427512072803],[94.25844047173965,-14.103150480596895],[94.07152791611857,-14.281993280397367],[93.87649044871898,-14.45264923699826],[93.67369558358986,-14.61477589593954],[93.46352923069846,-14.768046823931577],[93.24639503049715,-14.912152414912024],[93.02271361210762,-15.046800668205567],[92.79292177507676,-15.171717934921634],[92.55747159543407,-15.286649628699443],[92.31682945758511,-15.391360896928683],[92.07147501440598,-15.485637248641478],[91.8219000787367,-15.569285135386862],[91.56860745029967,-15.642132481564413],[91.31210968286929,-15.704029160907817],[91.11860611205633,-15.741969751601697]]],[[[87.27185488537582,-8.620284983908181],[87.08432266719134,-8.192596834510644],[86.87432333255195,-6.994068241053291],[86.0830052849863,-6.27249557627257],[85.71462292259763,-5.984191457993879],[85.71251745531984,-5.9825436731131045],[85.78210791875962,-5.911709259616233],[85.84674067692592,-5.842290504848022],[85.91777466393408,-5.779418672465375],[86.03508371061119,-5.669840251245676],[86.22895309141232,-5.503732557695391],[86.2315867105373,-5.501665174109385],[86.27692082069679,-5.461540176270865],[86.3538803609399,-5.405665003425273],[86.42977511874734,-5.346087832578232],[86.6371778234062,-5.197198220976476],[86.67623594434215,-5.171624182970189],[86.74182756902383,-5.124002492992117],[86.81169507501009,-5.0829297738949855],[86.85077762420055,-5.057339741030413],[87.07017994710394,-4.926771768705108],[87.15518195235121,-4.881005577125246],[87.23710960292645,-4.832843111171095],[87.29196489204028,-4.8073598530690065],[87.29497987130874,-4.805736548790382],[87.52476280195657,-4.694458733793584],[87.67229770687223,-4.630674624686632],[87.75814240558147,-4.590795104420795],[87.84739325226685,-4.5593944658117005],[87.9975751513927,-4.501983408947949],[88.23973342537151,-4.42114351600413],[88.24305327770483,-4.420191557018747],[88.30006723145766,-4.400132648627892],[88.39223258665359,-4.377414779822133],[88.48513393556902,-4.3507755606715355],[88.73332468707586,-4.291010406894158],[88.77925478212413,-4.28201755118967],[88.85783335260142,-4.262648693431208],[88.91408302905751,-4.254433886552951],[88.69135337878771,-4.008154657442708],[88.1415051653775,-3.2653166282530757],[87.6669722219165,-2.4726584817426445],[87.49762982084326,-2.114771592463339],[87.4988616869245,-2.1138208898065423],[87.710983443732,-1.950114200554751],[88.17110318792201,-2.123291747766574],[89.09764255089159,-1.0031283396540285],[89.21518596837804,-2.18793657711696],[89.39720206706345,-2.2768623980033325],[89.20600312225447,-1.151202774472433],[88.83325986434228,0.7226735349250858],[88.6906208601513,0.8855479941715343],[88.76248414422086,1.075782010822539],[88.67745190140452,1.4988078329743417],[88.9429008598295,1.5534320279833638],[89.5999229949943,1.6880707545598856],[89.77320691695648,1.7234450503098229],[90.26356632062078,1.8232361869238458],[90.60163736785363,0.1234315952766161],[91.40909384568799,0.9356224214329535],[90.95627916462846,1.4756152948790588],[90.87092547555251,1.94619086305044],[91.32120412526422,2.0368761519642877],[91.28610113950576,2.213435735255099],[90.83874167294908,2.123320083326437],[90.61672054625961,3.3403717353636178],[91.07795533466151,3.2578238709324236],[90.93208131859085,2.822342389922832],[91.51817639085223,2.3876924269638655],[91.90514250383009,1.507440219201754],[93.18897832830864,2.4507760746366727],[93.53226949848586,2.267584684438426],[94.69084317994363,3.1603630914719645],[95.34870156111619,3.148591207093483],[95.64048747951621,2.6158062159397817],[95.28693714198648,2.226889861806099],[94.46918480589407,2.7113123271021906],[94.8535542194467,1.7320045404307676],[94.57609210144919,1.4847174336332765],[94.19014497883124,1.6148455239142843],[93.6025468789115,0.8964070197864218],[92.62802084977655,0.971366451525036],[92.9316452799863,0.30505316514473224],[94.09767366058355,0.3890501823077257],[95.52839630298162,0.4287132160692971],[95.67343569658065,-0.20245996814676648],[95.38020453784998,-0.6303055245501992],[94.45949858262567,-0.34534493616528533],[93.4945450671612,-0.5002327012765787],[93.48747206730992,-0.9199491464233251],[92.80264629470095,-1.2307575613124977],[92.14732295499958,-0.818451198822238],[91.35324138817627,-0.6764173130071026],[90.71782413434619,-0.46414888017166267],[90.79185393679592,-0.839351065410579],[90.79572238044126,-0.8604326076155879],[91.05318304136496,-2.3806115182251015],[90.37976507328055,-2.498335901712879],[88.40075436410079,-2.848334411109314],[88.43074387674854,-3.0261007281985175],[90.88648799050013,-2.5928620443446295],[91.08321793105154,-2.5585550303534506],[91.15158415926952,-2.9640167697575026],[91.49034486942057,-3.438790676991111],[92.48806321885648,-3.462943493929308],[94.02178179468541,-3.8424590123244355],[93.66593941198235,-3.9909856611498484],[94.12347792644454,-5.121974742995478],[93.51201630158404,-5.521024658523298],[93.45964589426696,-6.233037837501365],[93.14045586550506,-6.732972383570054],[93.51190808453553,-7.917167448473389],[93.02605474389142,-8.285301402339439],[93.08695458844834,-8.938980331616191],[92.97718918643874,-9.763213089938539],[91.61708214554811,-9.925188858642352],[91.33698165559935,-10.425275426690103],[90.46796133827816,-10.90777108859902],[90.00000000000001,-10.980906173072015],[90.00000000000001,-10.981245534946165],[89.57678223332856,-11.047048532673507],[88.63327841841772,-10.927828991697151],[87.96045891195394,-10.330332627533833],[88.31258923790676,-9.599777558501536],[88.12717663560382,-8.82650398334741],[87.27185488537582,-8.620284983908181]]],[[[88.64193031922463,1.6751246044337282],[88.20257409001722,3.8354122610975394],[88.19056262484577,3.9128542351023854],[88.18611742423502,3.9911122017124008],[88.1892827982218,4.069452464437962],[88.200031821232,4.147140242499134],[88.21826647907297,4.223446540233952],[88.24381847574556,4.297654975402305],[88.48012349227758,4.888944740285034],[88.3503000652813,5.063900374503761],[88.57420662184951,5.238887039241449],[88.60891194516883,5.211057373288872],[89.11323057668046,6.470941477107487],[90.62537184448036,5.871176827815027],[89.84084586691884,3.924738374047759],[90.22828443574996,1.9997086276161118],[89.5944265010775,1.8705894566478214],[88.99454033521944,1.747683308177239],[88.7321360088633,1.6937087603518455],[88.64193031922463,1.6751246044337282]]],[[[73.58637638095287,2.3022998326452284],[72.89230455202586,3.211650201821783],[72.63099692383125,4.238299995393317],[72.89162068367834,5.047594706185399],[73.93527215197162,6.4598445443689325],[74.64197393717168,7.022672099782134],[75.72215924796758,7.2902542137297],[76.8151174369081,7.168028863608823],[79.00804740666905,6.519240726989131],[80.0235446209867,6.06755490543592],[80.87960778726341,5.371629396662482],[81.29091566576268,4.66581956104002],[81.66653978929712,3.2454419469077926],[81.63202204040252,2.493205669200544],[81.15625861293411,1.660038225600575],[80.39844775053429,1.0254343122948957],[78.59999729463034,-0.039210846860303766],[77.59981258470968,-0.31253505414394867],[76.3999872354082,-0.07775687864922409],[75.39923363949244,0.5806248279788121],[73.58637638095287,2.3022998326452284]]],[[[88.99657853065776,8.353865912147212],[89.25717983801724,8.644788834908232],[89.27638397506558,8.66235490600751],[89.2900441180823,8.661571908908078],[89.73854998710964,8.635863627955388],[89.639977844533,8.120011545387797],[89.76320247169923,8.089608133272835],[90.2429610898372,9.27921467729602],[90.78155672092483,10.848156180972126],[90.9238856184856,10.800689981973765],[92.33996900748505,10.324686546048678],[91.78781354989715,8.737104411158109],[91.77242817613137,8.69630600699506],[90.69282800088806,6.038100947420355],[89.18020495532848,6.638034694006951],[89.5372519809503,7.527709454862672],[88.97978422789419,7.398330180848394],[88.34777428001013,7.553774522388036],[88.34610623213702,7.55418478270777],[88.63809416512929,7.953670992020406],[88.95754830895156,8.310294426302322],[88.98149053393014,8.337930355194038],[88.99657853065776,8.353865912147212]]],[[[93.4674888190237,8.57519049290187],[93.42586382166579,7.884953258423902],[92.87251390373363,8.125793328512037],[92.8399939629957,9.359692045960783],[93.04257132540154,10.086047903260392],[93.37605129767995,9.972224796660573],[93.43595695294049,10.142172453588861],[93.09117185473703,10.259852889835248],[93.14605634415672,10.455910734776092],[93.92828777213089,10.809980918546337],[93.49923309249918,9.972294513018726],[93.40592523534,9.139350784704817],[93.4674888190237,8.57519049290187]]],[[[98.39403961090414,-4.248637953047285],[98.79073125260531,-5.37201434216819],[98.40277668059855,-6.465709307626385],[98.43537759145343,-7.136219757154163],[98.05494222703705,-7.229296219113742],[97.649555495982,-7.309907888805601],[97.24092448215211,-7.3727756324261335],[96.98639826787213,-7.400636540217481],[97.00356434617295,-7.330686296285151],[97.65091585759862,-6.959341655190085],[97.81232534424247,-5.470133997042899],[98.39403961090414,-4.248637953047285]]],[[[98.36618365925024,-1.7208848412847617],[98.28224754830394,-1.1098458895162118],[98.70682118212487,-0.863428495918111],[98.91214073592678,-2.0051152604862743],[99.0509401464125,-2.6884239616605594],[99.04733462580603,-3.21938835192636],[98.46796557894469,-2.8845244923133886],[98.45641990299431,-2.342259840262523],[98.10104971944838,-2.0790445799500104],[98.36618365925024,-1.7208848412847617]]],[[[99.36135434643147,-0.09836265059137263],[99.66618315370842,0.41971130506385046],[99.97057034372908,0.7637905967110334],[100.24036319910277,0.7042107068518948],[100.25878309940043,0.2902980848284478],[99.55949183358997,-1.017861245938612],[99.36135434643147,-0.09836265059137263]]],[[[98.44486682648882,-0.07821409712707467],[98.23759737901882,0.707714733350896],[98.53904611868258,1.3268015553206802],[98.4657401437647,1.9855100333023095],[98.1045006426764,2.8745872819373086],[98.65967924597366,2.7256011706182997],[98.9357735021371,1.2392697166848883],[98.8104255335788,-0.07471694977930646],[98.44486682648882,-0.07821409712707467]]],[[[98.45422300387833,6.573135766694493],[98.33385599882351,6.884485780198909],[98.46561928489467,7.256855365070766],[98.73176510095318,6.888012433645118],[99.15410246115927,5.8509400434828915],[99.42967320608177,5.0201149672152034],[100.16983241004593,4.366527335087576],[100.37980355085965,3.5215441278934425],[100.25829777379836,3.404812005372346],[100.01855608607113,3.4699388566236244],[100.01855615491816,3.469944454980938],[99.91867124977624,3.497080955440075],[99.31209265918697,3.92772404082299],[98.92579460903018,4.908808110956242],[98.69058814897947,5.0281508452027746],[98.47706046726742,5.882558505281983],[98.45422300387833,6.573135766694493]]],[[[93.19467453325682,5.9797938678470945],[93.15277551175808,6.990160445895205],[93.4868687537212,7.235937480408385],[93.8183570573607,6.859807236957414],[93.62843268001092,6.171502104132949],[93.19467453325682,5.9797938678470945]]],[[[97.53302472824045,26.77067166333155],[98.29391425172082,26.94776635949567],[99.10075353777408,27.784232307920604],[100.15008610587685,28.247601688167975],[99.91550339188106,28.356429606323562],[99.59326527651024,28.489479721685047],[99.26401699412406,28.609357088623202],[98.92847214272614,28.715788630048902],[98.58736663815846,28.808530823967992],[98.24145637255121,28.887370637241258],[97.89151470240272,28.952126354833364],[97.81478208520505,28.963102703493707],[99.78265512626271,30.710228602871627],[100.87355129135084,31.257648945498925],[101.82081648904263,30.93574386446696],[102.29278479683003,29.862816529127496],[102.76896074522926,26.9757207070502],[102.77069942887358,26.189534007367786],[102.61499277743448,26.38035218293394],[102.39591700460416,26.62443756467037],[102.16429489069573,26.859445557266756],[101.92053239104912,27.084874970966844],[101.66507002079611,27.30024122878099],[101.44017588632472,27.47297729218101],[101.43973767001502,27.47143414378431],[101.43104773234954,27.44083312990493],[100.64111142710648,26.73408322157434],[99.97819698508665,26.22013939274479],[98.96544868885124,25.77165850735847],[98.39101729892657,24.510578541141086],[98.64675123955038,23.65544677856329],[98.96532674584903,23.031707214333196],[99.77419782776326,23.10994689118566],[100.08930098439934,22.313053531334543],[99.86997254279937,21.772376085213196],[99.7566968741453,20.75571396379969],[98.82947721865233,19.92358777979811],[98.56232041461786,18.92983273841767],[98.85021308024558,18.672338449618962],[98.81911548911366,17.41888790715934],[97.98571480690816,17.875350401562105],[97.72198436355617,18.510913000614675],[96.56610643470073,18.29523414621117],[95.66685657719543,17.84579375429125],[94.72869888590303,15.937594799385282],[94.6232590400559,15.117517418335689],[94.49661859090914,14.926426437521105],[94.54506027161723,14.913366290484081],[94.86044384999127,14.841914937030904],[95.17855003491674,14.783285989197967],[95.49883877930158,14.737580540560781],[95.82076705953637,14.704877392767882],[96.14378961177857,14.685232925897765],[96.4673596749144,14.678681005370398],[96.79092973805024,14.685232925897765],[97.11395229029245,14.704877392767878],[97.43588057052723,14.737580540560781],[97.75616931491209,14.783285989197967],[98.07427549983755,14.841914937030904],[98.3896590782116,14.913366290484078],[98.61474292717025,14.974050150335549],[98.61235537093961,14.917580686824653],[98.9018914676402,12.76950733876528],[98.8274432498968,11.782777361734777],[98.41164684379412,11.12315949493045],[98.07818860034848,11.204798886764936],[97.66837722202027,11.286327902950767],[97.25517274294312,11.349916927500594],[96.8394146337658,11.39543301155452],[96.42194989080218,11.422780867958128],[96.00363056258458,11.431903194281443],[95.58531123436701,11.422780867958126],[95.1678464914034,11.395433011554518],[94.75208838222608,11.349916927500594],[94.3388839031489,11.286327902950765],[93.9290725248207,11.204798886764937],[93.92172679938243,11.203000459018282],[93.43797039082543,12.218634129214678],[93.24751261609667,12.902454230237415],[92.39941096126451,10.49480080709514],[91.22218666672367,10.890979912857315],[90.84025578544608,11.018501609103872],[92.3144979771127,15.243386794724673],[92.33759960204054,15.301311347586328],[92.3652238039631,15.35735012711719],[92.54798268342437,15.693694516693053],[92.6167982955147,15.658635104987102],[95.00956794642205,14.425160636504526],[95.09756255538524,14.58390517692796],[93.48611006522371,15.417776048409687],[92.63482914167678,15.853184178222826],[92.72947075533993,16.026735801542237],[92.40346367447312,16.279740351556864],[91.78555000422628,17.432782555068663],[91.79363618360266,18.3213465640545],[92.17180539685452,19.172146091203548],[92.56226948404489,19.908327925356236],[92.78486114303723,20.97756816947944],[93.56556141805602,22.695702605222348],[94.24499385849717,24.52447849614756],[94.83460410992333,25.194428127502718],[95.414717127277,25.729436498151667],[96.07574550905481,25.85504125246003],[96.86081638050848,27.479166774673537],[97.47402026557964,27.689469534328495],[97.53302472824045,26.77067166333155]]],[[[104.14615613931213,21.010922538986367],[104.14116383168184,21.012155509134665],[103.89048581215827,21.074066460501843],[103.6911956713281,21.27825054785631],[103.3202101932995,21.155773195364063],[102.77447631257807,21.43563369386535],[102.20191516111339,21.665549987835792],[101.89791667656976,21.712650774538517],[101.5257422986901,22.105353320808],[102.07609501130989,22.34290408943628],[102.75818156165732,22.358387294498147],[102.91144995789641,22.590852965185327],[103.36860825768147,22.594900352928757],[103.95379555195547,22.900505679135385],[104.1681067041011,22.906379307520442],[104.19855056618621,22.6307877970016],[104.20343155009508,22.553144328424953],[104.21978279068328,22.396670433818223],[104.21950938842548,22.2353929544139],[104.22315163527466,22.005201749536436],[104.21888465332135,21.8668674576499],[104.21858824491422,21.692018862188746],[104.19987064628859,21.516012828716224],[104.18935268926707,21.3799901438045],[104.16135159343156,21.15380900962143],[104.14615613931213,21.010922538986367]]],[[[96.52213100948642,28.16385679537693],[96.17643415547333,28.262489737067003],[96.37648623660466,29.06596665258249],[96.4673596749144,29.067806824963004],[96.82543995131392,29.060555757468567],[97.03681226783986,29.047695549259167],[96.87489549636642,28.715510163786345],[96.52213100948642,28.16385679537693]]]]}}]}
